job_id,job_title,company,location,job_description,experience,education,salary,job_type,extracted_skills,skill_count
100001,Supply Chain Coordinator,Orbital Systems,"Mumbai, Maharashtra, India",We are looking for a motivated Supply Chain Coordinator to join our growing team. Responsibilities include: communicate with logistics partners to ensure timely deliveries; coordinate inventory management and shipment tracking across warehouses; support demand planning to optimize stock levels. Requirements: experience with vendor management and procurement; experience in logistics coordination and inventory management. We offer a collaborative environment and opportunities for professional growth.,Junior (1-3 years),Master's Degree,"USD 110,000-160,000",Part-time,[],0
100002,Backend Software Engineer,Vertex Financial Services,"San Francisco, CA, USA","Join us as a Backend Software Engineer and help drive our team's success. Responsibilities include: develop and maintain microservices deployed on Kubernetes; set up CI/CD pipelines to automate testing and deployment; write clean, testable code and participate in code reviews using Git. Requirements: experience working with AWS cloud services; solid experience with Java and Spring Boot. This role offers competitive benefits and a flexible work culture.",Entry level (0-1 years),Master's Degree,"EUR 55,000-90,000",Full-time,"['Java', 'AWS', 'Kubernetes', 'Git', 'CI/CD', 'Spring Boot']",6
100003,UX/UI Designer,Lumen Insurance,"Seattle, WA, USA",We are looking for a motivated UX/UI Designer to join our growing team. Responsibilities include: collaborate with product and engineering teams on interaction design; conduct user research and usability testing to inform design decisions; create wireframes and interactive prototypes using Figma. Requirements: experience conducting user research and usability testing; understanding of accessibility and visual design principles. We value continuous learning and provide support for career development.,Junior (1-3 years),"Master's Degree in Data Science, Statistics, or related field","USD 75,000-110,000",Full-time,['Figma'],1
100004,Data Scientist,Falconview Aerospace,"Toronto, Canada","We are seeking a talented Data Scientist who is passionate about delivering results. Responsibilities include: create dashboards and visualizations to communicate findings to stakeholders; design and evaluate A/B tests to measure product impact; collaborate with engineering teams to productionize models using TensorFlow or PyTorch. Requirements: hands-on experience with pandas, scikit-learn, and statistical modeling techniques; familiarity with deep learning frameworks such as TensorFlow or PyTorch. We offer a collaborative environment and opportunities for professional growth.",Senior (5-8 years),Bachelor's Degree,"GBP 45,000-75,000",Full-time,"['TensorFlow', 'PyTorch', 'Pandas', 'Scikit-learn', 'Deep Learning']",5
100005,Data Scientist,Amber Foods Co,"San Francisco, CA, USA",Join us as a Data Scientist and help drive our team's success. Responsibilities include: design and evaluate A/B tests to measure product impact; collaborate with engineering teams to productionize models using TensorFlow or PyTorch; create dashboards and visualizations to communicate findings to stakeholders. Requirements: familiarity with deep learning frameworks such as TensorFlow or PyTorch; strong proficiency in Python and SQL. We value continuous learning and provide support for career development.,Entry level (0-1 years),Master's Degree,"USD 75,000-110,000",Part-time,"['Python', 'SQL', 'TensorFlow', 'PyTorch', 'Deep Learning']",5
100006,Human Resources Business Partner,Vertex Financial Services,Remote,Our company is hiring an experienced Human Resources Business Partner to support key initiatives. Responsibilities include: ensure labor law compliance across all HR processes; manage the employee onboarding process end to end; partner with department leaders on talent acquisition and workforce planning. Requirements: understanding of labor law compliance requirements; working knowledge of HRIS systems and performance management processes. We value continuous learning and provide support for career development.,Executive (12+ years),Bachelor's Degree,"EUR 35,000-55,000",Full-time,[],0
100007,Supply Chain Coordinator,Quartz Data Systems,"Amsterdam, Netherlands",We are looking for a motivated Supply Chain Coordinator to join our growing team. Responsibilities include: support demand planning to optimize stock levels; identify opportunities for process improvement and cost analysis; work with SAP to manage procurement and vendor management processes. Requirements: experience in logistics coordination and inventory management; experience with vendor management and procurement. We value continuous learning and provide support for career development.,Mid level (3-5 years),High School Diploma,"USD 160,000-220,000",Full-time,['SAP'],1
100008,DevOps Engineer,Crestview Realty,"Vancouver, Canada",We are seeking a talented DevOps Engineer who is passionate about delivering results. Responsibilities include: build and maintain CI/CD pipelines with Jenkins; set up monitoring and alerting to ensure system reliability; containerize applications using Docker and orchestrate them with Kubernetes. Requirements: experience building CI/CD pipelines and automation scripts in Python; familiarity with monitoring and logging tools. This is a great opportunity to make an impact in a fast-paced environment.,Executive (12+ years),Diploma or equivalent professional certification,"USD 110,000-160,000",Full-time,"['Python', 'Kubernetes', 'Docker', 'CI/CD']",4
100009,Business Analyst,Cascade Cloud Inc,"Boston, MA, USA",We are looking for a motivated Business Analyst to join our growing team. Responsibilities include: gather and document business requirements from stakeholders; analyze data using SQL and Excel to identify process improvements; create process maps to visualize current and future state workflows. Requirements: strong SQL and Excel skills for data analysis; familiarity with Agile delivery and documentation practices. This is a great opportunity to make an impact in a fast-paced environment.,Junior (1-3 years),Diploma or equivalent professional certification,"USD 75,000-110,000",Full-time,"['SQL', 'Excel', 'Agile']",3
100010,Business Analyst,Fernwood Digital,"London, United Kingdom",We are looking for a motivated Business Analyst to join our growing team. Responsibilities include: gather and document business requirements from stakeholders; create process maps to visualize current and future state workflows; build reports and dashboards in Power BI to support decision-making. Requirements: familiarity with Agile delivery and documentation practices; experience in requirements gathering and process mapping. We value continuous learning and provide support for career development.,Senior (5-8 years),Master's Degree in Business Administration (MBA),"GBP 45,000-75,000",Full-time,"['Power BI', 'Agile']",2
100011,Financial Analyst,Meridian Health Solutions,"Toronto, Canada",Our company is hiring an experienced Financial Analyst to support key initiatives. Responsibilities include: ensure reporting complies with GAAP standards; build financial models to support budgeting and forecasting; use SQL to extract and analyze financial data from internal systems. Requirements: familiarity with SQL and Power BI for financial reporting; understanding of GAAP and risk analysis principles. This role offers competitive benefits and a flexible work culture.,Executive (12+ years),Master's Degree in Business Administration (MBA),"GBP 45,000-75,000",Full-time,"['SQL', 'Power BI']",2
100012,Frontend Developer,Ironwood Manufacturing,"Delhi, India","We are seeking a talented Frontend Developer who is passionate about delivering results. Responsibilities include: write unit tests with Jest to ensure code reliability; build responsive, accessible user interfaces using React and TypeScript; optimize bundle size and performance using Webpack. Requirements: familiarity with responsive design principles across devices; hands-on experience with React and modern frontend tooling. This role offers competitive benefits and a flexible work culture.",Lead (8-12 years),High School Diploma,"EUR 35,000-55,000",Full-time,['React'],1
100013,Data Scientist,Northgate Logistics,Singapore,"Our company is hiring an experienced Data Scientist to support key initiatives. Responsibilities include: analyze large datasets using Python and SQL to extract actionable insights; collaborate with engineering teams to productionize models using TensorFlow or PyTorch; design and evaluate A/B tests to measure product impact. Requirements: hands-on experience with pandas, scikit-learn, and statistical modeling techniques; experience with data visualization tools like Tableau or Power BI. This is a great opportunity to make an impact in a fast-paced environment.",Entry level (0-1 years),Diploma or equivalent professional certification,"USD 75,000-110,000",Internship,"['Python', 'SQL', 'Power BI', 'Tableau', 'TensorFlow', 'PyTorch', 'Pandas', 'Scikit-learn']",8
100014,DevOps Engineer,Nova Payments Inc,"Amsterdam, Netherlands",Join us as a DevOps Engineer and help drive our team's success. Responsibilities include: containerize applications using Docker and orchestrate them with Kubernetes; automate configuration management with Ansible; set up monitoring and alerting to ensure system reliability. Requirements: familiarity with monitoring and logging tools; strong experience with AWS and infrastructure-as-code tools like Terraform. This role offers competitive benefits and a flexible work culture.,Executive (12+ years),Master's Degree,"INR 400,000-800,000",Part-time,"['AWS', 'Kubernetes', 'Docker']",3
100015,DevOps Engineer,Fernwood Digital,"Seattle, WA, USA",Our company is hiring an experienced DevOps Engineer to support key initiatives. Responsibilities include: manage cloud infrastructure on AWS using Terraform; set up monitoring and alerting to ensure system reliability; containerize applications using Docker and orchestrate them with Kubernetes. Requirements: strong experience with AWS and infrastructure-as-code tools like Terraform; familiarity with monitoring and logging tools. We offer a collaborative environment and opportunities for professional growth.,Lead (8-12 years),Master's Degree,"EUR 35,000-55,000",Full-time,"['AWS', 'Kubernetes', 'Docker']",3
100016,Data Scientist,Granite Construction Group,"Seattle, WA, USA",Join us as a Data Scientist and help drive our team's success. Responsibilities include: analyze large datasets using Python and SQL to extract actionable insights; create dashboards and visualizations to communicate findings to stakeholders; design and evaluate A/B tests to measure product impact. Requirements: experience with data visualization tools like Tableau or Power BI; strong proficiency in Python and SQL. This is a great opportunity to make an impact in a fast-paced environment.,Junior (1-3 years),Master's Degree in Business Administration (MBA),"EUR 55,000-90,000",Full-time,"['Python', 'SQL', 'Power BI', 'Tableau']",4
100017,Financial Analyst,Vertex Financial Services,"Hyderabad, Telangana, India",Join us as a Financial Analyst and help drive our team's success. Responsibilities include: create dashboards in Power BI to track key financial metrics; build financial models to support budgeting and forecasting; use SQL to extract and analyze financial data from internal systems. Requirements: advanced Excel skills including financial modeling; understanding of GAAP and risk analysis principles. This is a great opportunity to make an impact in a fast-paced environment.,Senior (5-8 years),"Master's Degree in Data Science, Statistics, or related field","INR 1,600,000-2,800,000",Full-time,"['SQL', 'Power BI', 'Excel']",3
100018,UX/UI Designer,Prism Media Group,"Hyderabad, Telangana, India",Join us as a UX/UI Designer and help drive our team's success. Responsibilities include: create wireframes and interactive prototypes using Figma; build and maintain a consistent design system across products; ensure designs meet accessibility standards. Requirements: proficiency in Figma or Adobe XD; strong portfolio demonstrating wireframing and prototyping skills. This is a great opportunity to make an impact in a fast-paced environment.,Junior (1-3 years),Diploma or equivalent professional certification,"USD 110,000-160,000",Full-time,['Figma'],1
100019,Customer Support Specialist,Orbital Systems,"Bengaluru, Karnataka, India",Our company is hiring an experienced Customer Support Specialist to support key initiatives. Responsibilities include: troubleshoot product issues and escalate complex cases when needed; build strong product knowledge to resolve issues efficiently; handle escalation management for high-priority customer concerns. Requirements: experience using CRM software to track customer interactions; prior experience in customer service or technical support. This is a great opportunity to make an impact in a fast-paced environment.,Lead (8-12 years),High School Diploma,"USD 75,000-110,000",Full-time,[],0
100020,Data Scientist,Meridian Health Solutions,"London, United Kingdom","We are seeking a talented Data Scientist who is passionate about delivering results. Responsibilities include: collaborate with engineering teams to productionize models using TensorFlow or PyTorch; create dashboards and visualizations to communicate findings to stakeholders; build and deploy machine learning models to solve business problems. Requirements: hands-on experience with pandas, scikit-learn, and statistical modeling techniques; experience with data visualization tools like Tableau or Power BI. This role offers competitive benefits and a flexible work culture.",Senior (5-8 years),Master's Degree in Business Administration (MBA),"GBP 28,000-45,000",Full-time,"['Power BI', 'Tableau', 'TensorFlow', 'PyTorch', 'Pandas', 'Scikit-learn', 'Machine Learning']",7
100021,Data Scientist,Pinecrest Energy,"Amsterdam, Netherlands",Join us as a Data Scientist and help drive our team's success. Responsibilities include: create dashboards and visualizations to communicate findings to stakeholders; analyze large datasets using Python and SQL to extract actionable insights; build and deploy machine learning models to solve business problems. Requirements: strong proficiency in Python and SQL; experience with data visualization tools like Tableau or Power BI. We offer a collaborative environment and opportunities for professional growth.,Mid level (3-5 years),High School Diploma,"USD 45,000-75,000",Full-time,"['Python', 'SQL', 'Power BI', 'Tableau', 'Machine Learning']",5
100022,Business Analyst,Fernwood Digital,Remote,Our company is hiring an experienced Business Analyst to support key initiatives. Responsibilities include: work closely with Agile teams to translate requirements into user stories; gather and document business requirements from stakeholders; create process maps to visualize current and future state workflows. Requirements: experience in requirements gathering and process mapping; strong SQL and Excel skills for data analysis. We value continuous learning and provide support for career development.,Senior (5-8 years),Bachelor's Degree,"EUR 35,000-55,000",Contract,"['SQL', 'Excel', 'Agile']",3
100023,Digital Marketing Specialist,Vertex Financial Services,Remote,Our company is hiring an experienced Digital Marketing Specialist to support key initiatives. Responsibilities include: analyze campaign performance using Google Analytics; create engaging content for email marketing and social media channels; manage paid advertising campaigns across Google Ads and social media. Requirements: proven experience with SEO and Google Analytics; familiarity with marketing automation tools such as HubSpot. This is a great opportunity to make an impact in a fast-paced environment.,Junior (1-3 years),Master's Degree in Business Administration (MBA),"INR 1,600,000-2,800,000",Part-time,[],0
100024,Business Analyst,Pinecrest Energy,"Hyderabad, Telangana, India",We are seeking a talented Business Analyst who is passionate about delivering results. Responsibilities include: gather and document business requirements from stakeholders; analyze data using SQL and Excel to identify process improvements; build reports and dashboards in Power BI to support decision-making. Requirements: familiarity with Agile delivery and documentation practices; experience in requirements gathering and process mapping. This is a great opportunity to make an impact in a fast-paced environment.,Junior (1-3 years),Master's Degree in Business Administration (MBA),"USD 110,000-160,000",Full-time,"['SQL', 'Power BI', 'Excel', 'Agile']",4
100025,Customer Support Specialist,Quartz Data Systems,"Chicago, IL, USA","We are seeking a talented Customer Support Specialist who is passionate about delivering results. Responsibilities include: respond to customer inquiries via email, live chat, and ticketing systems like Zendesk; troubleshoot product issues and escalate complex cases when needed; build strong product knowledge to resolve issues efficiently. Requirements: prior experience in customer service or technical support; experience using CRM software to track customer interactions. This role offers competitive benefits and a flexible work culture.",Executive (12+ years),High School Diploma,"EUR 55,000-90,000",Full-time,[],0
100026,Digital Marketing Specialist,Harbor & Co,"Dubai, UAE",We are seeking a talented Digital Marketing Specialist who is passionate about delivering results. Responsibilities include: run A/B tests to optimize conversion rates on landing pages; create engaging content for email marketing and social media channels; manage paid advertising campaigns across Google Ads and social media. Requirements: proven experience with SEO and Google Analytics; familiarity with marketing automation tools such as HubSpot. This is a great opportunity to make an impact in a fast-paced environment.,Mid level (3-5 years),Master's Degree,"EUR 55,000-90,000",Full-time,[],0
100027,Digital Marketing Specialist,BluePeak Technologies,"Mumbai, Maharashtra, India",Join us as a Digital Marketing Specialist and help drive our team's success. Responsibilities include: run A/B tests to optimize conversion rates on landing pages; create engaging content for email marketing and social media channels; analyze campaign performance using Google Analytics. Requirements: proven experience with SEO and Google Analytics; familiarity with marketing automation tools such as HubSpot. We offer a collaborative environment and opportunities for professional growth.,Junior (1-3 years),Master's Degree in Business Administration (MBA),"USD 110,000-160,000",Full-time,[],0
100028,UX/UI Designer,Willowbrook Hospitality,"Chennai, Tamil Nadu, India",Our company is hiring an experienced UX/UI Designer to support key initiatives. Responsibilities include: conduct user research and usability testing to inform design decisions; build and maintain a consistent design system across products; create wireframes and interactive prototypes using Figma. Requirements: strong portfolio demonstrating wireframing and prototyping skills; proficiency in Figma or Adobe XD. This role offers competitive benefits and a flexible work culture.,Mid level (3-5 years),Bachelor's Degree in Computer Science or related field,"INR 1,600,000-2,800,000",Full-time,['Figma'],1
100029,Supply Chain Coordinator,Northgate Logistics,Remote,Our company is hiring an experienced Supply Chain Coordinator to support key initiatives. Responsibilities include: work with SAP to manage procurement and vendor management processes; communicate with logistics partners to ensure timely deliveries; coordinate inventory management and shipment tracking across warehouses. Requirements: experience with vendor management and procurement; experience in logistics coordination and inventory management. This role offers competitive benefits and a flexible work culture.,Lead (8-12 years),PhD or equivalent research experience,"EUR 35,000-55,000",Full-time,['SAP'],1
100030,UX/UI Designer,Nova Payments Inc,"Seattle, WA, USA",Our company is hiring an experienced UX/UI Designer to support key initiatives. Responsibilities include: conduct user research and usability testing to inform design decisions; collaborate with product and engineering teams on interaction design; ensure designs meet accessibility standards. Requirements: understanding of accessibility and visual design principles; strong portfolio demonstrating wireframing and prototyping skills. This role offers competitive benefits and a flexible work culture.,Senior (5-8 years),Master's Degree,"INR 400,000-800,000",Contract,[],0
100031,Product Manager,Ironwood Manufacturing,"Chicago, IL, USA",Our company is hiring an experienced Product Manager to support key initiatives. Responsibilities include: analyze product data to inform strategic decisions; run A/B tests to validate product hypotheses; work with engineering and design teams in an Agile environment using Jira. Requirements: experience owning product strategy and roadmap planning; familiarity with Agile methodologies and tools like Jira. We value continuous learning and provide support for career development.,Junior (1-3 years),Master's Degree,"USD 45,000-75,000",Contract,"['Jira', 'Agile']",2
100032,Supply Chain Coordinator,Anchor Bank Corp,"London, United Kingdom",We are looking for a motivated Supply Chain Coordinator to join our growing team. Responsibilities include: support demand planning to optimize stock levels; work with SAP to manage procurement and vendor management processes; communicate with logistics partners to ensure timely deliveries. Requirements: strong Excel skills for demand planning and cost analysis; experience in logistics coordination and inventory management. We offer a collaborative environment and opportunities for professional growth.,Lead (8-12 years),"Master's Degree in Data Science, Statistics, or related field","USD 45,000-75,000",Full-time,"['Excel', 'SAP']",2
100033,Business Analyst,Lumen Insurance,"Boston, MA, USA",We are looking for a motivated Business Analyst to join our growing team. Responsibilities include: build reports and dashboards in Power BI to support decision-making; analyze data using SQL and Excel to identify process improvements; work closely with Agile teams to translate requirements into user stories. Requirements: experience in requirements gathering and process mapping; familiarity with Agile delivery and documentation practices. This is a great opportunity to make an impact in a fast-paced environment.,Mid level (3-5 years),PhD or equivalent research experience,"EUR 35,000-55,000",Part-time,"['SQL', 'Power BI', 'Excel', 'Agile']",4
100034,Data Scientist,Anchor Bank Corp,"Amsterdam, Netherlands",Join us as a Data Scientist and help drive our team's success. Responsibilities include: build and deploy machine learning models to solve business problems; design and evaluate A/B tests to measure product impact; collaborate with engineering teams to productionize models using TensorFlow or PyTorch. Requirements: familiarity with deep learning frameworks such as TensorFlow or PyTorch; experience with data visualization tools like Tableau or Power BI. We offer a collaborative environment and opportunities for professional growth.,Executive (12+ years),Master's Degree,"INR 800,000-1,600,000",Full-time,"['Power BI', 'Tableau', 'TensorFlow', 'PyTorch', 'Machine Learning', 'Deep Learning']",6
100035,UX/UI Designer,Willowbrook Hospitality,"Chicago, IL, USA",Join us as a UX/UI Designer and help drive our team's success. Responsibilities include: build and maintain a consistent design system across products; create wireframes and interactive prototypes using Figma; conduct user research and usability testing to inform design decisions. Requirements: understanding of accessibility and visual design principles; experience conducting user research and usability testing. This is a great opportunity to make an impact in a fast-paced environment.,Executive (12+ years),PhD or equivalent research experience,"INR 800,000-1,600,000",Full-time,['Figma'],1
100036,Supply Chain Coordinator,Falconview Aerospace,"Delhi, India",We are looking for a motivated Supply Chain Coordinator to join our growing team. Responsibilities include: support demand planning to optimize stock levels; communicate with logistics partners to ensure timely deliveries; coordinate inventory management and shipment tracking across warehouses. Requirements: experience with vendor management and procurement; strong Excel skills for demand planning and cost analysis. We value continuous learning and provide support for career development.,Mid level (3-5 years),PhD or equivalent research experience,"GBP 45,000-75,000",Full-time,['Excel'],1
100037,Product Manager,Silverline Consulting,"Toronto, Canada",We are looking for a motivated Product Manager to join our growing team. Responsibilities include: run A/B tests to validate product hypotheses; communicate product strategy to stakeholders across the organization; own the product roadmap and prioritize features based on user research. Requirements: familiarity with Agile methodologies and tools like Jira; strong data analysis and prioritization skills. We value continuous learning and provide support for career development.,Lead (8-12 years),Diploma or equivalent professional certification,"USD 110,000-160,000",Full-time,"['Jira', 'Agile']",2
100038,DevOps Engineer,Bramble Retailers,"New York, NY, USA","We are looking for a motivated DevOps Engineer to join our growing team. Responsibilities include: automate configuration management with Ansible; set up monitoring and alerting to ensure system reliability; containerize applications using Docker and orchestrate them with Kubernetes. Requirements: hands-on knowledge of Docker, Kubernetes, and Linux administration; experience building CI/CD pipelines and automation scripts in Python. This is a great opportunity to make an impact in a fast-paced environment.",Entry level (0-1 years),Master's Degree,"GBP 28,000-45,000",Full-time,"['Python', 'Kubernetes', 'Docker', 'CI/CD']",4
100039,Product Manager,Cascade Cloud Inc,"San Francisco, CA, USA",Join us as a Product Manager and help drive our team's success. Responsibilities include: work with engineering and design teams in an Agile environment using Jira; communicate product strategy to stakeholders across the organization; run A/B tests to validate product hypotheses. Requirements: excellent stakeholder management and cross-functional leadership abilities; experience owning product strategy and roadmap planning. This role offers competitive benefits and a flexible work culture.,Executive (12+ years),High School Diploma,"USD 75,000-110,000",Full-time,"['Jira', 'Agile']",2
100040,Backend Software Engineer,Silverline Consulting,"Chennai, Tamil Nadu, India",Join us as a Backend Software Engineer and help drive our team's success. Responsibilities include: optimize PostgreSQL queries for performance at scale; set up CI/CD pipelines to automate testing and deployment; design and build scalable REST APIs using Java and Spring Boot. Requirements: understanding of CI/CD pipelines and version control with Git; practical knowledge of Docker and Kubernetes for containerized deployments. We value continuous learning and provide support for career development.,Executive (12+ years),"Master's Degree in Data Science, Statistics, or related field","GBP 28,000-45,000",Contract,"['SQL', 'Java', 'Kubernetes', 'Docker', 'Git', 'CI/CD', 'Spring Boot']",7
100041,DevOps Engineer,Solstice Pharma,"Sydney, Australia",Our company is hiring an experienced DevOps Engineer to support key initiatives. Responsibilities include: containerize applications using Docker and orchestrate them with Kubernetes; automate configuration management with Ansible; manage cloud infrastructure on AWS using Terraform. Requirements: experience building CI/CD pipelines and automation scripts in Python; strong experience with AWS and infrastructure-as-code tools like Terraform. We value continuous learning and provide support for career development.,Lead (8-12 years),Diploma or equivalent professional certification,"EUR 55,000-90,000",Full-time,"['Python', 'AWS', 'Kubernetes', 'Docker', 'CI/CD']",5
100042,Human Resources Business Partner,Prism Media Group,"Amsterdam, Netherlands",Our company is hiring an experienced Human Resources Business Partner to support key initiatives. Responsibilities include: manage the employee onboarding process end to end; partner with department leaders on talent acquisition and workforce planning; ensure labor law compliance across all HR processes. Requirements: understanding of labor law compliance requirements; working knowledge of HRIS systems and performance management processes. This is a great opportunity to make an impact in a fast-paced environment.,Junior (1-3 years),Master's Degree,"INR 1,600,000-2,800,000",Full-time,[],0
100043,Financial Analyst,BluePeak Technologies,"New York, NY, USA","Join us as a Financial Analyst and help drive our team's success. Responsibilities include: create dashboards in Power BI to track key financial metrics; build financial models to support budgeting and forecasting; prepare monthly financial reporting and variance analysis. Requirements: familiarity with SQL and Power BI for financial reporting; experience with forecasting, budgeting, and variance analysis. This is a great opportunity to make an impact in a fast-paced environment.",Senior (5-8 years),High School Diploma,"EUR 35,000-55,000",Contract,"['SQL', 'Power BI']",2
100044,Customer Support Specialist,Falconview Aerospace,"Amsterdam, Netherlands","We are seeking a talented Customer Support Specialist who is passionate about delivering results. Responsibilities include: build strong product knowledge to resolve issues efficiently; handle escalation management for high-priority customer concerns; respond to customer inquiries via email, live chat, and ticketing systems like Zendesk. Requirements: experience using CRM software to track customer interactions; familiarity with ticketing systems such as Zendesk. This is a great opportunity to make an impact in a fast-paced environment.",Junior (1-3 years),Diploma or equivalent professional certification,"USD 160,000-220,000",Contract,[],0
100045,UX/UI Designer,Meridian Health Solutions,"Toronto, Canada",We are looking for a motivated UX/UI Designer to join our growing team. Responsibilities include: conduct user research and usability testing to inform design decisions; collaborate with product and engineering teams on interaction design; ensure designs meet accessibility standards. Requirements: understanding of accessibility and visual design principles; strong portfolio demonstrating wireframing and prototyping skills. We offer a collaborative environment and opportunities for professional growth.,Lead (8-12 years),High School Diploma,"INR 1,600,000-2,800,000",Internship,[],0
100046,Digital Marketing Specialist,Cascade Cloud Inc,"Seattle, WA, USA",We are seeking a talented Digital Marketing Specialist who is passionate about delivering results. Responsibilities include: create engaging content for email marketing and social media channels; analyze campaign performance using Google Analytics; plan and execute SEO strategies to improve organic search rankings. Requirements: familiarity with marketing automation tools such as HubSpot; proven experience with SEO and Google Analytics. We offer a collaborative environment and opportunities for professional growth.,Mid level (3-5 years),"Master's Degree in Data Science, Statistics, or related field","INR 1,600,000-2,800,000",Full-time,[],0
100047,Human Resources Business Partner,Northgate Logistics,"Sydney, Australia",Our company is hiring an experienced Human Resources Business Partner to support key initiatives. Responsibilities include: manage the employee onboarding process end to end; partner with department leaders on talent acquisition and workforce planning; handle employee relations issues and conflict resolution. Requirements: working knowledge of HRIS systems and performance management processes; experience in talent acquisition and employee relations. This role offers competitive benefits and a flexible work culture.,Executive (12+ years),High School Diploma,"USD 45,000-75,000",Full-time,[],0
100048,Product Manager,Amber Foods Co,"Hyderabad, Telangana, India",We are seeking a talented Product Manager who is passionate about delivering results. Responsibilities include: work with engineering and design teams in an Agile environment using Jira; own the product roadmap and prioritize features based on user research; analyze product data to inform strategic decisions. Requirements: strong data analysis and prioritization skills; experience owning product strategy and roadmap planning. We offer a collaborative environment and opportunities for professional growth.,Junior (1-3 years),Diploma or equivalent professional certification,"INR 400,000-800,000",Full-time,"['Jira', 'Agile']",2
100049,Digital Marketing Specialist,Pinecrest Energy,Remote,We are looking for a motivated Digital Marketing Specialist to join our growing team. Responsibilities include: run A/B tests to optimize conversion rates on landing pages; manage paid advertising campaigns across Google Ads and social media; plan and execute SEO strategies to improve organic search rankings. Requirements: strong copywriting skills for content and email marketing; familiarity with marketing automation tools such as HubSpot. We offer a collaborative environment and opportunities for professional growth.,Senior (5-8 years),PhD or equivalent research experience,"USD 160,000-220,000",Internship,[],0
100050,Business Analyst,Bramble Retailers,"Bengaluru, Karnataka, India",We are seeking a talented Business Analyst who is passionate about delivering results. Responsibilities include: gather and document business requirements from stakeholders; build reports and dashboards in Power BI to support decision-making; analyze data using SQL and Excel to identify process improvements. Requirements: experience in requirements gathering and process mapping; strong SQL and Excel skills for data analysis. We value continuous learning and provide support for career development.,Senior (5-8 years),"Master's Degree in Data Science, Statistics, or related field","USD 75,000-110,000",Full-time,"['SQL', 'Power BI', 'Excel']",3
100051,Supply Chain Coordinator,Willowbrook Hospitality,"Toronto, Canada",We are seeking a talented Supply Chain Coordinator who is passionate about delivering results. Responsibilities include: communicate with logistics partners to ensure timely deliveries; identify opportunities for process improvement and cost analysis; work with SAP to manage procurement and vendor management processes. Requirements: experience with vendor management and procurement; strong Excel skills for demand planning and cost analysis. We value continuous learning and provide support for career development.,Senior (5-8 years),Bachelor's Degree in Computer Science or related field,"GBP 45,000-75,000",Part-time,"['Excel', 'SAP']",2
100052,Human Resources Business Partner,Granite Construction Group,"San Francisco, CA, USA",Our company is hiring an experienced Human Resources Business Partner to support key initiatives. Responsibilities include: support performance management cycles and compensation planning; ensure labor law compliance across all HR processes; manage the employee onboarding process end to end. Requirements: experience in talent acquisition and employee relations; working knowledge of HRIS systems and performance management processes. We value continuous learning and provide support for career development.,Entry level (0-1 years),Master's Degree in Business Administration (MBA),"GBP 28,000-45,000",Contract,[],0
100053,Frontend Developer,Redwood Robotics,"New York, NY, USA","We are seeking a talented Frontend Developer who is passionate about delivering results. Responsibilities include: optimize bundle size and performance using Webpack; build responsive, accessible user interfaces using React and TypeScript; manage application state using Redux. Requirements: hands-on experience with React and modern frontend tooling; strong command of JavaScript, HTML, and CSS. This role offers competitive benefits and a flexible work culture.",Mid level (3-5 years),"Master's Degree in Data Science, Statistics, or related field","INR 400,000-800,000",Full-time,"['JavaScript', 'React']",2
100054,UX/UI Designer,Lumen Insurance,"Vancouver, Canada",Join us as a UX/UI Designer and help drive our team's success. Responsibilities include: collaborate with product and engineering teams on interaction design; conduct user research and usability testing to inform design decisions; ensure designs meet accessibility standards. Requirements: experience conducting user research and usability testing; strong portfolio demonstrating wireframing and prototyping skills. This is a great opportunity to make an impact in a fast-paced environment.,Junior (1-3 years),Diploma or equivalent professional certification,"EUR 55,000-90,000",Full-time,[],0
100055,UX/UI Designer,Northgate Logistics,"Chicago, IL, USA",We are seeking a talented UX/UI Designer who is passionate about delivering results. Responsibilities include: collaborate with product and engineering teams on interaction design; build and maintain a consistent design system across products; create wireframes and interactive prototypes using Figma. Requirements: understanding of accessibility and visual design principles; proficiency in Figma or Adobe XD. We value continuous learning and provide support for career development.,Mid level (3-5 years),Diploma or equivalent professional certification,"GBP 45,000-75,000",Full-time,['Figma'],1
100056,Digital Marketing Specialist,Northgate Logistics,"Hyderabad, Telangana, India",Our company is hiring an experienced Digital Marketing Specialist to support key initiatives. Responsibilities include: manage paid advertising campaigns across Google Ads and social media; run A/B tests to optimize conversion rates on landing pages; analyze campaign performance using Google Analytics. Requirements: familiarity with marketing automation tools such as HubSpot; hands-on experience running PPC advertising campaigns. We value continuous learning and provide support for career development.,Mid level (3-5 years),Bachelor's Degree,"GBP 45,000-75,000",Part-time,[],0
100057,Backend Software Engineer,Solstice Pharma,"New York, NY, USA",We are looking for a motivated Backend Software Engineer to join our growing team. Responsibilities include: optimize PostgreSQL queries for performance at scale; develop and maintain microservices deployed on Kubernetes; set up CI/CD pipelines to automate testing and deployment. Requirements: solid experience with Java and Spring Boot; understanding of CI/CD pipelines and version control with Git. We value continuous learning and provide support for career development.,Mid level (3-5 years),Bachelor's Degree in Computer Science or related field,"INR 400,000-800,000",Full-time,"['SQL', 'Java', 'Kubernetes', 'Git', 'CI/CD', 'Spring Boot']",6
100058,UX/UI Designer,Cobalt Retail Group,"Sydney, Australia",We are seeking a talented UX/UI Designer who is passionate about delivering results. Responsibilities include: collaborate with product and engineering teams on interaction design; ensure designs meet accessibility standards; create wireframes and interactive prototypes using Figma. Requirements: experience conducting user research and usability testing; strong portfolio demonstrating wireframing and prototyping skills. We offer a collaborative environment and opportunities for professional growth.,Senior (5-8 years),Bachelor's Degree,"USD 45,000-75,000",Contract,['Figma'],1
100059,Digital Marketing Specialist,Granite Construction Group,"Vancouver, Canada",We are looking for a motivated Digital Marketing Specialist to join our growing team. Responsibilities include: run A/B tests to optimize conversion rates on landing pages; plan and execute SEO strategies to improve organic search rankings; create engaging content for email marketing and social media channels. Requirements: hands-on experience running PPC advertising campaigns; strong copywriting skills for content and email marketing. We value continuous learning and provide support for career development.,Entry level (0-1 years),PhD or equivalent research experience,"GBP 28,000-45,000",Full-time,[],0
100060,Backend Software Engineer,Northgate Logistics,"Hyderabad, Telangana, India",Join us as a Backend Software Engineer and help drive our team's success. Responsibilities include: set up CI/CD pipelines to automate testing and deployment; optimize PostgreSQL queries for performance at scale; develop and maintain microservices deployed on Kubernetes. Requirements: understanding of CI/CD pipelines and version control with Git; practical knowledge of Docker and Kubernetes for containerized deployments. We offer a collaborative environment and opportunities for professional growth.,Senior (5-8 years),Master's Degree,"GBP 45,000-75,000",Full-time,"['SQL', 'Kubernetes', 'Docker', 'Git', 'CI/CD']",5
100061,Business Analyst,Falconview Aerospace,"Hyderabad, Telangana, India",We are looking for a motivated Business Analyst to join our growing team. Responsibilities include: analyze data using SQL and Excel to identify process improvements; work closely with Agile teams to translate requirements into user stories; gather and document business requirements from stakeholders. Requirements: experience in requirements gathering and process mapping; excellent stakeholder management and problem-solving skills. We offer a collaborative environment and opportunities for professional growth.,Junior (1-3 years),Master's Degree,"INR 400,000-800,000",Internship,"['SQL', 'Excel', 'Agile']",3
100062,Financial Analyst,Silverline Consulting,"Dubai, UAE","We are seeking a talented Financial Analyst who is passionate about delivering results. Responsibilities include: create dashboards in Power BI to track key financial metrics; build financial models to support budgeting and forecasting; use SQL to extract and analyze financial data from internal systems. Requirements: experience with forecasting, budgeting, and variance analysis; understanding of GAAP and risk analysis principles. This role offers competitive benefits and a flexible work culture.",Entry level (0-1 years),Master's Degree,"INR 400,000-800,000",Full-time,"['SQL', 'Power BI']",2
100063,Financial Analyst,Orbital Systems,"Amsterdam, Netherlands","We are looking for a motivated Financial Analyst to join our growing team. Responsibilities include: build financial models to support budgeting and forecasting; prepare monthly financial reporting and variance analysis; create dashboards in Power BI to track key financial metrics. Requirements: familiarity with SQL and Power BI for financial reporting; experience with forecasting, budgeting, and variance analysis. We offer a collaborative environment and opportunities for professional growth.",Junior (1-3 years),Master's Degree in Business Administration (MBA),"USD 110,000-160,000",Full-time,"['SQL', 'Power BI']",2
100064,Product Manager,Quartz Data Systems,"Chicago, IL, USA",We are looking for a motivated Product Manager to join our growing team. Responsibilities include: communicate product strategy to stakeholders across the organization; own the product roadmap and prioritize features based on user research; work with engineering and design teams in an Agile environment using Jira. Requirements: strong data analysis and prioritization skills; excellent stakeholder management and cross-functional leadership abilities. We value continuous learning and provide support for career development.,Mid level (3-5 years),Diploma or equivalent professional certification,"GBP 28,000-45,000",Full-time,"['Jira', 'Agile']",2
100065,Data Scientist,Fernwood Digital,"San Francisco, CA, USA",We are seeking a talented Data Scientist who is passionate about delivering results. Responsibilities include: create dashboards and visualizations to communicate findings to stakeholders; build and deploy machine learning models to solve business problems; collaborate with engineering teams to productionize models using TensorFlow or PyTorch. Requirements: experience with data visualization tools like Tableau or Power BI; familiarity with deep learning frameworks such as TensorFlow or PyTorch. This is a great opportunity to make an impact in a fast-paced environment.,Lead (8-12 years),High School Diploma,"EUR 55,000-90,000",Internship,"['Power BI', 'Tableau', 'TensorFlow', 'PyTorch', 'Machine Learning', 'Deep Learning']",6
100066,Digital Marketing Specialist,Meridian Health Solutions,Singapore,We are seeking a talented Digital Marketing Specialist who is passionate about delivering results. Responsibilities include: create engaging content for email marketing and social media channels; analyze campaign performance using Google Analytics; manage paid advertising campaigns across Google Ads and social media. Requirements: proven experience with SEO and Google Analytics; familiarity with marketing automation tools such as HubSpot. We value continuous learning and provide support for career development.,Senior (5-8 years),Bachelor's Degree,"GBP 28,000-45,000",Full-time,[],0
100067,Financial Analyst,Quartz Data Systems,"Vancouver, Canada","We are looking for a motivated Financial Analyst to join our growing team. Responsibilities include: use SQL to extract and analyze financial data from internal systems; ensure reporting complies with GAAP standards; prepare monthly financial reporting and variance analysis. Requirements: advanced Excel skills including financial modeling; experience with forecasting, budgeting, and variance analysis. We offer a collaborative environment and opportunities for professional growth.",Senior (5-8 years),High School Diploma,"GBP 28,000-45,000",Full-time,"['SQL', 'Excel']",2
100068,Supply Chain Coordinator,Granite Construction Group,"Amsterdam, Netherlands",We are seeking a talented Supply Chain Coordinator who is passionate about delivering results. Responsibilities include: communicate with logistics partners to ensure timely deliveries; identify opportunities for process improvement and cost analysis; support demand planning to optimize stock levels. Requirements: experience with vendor management and procurement; experience in logistics coordination and inventory management. This role offers competitive benefits and a flexible work culture.,Entry level (0-1 years),Master's Degree,"GBP 45,000-75,000",Full-time,[],0
100069,Digital Marketing Specialist,Zenith Marketing House,"Chennai, Tamil Nadu, India",We are looking for a motivated Digital Marketing Specialist to join our growing team. Responsibilities include: run A/B tests to optimize conversion rates on landing pages; manage paid advertising campaigns across Google Ads and social media; analyze campaign performance using Google Analytics. Requirements: hands-on experience running PPC advertising campaigns; familiarity with marketing automation tools such as HubSpot. We offer a collaborative environment and opportunities for professional growth.,Senior (5-8 years),Diploma or equivalent professional certification,"USD 75,000-110,000",Internship,[],0
100070,Customer Support Specialist,Lumen Insurance,"Pune, Maharashtra, India",Our company is hiring an experienced Customer Support Specialist to support key initiatives. Responsibilities include: build strong product knowledge to resolve issues efficiently; maintain accurate records in the CRM software; handle escalation management for high-priority customer concerns. Requirements: strong communication and conflict resolution skills; familiarity with ticketing systems such as Zendesk. This is a great opportunity to make an impact in a fast-paced environment.,Entry level (0-1 years),Diploma or equivalent professional certification,"USD 75,000-110,000",Full-time,[],0
100071,Product Manager,Northgate Logistics,"Toronto, Canada",Our company is hiring an experienced Product Manager to support key initiatives. Responsibilities include: own the product roadmap and prioritize features based on user research; run A/B tests to validate product hypotheses; work with engineering and design teams in an Agile environment using Jira. Requirements: strong data analysis and prioritization skills; excellent stakeholder management and cross-functional leadership abilities. We value continuous learning and provide support for career development.,Senior (5-8 years),Master's Degree,"EUR 35,000-55,000",Full-time,"['Jira', 'Agile']",2
100072,Data Scientist,Harbor & Co,"Chicago, IL, USA",Join us as a Data Scientist and help drive our team's success. Responsibilities include: create dashboards and visualizations to communicate findings to stakeholders; collaborate with engineering teams to productionize models using TensorFlow or PyTorch; analyze large datasets using Python and SQL to extract actionable insights. Requirements: familiarity with deep learning frameworks such as TensorFlow or PyTorch; experience with data visualization tools like Tableau or Power BI. This is a great opportunity to make an impact in a fast-paced environment.,Lead (8-12 years),Diploma or equivalent professional certification,"USD 110,000-160,000",Contract,"['Python', 'SQL', 'Power BI', 'Tableau', 'TensorFlow', 'PyTorch', 'Deep Learning']",7
100073,Product Manager,Nova Payments Inc,"Seattle, WA, USA",Join us as a Product Manager and help drive our team's success. Responsibilities include: work with engineering and design teams in an Agile environment using Jira; analyze product data to inform strategic decisions; own the product roadmap and prioritize features based on user research. Requirements: strong data analysis and prioritization skills; excellent stakeholder management and cross-functional leadership abilities. This is a great opportunity to make an impact in a fast-paced environment.,Executive (12+ years),Master's Degree,"EUR 35,000-55,000",Contract,"['Jira', 'Agile']",2
100074,UX/UI Designer,Nova Payments Inc,"London, United Kingdom",We are looking for a motivated UX/UI Designer to join our growing team. Responsibilities include: create wireframes and interactive prototypes using Figma; build and maintain a consistent design system across products; conduct user research and usability testing to inform design decisions. Requirements: understanding of accessibility and visual design principles; strong portfolio demonstrating wireframing and prototyping skills. This is a great opportunity to make an impact in a fast-paced environment.,Executive (12+ years),Bachelor's Degree in Computer Science or related field,"GBP 28,000-45,000",Full-time,['Figma'],1
100075,Data Scientist,Falconview Aerospace,"Chennai, Tamil Nadu, India",Join us as a Data Scientist and help drive our team's success. Responsibilities include: design and evaluate A/B tests to measure product impact; create dashboards and visualizations to communicate findings to stakeholders; collaborate with engineering teams to productionize models using TensorFlow or PyTorch. Requirements: experience with data visualization tools like Tableau or Power BI; familiarity with deep learning frameworks such as TensorFlow or PyTorch. We offer a collaborative environment and opportunities for professional growth.,Executive (12+ years),Bachelor's Degree in Computer Science or related field,"USD 75,000-110,000",Full-time,"['Power BI', 'Tableau', 'TensorFlow', 'PyTorch', 'Deep Learning']",5
100076,Human Resources Business Partner,Granite Construction Group,Remote,Join us as a Human Resources Business Partner and help drive our team's success. Responsibilities include: ensure labor law compliance across all HR processes; partner with department leaders on talent acquisition and workforce planning; handle employee relations issues and conflict resolution. Requirements: experience in talent acquisition and employee relations; understanding of labor law compliance requirements. We value continuous learning and provide support for career development.,Senior (5-8 years),"Master's Degree in Data Science, Statistics, or related field","EUR 55,000-90,000",Contract,[],0
100077,DevOps Engineer,Falconview Aerospace,"Pune, Maharashtra, India",Our company is hiring an experienced DevOps Engineer to support key initiatives. Responsibilities include: containerize applications using Docker and orchestrate them with Kubernetes; manage cloud infrastructure on AWS using Terraform; automate configuration management with Ansible. Requirements: experience building CI/CD pipelines and automation scripts in Python; strong experience with AWS and infrastructure-as-code tools like Terraform. We value continuous learning and provide support for career development.,Entry level (0-1 years),Bachelor's Degree,"GBP 28,000-45,000",Full-time,"['Python', 'AWS', 'Kubernetes', 'Docker', 'CI/CD']",5
100078,Human Resources Business Partner,Ironwood Manufacturing,"Manchester, United Kingdom",Our company is hiring an experienced Human Resources Business Partner to support key initiatives. Responsibilities include: manage the employee onboarding process end to end; ensure labor law compliance across all HR processes; partner with department leaders on talent acquisition and workforce planning. Requirements: understanding of labor law compliance requirements; strong stakeholder management and communication skills. This role offers competitive benefits and a flexible work culture.,Lead (8-12 years),PhD or equivalent research experience,"EUR 35,000-55,000",Full-time,[],0
100079,Product Manager,Nova Payments Inc,Singapore,We are seeking a talented Product Manager who is passionate about delivering results. Responsibilities include: own the product roadmap and prioritize features based on user research; analyze product data to inform strategic decisions; work with engineering and design teams in an Agile environment using Jira. Requirements: familiarity with Agile methodologies and tools like Jira; experience owning product strategy and roadmap planning. This is a great opportunity to make an impact in a fast-paced environment.,Senior (5-8 years),Master's Degree in Business Administration (MBA),"GBP 28,000-45,000",Full-time,"['Jira', 'Agile']",2
100080,Human Resources Business Partner,Pinecrest Energy,"Chicago, IL, USA",We are seeking a talented Human Resources Business Partner who is passionate about delivering results. Responsibilities include: manage the employee onboarding process end to end; support performance management cycles and compensation planning; ensure labor law compliance across all HR processes. Requirements: experience in talent acquisition and employee relations; understanding of labor law compliance requirements. This is a great opportunity to make an impact in a fast-paced environment.,Senior (5-8 years),Master's Degree in Business Administration (MBA),"GBP 28,000-45,000",Full-time,[],0
100081,Business Analyst,Ironwood Manufacturing,Singapore,Join us as a Business Analyst and help drive our team's success. Responsibilities include: create process maps to visualize current and future state workflows; gather and document business requirements from stakeholders; work closely with Agile teams to translate requirements into user stories. Requirements: experience in requirements gathering and process mapping; familiarity with Agile delivery and documentation practices. This is a great opportunity to make an impact in a fast-paced environment.,Executive (12+ years),Master's Degree in Business Administration (MBA),"USD 45,000-75,000",Full-time,['Agile'],1
100082,Digital Marketing Specialist,Riverside EdTech,"San Francisco, CA, USA",Our company is hiring an experienced Digital Marketing Specialist to support key initiatives. Responsibilities include: run A/B tests to optimize conversion rates on landing pages; analyze campaign performance using Google Analytics; create engaging content for email marketing and social media channels. Requirements: hands-on experience running PPC advertising campaigns; strong copywriting skills for content and email marketing. We offer a collaborative environment and opportunities for professional growth.,Mid level (3-5 years),Master's Degree,"EUR 55,000-90,000",Full-time,[],0
100083,Supply Chain Coordinator,Crestview Realty,"Bengaluru, Karnataka, India",We are seeking a talented Supply Chain Coordinator who is passionate about delivering results. Responsibilities include: work with SAP to manage procurement and vendor management processes; coordinate inventory management and shipment tracking across warehouses; communicate with logistics partners to ensure timely deliveries. Requirements: strong Excel skills for demand planning and cost analysis; experience with vendor management and procurement. This is a great opportunity to make an impact in a fast-paced environment.,Senior (5-8 years),High School Diploma,"EUR 35,000-55,000",Full-time,"['Excel', 'SAP']",2
100084,Frontend Developer,Vertex Financial Services,"Chennai, Tamil Nadu, India","We are seeking a talented Frontend Developer who is passionate about delivering results. Responsibilities include: write unit tests with Jest to ensure code reliability; manage application state using Redux; optimize bundle size and performance using Webpack. Requirements: familiarity with responsive design principles across devices; strong command of JavaScript, HTML, and CSS. This is a great opportunity to make an impact in a fast-paced environment.",Mid level (3-5 years),Master's Degree in Business Administration (MBA),"USD 110,000-160,000",Contract,['JavaScript'],1
100085,Backend Software Engineer,Cobalt Retail Group,"San Francisco, CA, USA",We are seeking a talented Backend Software Engineer who is passionate about delivering results. Responsibilities include: design and build scalable REST APIs using Java and Spring Boot; set up CI/CD pipelines to automate testing and deployment; optimize PostgreSQL queries for performance at scale. Requirements: experience working with AWS cloud services; understanding of CI/CD pipelines and version control with Git. We offer a collaborative environment and opportunities for professional growth.,Executive (12+ years),PhD or equivalent research experience,"GBP 45,000-75,000",Contract,"['SQL', 'Java', 'AWS', 'Git', 'CI/CD', 'Spring Boot']",6
100086,Product Manager,Ironwood Manufacturing,Remote,We are seeking a talented Product Manager who is passionate about delivering results. Responsibilities include: own the product roadmap and prioritize features based on user research; work with engineering and design teams in an Agile environment using Jira; analyze product data to inform strategic decisions. Requirements: experience owning product strategy and roadmap planning; strong data analysis and prioritization skills. We value continuous learning and provide support for career development.,Mid level (3-5 years),PhD or equivalent research experience,"EUR 55,000-90,000",Part-time,"['Jira', 'Agile']",2
100087,Business Analyst,Northgate Logistics,"Sydney, Australia",Join us as a Business Analyst and help drive our team's success. Responsibilities include: gather and document business requirements from stakeholders; analyze data using SQL and Excel to identify process improvements; work closely with Agile teams to translate requirements into user stories. Requirements: experience in requirements gathering and process mapping; strong SQL and Excel skills for data analysis. This is a great opportunity to make an impact in a fast-paced environment.,Senior (5-8 years),Master's Degree in Business Administration (MBA),"EUR 55,000-90,000",Full-time,"['SQL', 'Excel', 'Agile']",3
100088,Backend Software Engineer,Orbital Systems,"San Francisco, CA, USA","We are seeking a talented Backend Software Engineer who is passionate about delivering results. Responsibilities include: optimize PostgreSQL queries for performance at scale; set up CI/CD pipelines to automate testing and deployment; write clean, testable code and participate in code reviews using Git. Requirements: practical knowledge of Docker and Kubernetes for containerized deployments; understanding of CI/CD pipelines and version control with Git. We offer a collaborative environment and opportunities for professional growth.",Junior (1-3 years),PhD or equivalent research experience,"GBP 28,000-45,000",Contract,"['SQL', 'Kubernetes', 'Docker', 'Git', 'CI/CD']",5
100089,Product Manager,Delta Freight Solutions,"Manchester, United Kingdom",Our company is hiring an experienced Product Manager to support key initiatives. Responsibilities include: analyze product data to inform strategic decisions; communicate product strategy to stakeholders across the organization; own the product roadmap and prioritize features based on user research. Requirements: strong data analysis and prioritization skills; experience owning product strategy and roadmap planning. We value continuous learning and provide support for career development.,Mid level (3-5 years),High School Diploma,"INR 800,000-1,600,000",Internship,[],0
100090,Customer Support Specialist,Willowbrook Hospitality,"Sydney, Australia","We are looking for a motivated Customer Support Specialist to join our growing team. Responsibilities include: build strong product knowledge to resolve issues efficiently; respond to customer inquiries via email, live chat, and ticketing systems like Zendesk; maintain accurate records in the CRM software. Requirements: familiarity with ticketing systems such as Zendesk; strong communication and conflict resolution skills. We offer a collaborative environment and opportunities for professional growth.",Senior (5-8 years),Master's Degree in Business Administration (MBA),"USD 160,000-220,000",Full-time,[],0
100091,Data Scientist,Bramble Retailers,"Seattle, WA, USA",Our company is hiring an experienced Data Scientist to support key initiatives. Responsibilities include: create dashboards and visualizations to communicate findings to stakeholders; analyze large datasets using Python and SQL to extract actionable insights; build and deploy machine learning models to solve business problems. Requirements: familiarity with deep learning frameworks such as TensorFlow or PyTorch; strong proficiency in Python and SQL. We offer a collaborative environment and opportunities for professional growth.,Junior (1-3 years),Master's Degree,"USD 75,000-110,000",Full-time,"['Python', 'SQL', 'TensorFlow', 'PyTorch', 'Machine Learning', 'Deep Learning']",6
100092,Digital Marketing Specialist,Granite Construction Group,"Chennai, Tamil Nadu, India",We are looking for a motivated Digital Marketing Specialist to join our growing team. Responsibilities include: plan and execute SEO strategies to improve organic search rankings; manage paid advertising campaigns across Google Ads and social media; run A/B tests to optimize conversion rates on landing pages. Requirements: strong copywriting skills for content and email marketing; proven experience with SEO and Google Analytics. We value continuous learning and provide support for career development.,Lead (8-12 years),Master's Degree in Business Administration (MBA),"USD 110,000-160,000",Temporary,[],0
100093,Data Scientist,Meridian Health Solutions,"Austin, TX, USA",We are looking for a motivated Data Scientist to join our growing team. Responsibilities include: build and deploy machine learning models to solve business problems; collaborate with engineering teams to productionize models using TensorFlow or PyTorch; analyze large datasets using Python and SQL to extract actionable insights. Requirements: familiarity with deep learning frameworks such as TensorFlow or PyTorch; experience with data visualization tools like Tableau or Power BI. We offer a collaborative environment and opportunities for professional growth.,Executive (12+ years),PhD or equivalent research experience,"GBP 45,000-75,000",Full-time,"['Python', 'SQL', 'Power BI', 'Tableau', 'TensorFlow', 'PyTorch', 'Machine Learning', 'Deep Learning']",8
100094,Product Manager,Anchor Bank Corp,"San Francisco, CA, USA",We are looking for a motivated Product Manager to join our growing team. Responsibilities include: own the product roadmap and prioritize features based on user research; analyze product data to inform strategic decisions; work with engineering and design teams in an Agile environment using Jira. Requirements: excellent stakeholder management and cross-functional leadership abilities; strong data analysis and prioritization skills. We offer a collaborative environment and opportunities for professional growth.,Entry level (0-1 years),Master's Degree in Business Administration (MBA),"GBP 28,000-45,000",Internship,"['Jira', 'Agile']",2
100095,Product Manager,Quartz Data Systems,"Toronto, Canada",Our company is hiring an experienced Product Manager to support key initiatives. Responsibilities include: own the product roadmap and prioritize features based on user research; work with engineering and design teams in an Agile environment using Jira; analyze product data to inform strategic decisions. Requirements: strong data analysis and prioritization skills; familiarity with Agile methodologies and tools like Jira. We value continuous learning and provide support for career development.,Entry level (0-1 years),"Master's Degree in Data Science, Statistics, or related field","EUR 35,000-55,000",Full-time,"['Jira', 'Agile']",2
100096,Product Manager,Anchor Bank Corp,"Dubai, UAE",Our company is hiring an experienced Product Manager to support key initiatives. Responsibilities include: analyze product data to inform strategic decisions; communicate product strategy to stakeholders across the organization; own the product roadmap and prioritize features based on user research. Requirements: excellent stakeholder management and cross-functional leadership abilities; familiarity with Agile methodologies and tools like Jira. This is a great opportunity to make an impact in a fast-paced environment.,Executive (12+ years),Bachelor's Degree,"EUR 55,000-90,000",Full-time,"['Jira', 'Agile']",2
100097,Financial Analyst,Lumen Insurance,"Hyderabad, Telangana, India",Our company is hiring an experienced Financial Analyst to support key initiatives. Responsibilities include: create dashboards in Power BI to track key financial metrics; build financial models to support budgeting and forecasting; ensure reporting complies with GAAP standards. Requirements: advanced Excel skills including financial modeling; understanding of GAAP and risk analysis principles. This is a great opportunity to make an impact in a fast-paced environment.,Mid level (3-5 years),Master's Degree in Business Administration (MBA),"INR 800,000-1,600,000",Full-time,"['Power BI', 'Excel']",2
100098,Backend Software Engineer,Falconview Aerospace,"Boston, MA, USA",We are seeking a talented Backend Software Engineer who is passionate about delivering results. Responsibilities include: design and build scalable REST APIs using Java and Spring Boot; set up CI/CD pipelines to automate testing and deployment; develop and maintain microservices deployed on Kubernetes. Requirements: understanding of CI/CD pipelines and version control with Git; experience working with AWS cloud services. We offer a collaborative environment and opportunities for professional growth.,Lead (8-12 years),High School Diploma,"EUR 35,000-55,000",Contract,"['Java', 'AWS', 'Kubernetes', 'Git', 'CI/CD', 'Spring Boot']",6
100099,Digital Marketing Specialist,Delta Freight Solutions,"Chicago, IL, USA",Join us as a Digital Marketing Specialist and help drive our team's success. Responsibilities include: manage paid advertising campaigns across Google Ads and social media; plan and execute SEO strategies to improve organic search rankings; run A/B tests to optimize conversion rates on landing pages. Requirements: strong copywriting skills for content and email marketing; proven experience with SEO and Google Analytics. We value continuous learning and provide support for career development.,Lead (8-12 years),Master's Degree,"USD 110,000-160,000",Full-time,[],0
100100,Business Analyst,Northgate Logistics,"Manchester, United Kingdom",We are seeking a talented Business Analyst who is passionate about delivering results. Responsibilities include: gather and document business requirements from stakeholders; analyze data using SQL and Excel to identify process improvements; build reports and dashboards in Power BI to support decision-making. Requirements: familiarity with Agile delivery and documentation practices; strong SQL and Excel skills for data analysis. We value continuous learning and provide support for career development.,Lead (8-12 years),High School Diploma,"EUR 35,000-55,000",Contract,"['SQL', 'Power BI', 'Excel', 'Agile']",4
100101,Data Scientist,Meridian Health Solutions,"Chennai, Tamil Nadu, India","We are looking for a motivated Data Scientist to join our growing team. Responsibilities include: build and deploy machine learning models to solve business problems; analyze large datasets using Python and SQL to extract actionable insights; collaborate with engineering teams to productionize models using TensorFlow or PyTorch. Requirements: experience with data visualization tools like Tableau or Power BI; hands-on experience with pandas, scikit-learn, and statistical modeling techniques. We value continuous learning and provide support for career development.",Senior (5-8 years),Bachelor's Degree,"USD 110,000-160,000",Full-time,"['Python', 'SQL', 'Power BI', 'Tableau', 'TensorFlow', 'PyTorch', 'Pandas', 'Scikit-learn', 'Machine Learning']",9
100102,Frontend Developer,Ironwood Manufacturing,"Chicago, IL, USA","Our company is hiring an experienced Frontend Developer to support key initiatives. Responsibilities include: translate Figma designs into pixel-perfect HTML and CSS; build responsive, accessible user interfaces using React and TypeScript; manage application state using Redux. Requirements: strong command of JavaScript, HTML, and CSS; hands-on experience with React and modern frontend tooling. This is a great opportunity to make an impact in a fast-paced environment.",Lead (8-12 years),Bachelor's Degree,"USD 45,000-75,000",Part-time,"['JavaScript', 'React', 'Figma']",3
100103,Supply Chain Coordinator,Lumen Insurance,"Vancouver, Canada",We are looking for a motivated Supply Chain Coordinator to join our growing team. Responsibilities include: support demand planning to optimize stock levels; identify opportunities for process improvement and cost analysis; coordinate inventory management and shipment tracking across warehouses. Requirements: strong Excel skills for demand planning and cost analysis; experience with vendor management and procurement. This is a great opportunity to make an impact in a fast-paced environment.,Senior (5-8 years),Master's Degree in Business Administration (MBA),"USD 160,000-220,000",Full-time,['Excel'],1
100104,Customer Support Specialist,Amber Foods Co,"Chicago, IL, USA","Our company is hiring an experienced Customer Support Specialist to support key initiatives. Responsibilities include: maintain accurate records in the CRM software; troubleshoot product issues and escalate complex cases when needed; respond to customer inquiries via email, live chat, and ticketing systems like Zendesk. Requirements: strong communication and conflict resolution skills; familiarity with ticketing systems such as Zendesk. We value continuous learning and provide support for career development.",Senior (5-8 years),High School Diploma,"USD 45,000-75,000",Full-time,[],0
100105,Backend Software Engineer,Nimbus Analytics,"Vancouver, Canada","Our company is hiring an experienced Backend Software Engineer to support key initiatives. Responsibilities include: optimize PostgreSQL queries for performance at scale; write clean, testable code and participate in code reviews using Git; design and build scalable REST APIs using Java and Spring Boot. Requirements: understanding of CI/CD pipelines and version control with Git; experience working with AWS cloud services. We offer a collaborative environment and opportunities for professional growth.",Junior (1-3 years),Bachelor's Degree in Computer Science or related field,"INR 1,600,000-2,800,000",Part-time,"['SQL', 'Java', 'AWS', 'Git', 'CI/CD', 'Spring Boot']",6
100106,Financial Analyst,Nimbus Analytics,"Toronto, Canada",Join us as a Financial Analyst and help drive our team's success. Responsibilities include: create dashboards in Power BI to track key financial metrics; use SQL to extract and analyze financial data from internal systems; build financial models to support budgeting and forecasting. Requirements: understanding of GAAP and risk analysis principles; advanced Excel skills including financial modeling. We value continuous learning and provide support for career development.,Mid level (3-5 years),PhD or equivalent research experience,"EUR 35,000-55,000",Internship,"['SQL', 'Power BI', 'Excel']",3
100107,Frontend Developer,Bramble Retailers,"Dubai, UAE","Join us as a Frontend Developer and help drive our team's success. Responsibilities include: build responsive, accessible user interfaces using React and TypeScript; translate Figma designs into pixel-perfect HTML and CSS; write unit tests with Jest to ensure code reliability. Requirements: experience collaborating with designers using tools like Figma; familiarity with responsive design principles across devices. We offer a collaborative environment and opportunities for professional growth.",Executive (12+ years),"Master's Degree in Data Science, Statistics, or related field","USD 75,000-110,000",Full-time,"['React', 'Figma']",2
100108,Financial Analyst,Granite Construction Group,"Chicago, IL, USA","We are looking for a motivated Financial Analyst to join our growing team. Responsibilities include: ensure reporting complies with GAAP standards; build financial models to support budgeting and forecasting; use SQL to extract and analyze financial data from internal systems. Requirements: experience with forecasting, budgeting, and variance analysis; understanding of GAAP and risk analysis principles. We value continuous learning and provide support for career development.",Junior (1-3 years),"Master's Degree in Data Science, Statistics, or related field","USD 110,000-160,000",Part-time,['SQL'],1
100109,UX/UI Designer,Solstice Pharma,"Sydney, Australia",We are seeking a talented UX/UI Designer who is passionate about delivering results. Responsibilities include: create wireframes and interactive prototypes using Figma; ensure designs meet accessibility standards; build and maintain a consistent design system across products. Requirements: proficiency in Figma or Adobe XD; experience conducting user research and usability testing. We offer a collaborative environment and opportunities for professional growth.,Junior (1-3 years),Bachelor's Degree,"USD 110,000-160,000",Contract,['Figma'],1
100110,Frontend Developer,Riverside EdTech,"Sydney, Australia","We are seeking a talented Frontend Developer who is passionate about delivering results. Responsibilities include: manage application state using Redux; translate Figma designs into pixel-perfect HTML and CSS; write unit tests with Jest to ensure code reliability. Requirements: strong command of JavaScript, HTML, and CSS; hands-on experience with React and modern frontend tooling. This is a great opportunity to make an impact in a fast-paced environment.",Lead (8-12 years),Diploma or equivalent professional certification,"EUR 55,000-90,000",Full-time,"['JavaScript', 'React', 'Figma']",3
100111,Supply Chain Coordinator,Harbor & Co,"Austin, TX, USA",Join us as a Supply Chain Coordinator and help drive our team's success. Responsibilities include: identify opportunities for process improvement and cost analysis; coordinate inventory management and shipment tracking across warehouses; communicate with logistics partners to ensure timely deliveries. Requirements: strong Excel skills for demand planning and cost analysis; hands-on knowledge of SAP or similar ERP systems. We offer a collaborative environment and opportunities for professional growth.,Mid level (3-5 years),Bachelor's Degree,"INR 400,000-800,000",Full-time,"['Excel', 'SAP']",2
100112,Supply Chain Coordinator,Granite Construction Group,"Pune, Maharashtra, India",We are looking for a motivated Supply Chain Coordinator to join our growing team. Responsibilities include: identify opportunities for process improvement and cost analysis; work with SAP to manage procurement and vendor management processes; communicate with logistics partners to ensure timely deliveries. Requirements: experience with vendor management and procurement; strong Excel skills for demand planning and cost analysis. This role offers competitive benefits and a flexible work culture.,Lead (8-12 years),PhD or equivalent research experience,"GBP 28,000-45,000",Full-time,"['Excel', 'SAP']",2
100113,Data Scientist,Silverline Consulting,"Hyderabad, Telangana, India","Our company is hiring an experienced Data Scientist to support key initiatives. Responsibilities include: build and deploy machine learning models to solve business problems; analyze large datasets using Python and SQL to extract actionable insights; design and evaluate A/B tests to measure product impact. Requirements: experience with data visualization tools like Tableau or Power BI; hands-on experience with pandas, scikit-learn, and statistical modeling techniques. This role offers competitive benefits and a flexible work culture.",Mid level (3-5 years),Bachelor's Degree,"GBP 45,000-75,000",Contract,"['Python', 'SQL', 'Power BI', 'Tableau', 'Pandas', 'Scikit-learn', 'Machine Learning']",7
100114,Human Resources Business Partner,Ironwood Manufacturing,"Chicago, IL, USA",We are seeking a talented Human Resources Business Partner who is passionate about delivering results. Responsibilities include: partner with department leaders on talent acquisition and workforce planning; handle employee relations issues and conflict resolution; ensure labor law compliance across all HR processes. Requirements: understanding of labor law compliance requirements; working knowledge of HRIS systems and performance management processes. We value continuous learning and provide support for career development.,Mid level (3-5 years),High School Diploma,"EUR 55,000-90,000",Full-time,[],0
100115,UX/UI Designer,Granite Construction Group,Remote,We are looking for a motivated UX/UI Designer to join our growing team. Responsibilities include: ensure designs meet accessibility standards; create wireframes and interactive prototypes using Figma; collaborate with product and engineering teams on interaction design. Requirements: experience conducting user research and usability testing; understanding of accessibility and visual design principles. This is a great opportunity to make an impact in a fast-paced environment.,Lead (8-12 years),Bachelor's Degree in Computer Science or related field,"INR 800,000-1,600,000",Internship,['Figma'],1
100116,Frontend Developer,Delta Freight Solutions,"Pune, Maharashtra, India","We are looking for a motivated Frontend Developer to join our growing team. Responsibilities include: write unit tests with Jest to ensure code reliability; manage application state using Redux; build responsive, accessible user interfaces using React and TypeScript. Requirements: familiarity with responsive design principles across devices; hands-on experience with React and modern frontend tooling. This role offers competitive benefits and a flexible work culture.",Senior (5-8 years),"Master's Degree in Data Science, Statistics, or related field","USD 110,000-160,000",Full-time,['React'],1
100117,DevOps Engineer,Prism Media Group,"Vancouver, Canada",We are seeking a talented DevOps Engineer who is passionate about delivering results. Responsibilities include: manage cloud infrastructure on AWS using Terraform; set up monitoring and alerting to ensure system reliability; containerize applications using Docker and orchestrate them with Kubernetes. Requirements: experience building CI/CD pipelines and automation scripts in Python; familiarity with monitoring and logging tools. This role offers competitive benefits and a flexible work culture.,Junior (1-3 years),Bachelor's Degree in Computer Science or related field,"USD 75,000-110,000",Full-time,"['Python', 'AWS', 'Kubernetes', 'Docker', 'CI/CD']",5
100118,Business Analyst,Cascade Cloud Inc,"Chennai, Tamil Nadu, India",We are looking for a motivated Business Analyst to join our growing team. Responsibilities include: build reports and dashboards in Power BI to support decision-making; create process maps to visualize current and future state workflows; work closely with Agile teams to translate requirements into user stories. Requirements: strong SQL and Excel skills for data analysis; excellent stakeholder management and problem-solving skills. We value continuous learning and provide support for career development.,Executive (12+ years),Bachelor's Degree in Computer Science or related field,"GBP 28,000-45,000",Full-time,"['SQL', 'Power BI', 'Excel', 'Agile']",4
100119,UX/UI Designer,Bramble Retailers,"Toronto, Canada",Our company is hiring an experienced UX/UI Designer to support key initiatives. Responsibilities include: build and maintain a consistent design system across products; collaborate with product and engineering teams on interaction design; create wireframes and interactive prototypes using Figma. Requirements: experience conducting user research and usability testing; proficiency in Figma or Adobe XD. This is a great opportunity to make an impact in a fast-paced environment.,Junior (1-3 years),Master's Degree in Business Administration (MBA),"GBP 28,000-45,000",Full-time,['Figma'],1
100120,Frontend Developer,Solstice Pharma,"New York, NY, USA","Join us as a Frontend Developer and help drive our team's success. Responsibilities include: manage application state using Redux; build responsive, accessible user interfaces using React and TypeScript; optimize bundle size and performance using Webpack. Requirements: strong command of JavaScript, HTML, and CSS; hands-on experience with React and modern frontend tooling. We offer a collaborative environment and opportunities for professional growth.",Junior (1-3 years),Master's Degree in Business Administration (MBA),"USD 45,000-75,000",Contract,"['JavaScript', 'React']",2
100121,Frontend Developer,Skyline Software Labs,"Toronto, Canada","Our company is hiring an experienced Frontend Developer to support key initiatives. Responsibilities include: write unit tests with Jest to ensure code reliability; manage application state using Redux; build responsive, accessible user interfaces using React and TypeScript. Requirements: experience collaborating with designers using tools like Figma; strong command of JavaScript, HTML, and CSS. This is a great opportunity to make an impact in a fast-paced environment.",Junior (1-3 years),PhD or equivalent research experience,"USD 75,000-110,000",Internship,"['JavaScript', 'React', 'Figma']",3
100122,Customer Support Specialist,Ironwood Manufacturing,"San Francisco, CA, USA","We are looking for a motivated Customer Support Specialist to join our growing team. Responsibilities include: maintain accurate records in the CRM software; respond to customer inquiries via email, live chat, and ticketing systems like Zendesk; handle escalation management for high-priority customer concerns. Requirements: strong communication and conflict resolution skills; prior experience in customer service or technical support. This role offers competitive benefits and a flexible work culture.",Entry level (0-1 years),"Master's Degree in Data Science, Statistics, or related field","USD 160,000-220,000",Full-time,[],0
100123,Data Scientist,Harbor & Co,"Vancouver, Canada","We are looking for a motivated Data Scientist to join our growing team. Responsibilities include: build and deploy machine learning models to solve business problems; create dashboards and visualizations to communicate findings to stakeholders; analyze large datasets using Python and SQL to extract actionable insights. Requirements: hands-on experience with pandas, scikit-learn, and statistical modeling techniques; strong proficiency in Python and SQL. This is a great opportunity to make an impact in a fast-paced environment.",Junior (1-3 years),Diploma or equivalent professional certification,"GBP 28,000-45,000",Full-time,"['Python', 'SQL', 'Pandas', 'Scikit-learn', 'Machine Learning']",5
100124,Backend Software Engineer,Riverside EdTech,"Chicago, IL, USA",Join us as a Backend Software Engineer and help drive our team's success. Responsibilities include: optimize PostgreSQL queries for performance at scale; set up CI/CD pipelines to automate testing and deployment; design and build scalable REST APIs using Java and Spring Boot. Requirements: solid experience with Java and Spring Boot; practical knowledge of Docker and Kubernetes for containerized deployments. We offer a collaborative environment and opportunities for professional growth.,Entry level (0-1 years),High School Diploma,"USD 160,000-220,000",Full-time,"['SQL', 'Java', 'Kubernetes', 'Docker', 'CI/CD', 'Spring Boot']",6
100125,Supply Chain Coordinator,Anchor Bank Corp,Singapore,We are looking for a motivated Supply Chain Coordinator to join our growing team. Responsibilities include: communicate with logistics partners to ensure timely deliveries; support demand planning to optimize stock levels; coordinate inventory management and shipment tracking across warehouses. Requirements: experience with vendor management and procurement; experience in logistics coordination and inventory management. We offer a collaborative environment and opportunities for professional growth.,Junior (1-3 years),Master's Degree in Business Administration (MBA),"INR 1,600,000-2,800,000",Full-time,[],0
100126,Customer Support Specialist,Ironwood Manufacturing,"Pune, Maharashtra, India","Join us as a Customer Support Specialist and help drive our team's success. Responsibilities include: respond to customer inquiries via email, live chat, and ticketing systems like Zendesk; build strong product knowledge to resolve issues efficiently; troubleshoot product issues and escalate complex cases when needed. Requirements: strong communication and conflict resolution skills; experience using CRM software to track customer interactions. We offer a collaborative environment and opportunities for professional growth.",Lead (8-12 years),High School Diploma,"INR 1,600,000-2,800,000",Internship,[],0
100127,Human Resources Business Partner,Bramble Retailers,"Pune, Maharashtra, India",We are seeking a talented Human Resources Business Partner who is passionate about delivering results. Responsibilities include: manage the employee onboarding process end to end; partner with department leaders on talent acquisition and workforce planning; ensure labor law compliance across all HR processes. Requirements: strong stakeholder management and communication skills; understanding of labor law compliance requirements. This role offers competitive benefits and a flexible work culture.,Executive (12+ years),Bachelor's Degree,"EUR 35,000-55,000",Full-time,[],0
100128,Supply Chain Coordinator,Silverline Consulting,"Vancouver, Canada",We are looking for a motivated Supply Chain Coordinator to join our growing team. Responsibilities include: support demand planning to optimize stock levels; work with SAP to manage procurement and vendor management processes; coordinate inventory management and shipment tracking across warehouses. Requirements: hands-on knowledge of SAP or similar ERP systems; experience in logistics coordination and inventory management. We value continuous learning and provide support for career development.,Junior (1-3 years),Bachelor's Degree,"GBP 28,000-45,000",Full-time,['SAP'],1
100129,Digital Marketing Specialist,Anchor Bank Corp,"London, United Kingdom",We are looking for a motivated Digital Marketing Specialist to join our growing team. Responsibilities include: manage paid advertising campaigns across Google Ads and social media; analyze campaign performance using Google Analytics; run A/B tests to optimize conversion rates on landing pages. Requirements: proven experience with SEO and Google Analytics; strong copywriting skills for content and email marketing. We value continuous learning and provide support for career development.,Lead (8-12 years),Diploma or equivalent professional certification,"INR 400,000-800,000",Temporary,[],0
100130,Digital Marketing Specialist,Orbital Systems,"Boston, MA, USA",We are seeking a talented Digital Marketing Specialist who is passionate about delivering results. Responsibilities include: manage paid advertising campaigns across Google Ads and social media; create engaging content for email marketing and social media channels; analyze campaign performance using Google Analytics. Requirements: familiarity with marketing automation tools such as HubSpot; hands-on experience running PPC advertising campaigns. We value continuous learning and provide support for career development.,Senior (5-8 years),Diploma or equivalent professional certification,"INR 1,600,000-2,800,000",Full-time,[],0
100131,Backend Software Engineer,Falconview Aerospace,"Manchester, United Kingdom","We are seeking a talented Backend Software Engineer who is passionate about delivering results. Responsibilities include: write clean, testable code and participate in code reviews using Git; design and build scalable REST APIs using Java and Spring Boot; set up CI/CD pipelines to automate testing and deployment. Requirements: experience working with AWS cloud services; understanding of CI/CD pipelines and version control with Git. We value continuous learning and provide support for career development.",Lead (8-12 years),Bachelor's Degree in Computer Science or related field,"GBP 45,000-75,000",Full-time,"['Java', 'AWS', 'Git', 'CI/CD', 'Spring Boot']",5
100132,Digital Marketing Specialist,Silverline Consulting,"Dubai, UAE",Join us as a Digital Marketing Specialist and help drive our team's success. Responsibilities include: plan and execute SEO strategies to improve organic search rankings; analyze campaign performance using Google Analytics; create engaging content for email marketing and social media channels. Requirements: familiarity with marketing automation tools such as HubSpot; hands-on experience running PPC advertising campaigns. We offer a collaborative environment and opportunities for professional growth.,Junior (1-3 years),Diploma or equivalent professional certification,"INR 800,000-1,600,000",Part-time,[],0
100133,Backend Software Engineer,Amber Foods Co,"Sydney, Australia",Our company is hiring an experienced Backend Software Engineer to support key initiatives. Responsibilities include: optimize PostgreSQL queries for performance at scale; set up CI/CD pipelines to automate testing and deployment; design and build scalable REST APIs using Java and Spring Boot. Requirements: practical knowledge of Docker and Kubernetes for containerized deployments; solid experience with Java and Spring Boot. This role offers competitive benefits and a flexible work culture.,Lead (8-12 years),Bachelor's Degree in Computer Science or related field,"USD 45,000-75,000",Full-time,"['SQL', 'Java', 'Kubernetes', 'Docker', 'CI/CD', 'Spring Boot']",6
100134,Supply Chain Coordinator,Ironwood Manufacturing,"Boston, MA, USA",Our company is hiring an experienced Supply Chain Coordinator to support key initiatives. Responsibilities include: identify opportunities for process improvement and cost analysis; support demand planning to optimize stock levels; work with SAP to manage procurement and vendor management processes. Requirements: experience with vendor management and procurement; experience in logistics coordination and inventory management. This role offers competitive benefits and a flexible work culture.,Lead (8-12 years),High School Diploma,"EUR 35,000-55,000",Full-time,['SAP'],1
100135,Customer Support Specialist,Ironwood Manufacturing,"London, United Kingdom",We are looking for a motivated Customer Support Specialist to join our growing team. Responsibilities include: troubleshoot product issues and escalate complex cases when needed; build strong product knowledge to resolve issues efficiently; maintain accurate records in the CRM software. Requirements: experience using CRM software to track customer interactions; strong communication and conflict resolution skills. We offer a collaborative environment and opportunities for professional growth.,Mid level (3-5 years),Master's Degree,"USD 75,000-110,000",Full-time,[],0
100136,Digital Marketing Specialist,Riverside EdTech,"Austin, TX, USA",Our company is hiring an experienced Digital Marketing Specialist to support key initiatives. Responsibilities include: plan and execute SEO strategies to improve organic search rankings; manage paid advertising campaigns across Google Ads and social media; run A/B tests to optimize conversion rates on landing pages. Requirements: familiarity with marketing automation tools such as HubSpot; proven experience with SEO and Google Analytics. This is a great opportunity to make an impact in a fast-paced environment.,Junior (1-3 years),Master's Degree in Business Administration (MBA),"GBP 28,000-45,000",Part-time,[],0
100137,Backend Software Engineer,Bramble Retailers,Remote,"We are seeking a talented Backend Software Engineer who is passionate about delivering results. Responsibilities include: write clean, testable code and participate in code reviews using Git; develop and maintain microservices deployed on Kubernetes; optimize PostgreSQL queries for performance at scale. Requirements: practical knowledge of Docker and Kubernetes for containerized deployments; understanding of CI/CD pipelines and version control with Git. This role offers competitive benefits and a flexible work culture.",Mid level (3-5 years),"Master's Degree in Data Science, Statistics, or related field","USD 75,000-110,000",Internship,"['SQL', 'Kubernetes', 'Docker', 'Git', 'CI/CD']",5
100138,Backend Software Engineer,Vertex Financial Services,"Chennai, Tamil Nadu, India","We are seeking a talented Backend Software Engineer who is passionate about delivering results. Responsibilities include: set up CI/CD pipelines to automate testing and deployment; develop and maintain microservices deployed on Kubernetes; write clean, testable code and participate in code reviews using Git. Requirements: solid experience with Java and Spring Boot; understanding of CI/CD pipelines and version control with Git. We value continuous learning and provide support for career development.",Senior (5-8 years),High School Diploma,"INR 800,000-1,600,000",Full-time,"['Java', 'Kubernetes', 'Git', 'CI/CD', 'Spring Boot']",5
100139,Financial Analyst,Quartz Data Systems,"Vancouver, Canada",We are seeking a talented Financial Analyst who is passionate about delivering results. Responsibilities include: build financial models to support budgeting and forecasting; create dashboards in Power BI to track key financial metrics; prepare monthly financial reporting and variance analysis. Requirements: familiarity with SQL and Power BI for financial reporting; advanced Excel skills including financial modeling. This role offers competitive benefits and a flexible work culture.,Senior (5-8 years),Bachelor's Degree,"USD 110,000-160,000",Full-time,"['SQL', 'Power BI', 'Excel']",3
100140,Frontend Developer,Lumen Insurance,"Berlin, Germany","Our company is hiring an experienced Frontend Developer to support key initiatives. Responsibilities include: manage application state using Redux; translate Figma designs into pixel-perfect HTML and CSS; build responsive, accessible user interfaces using React and TypeScript. Requirements: familiarity with responsive design principles across devices; experience collaborating with designers using tools like Figma. This role offers competitive benefits and a flexible work culture.",Entry level (0-1 years),Bachelor's Degree,"GBP 45,000-75,000",Internship,"['React', 'Figma']",2
100141,Human Resources Business Partner,Anchor Bank Corp,"Chicago, IL, USA",We are seeking a talented Human Resources Business Partner who is passionate about delivering results. Responsibilities include: manage the employee onboarding process end to end; handle employee relations issues and conflict resolution; support performance management cycles and compensation planning. Requirements: experience in talent acquisition and employee relations; strong stakeholder management and communication skills. This role offers competitive benefits and a flexible work culture.,Mid level (3-5 years),Master's Degree,"EUR 55,000-90,000",Contract,[],0
100142,Business Analyst,Pinecrest Energy,"Chennai, Tamil Nadu, India",We are looking for a motivated Business Analyst to join our growing team. Responsibilities include: gather and document business requirements from stakeholders; work closely with Agile teams to translate requirements into user stories; build reports and dashboards in Power BI to support decision-making. Requirements: familiarity with Agile delivery and documentation practices; excellent stakeholder management and problem-solving skills. This role offers competitive benefits and a flexible work culture.,Lead (8-12 years),"Master's Degree in Data Science, Statistics, or related field","EUR 35,000-55,000",Full-time,"['Power BI', 'Agile']",2
100143,Business Analyst,Lumen Insurance,"Dubai, UAE",We are seeking a talented Business Analyst who is passionate about delivering results. Responsibilities include: build reports and dashboards in Power BI to support decision-making; analyze data using SQL and Excel to identify process improvements; create process maps to visualize current and future state workflows. Requirements: excellent stakeholder management and problem-solving skills; strong SQL and Excel skills for data analysis. This is a great opportunity to make an impact in a fast-paced environment.,Senior (5-8 years),Master's Degree in Business Administration (MBA),"EUR 55,000-90,000",Full-time,"['SQL', 'Power BI', 'Excel']",3
100144,Backend Software Engineer,Quartz Data Systems,"Bengaluru, Karnataka, India","Our company is hiring an experienced Backend Software Engineer to support key initiatives. Responsibilities include: write clean, testable code and participate in code reviews using Git; develop and maintain microservices deployed on Kubernetes; set up CI/CD pipelines to automate testing and deployment. Requirements: experience working with AWS cloud services; understanding of CI/CD pipelines and version control with Git. We value continuous learning and provide support for career development.",Senior (5-8 years),Diploma or equivalent professional certification,"GBP 28,000-45,000",Full-time,"['AWS', 'Kubernetes', 'Git', 'CI/CD']",4
100145,Financial Analyst,Cobalt Retail Group,"Boston, MA, USA","Join us as a Financial Analyst and help drive our team's success. Responsibilities include: build financial models to support budgeting and forecasting; use SQL to extract and analyze financial data from internal systems; prepare monthly financial reporting and variance analysis. Requirements: experience with forecasting, budgeting, and variance analysis; advanced Excel skills including financial modeling. We offer a collaborative environment and opportunities for professional growth.",Entry level (0-1 years),"Master's Degree in Data Science, Statistics, or related field","USD 160,000-220,000",Full-time,"['SQL', 'Excel']",2
100146,Data Scientist,Harbor & Co,"London, United Kingdom","We are seeking a talented Data Scientist who is passionate about delivering results. Responsibilities include: create dashboards and visualizations to communicate findings to stakeholders; design and evaluate A/B tests to measure product impact; build and deploy machine learning models to solve business problems. Requirements: hands-on experience with pandas, scikit-learn, and statistical modeling techniques; experience with data visualization tools like Tableau or Power BI. This is a great opportunity to make an impact in a fast-paced environment.",Senior (5-8 years),Master's Degree,"USD 110,000-160,000",Contract,"['Power BI', 'Tableau', 'Pandas', 'Scikit-learn', 'Machine Learning']",5
100147,Product Manager,Willowbrook Hospitality,"Chicago, IL, USA",Join us as a Product Manager and help drive our team's success. Responsibilities include: work with engineering and design teams in an Agile environment using Jira; communicate product strategy to stakeholders across the organization; run A/B tests to validate product hypotheses. Requirements: strong data analysis and prioritization skills; experience owning product strategy and roadmap planning. We offer a collaborative environment and opportunities for professional growth.,Entry level (0-1 years),PhD or equivalent research experience,"GBP 45,000-75,000",Full-time,"['Jira', 'Agile']",2
100148,Digital Marketing Specialist,Redwood Robotics,"Dubai, UAE",We are looking for a motivated Digital Marketing Specialist to join our growing team. Responsibilities include: plan and execute SEO strategies to improve organic search rankings; create engaging content for email marketing and social media channels; run A/B tests to optimize conversion rates on landing pages. Requirements: strong copywriting skills for content and email marketing; familiarity with marketing automation tools such as HubSpot. We value continuous learning and provide support for career development.,Executive (12+ years),Diploma or equivalent professional certification,"INR 400,000-800,000",Contract,[],0
100149,Financial Analyst,Ironwood Manufacturing,"Bengaluru, Karnataka, India",We are seeking a talented Financial Analyst who is passionate about delivering results. Responsibilities include: build financial models to support budgeting and forecasting; create dashboards in Power BI to track key financial metrics; use SQL to extract and analyze financial data from internal systems. Requirements: understanding of GAAP and risk analysis principles; familiarity with SQL and Power BI for financial reporting. We value continuous learning and provide support for career development.,Lead (8-12 years),Master's Degree,"INR 800,000-1,600,000",Full-time,"['SQL', 'Power BI']",2
100150,Business Analyst,Amber Foods Co,"Dubai, UAE",We are seeking a talented Business Analyst who is passionate about delivering results. Responsibilities include: work closely with Agile teams to translate requirements into user stories; create process maps to visualize current and future state workflows; gather and document business requirements from stakeholders. Requirements: strong SQL and Excel skills for data analysis; familiarity with Agile delivery and documentation practices. This is a great opportunity to make an impact in a fast-paced environment.,Entry level (0-1 years),PhD or equivalent research experience,"INR 800,000-1,600,000",Full-time,"['SQL', 'Excel', 'Agile']",3
100151,Customer Support Specialist,BluePeak Technologies,"Bengaluru, Karnataka, India",Join us as a Customer Support Specialist and help drive our team's success. Responsibilities include: troubleshoot product issues and escalate complex cases when needed; handle escalation management for high-priority customer concerns; build strong product knowledge to resolve issues efficiently. Requirements: strong communication and conflict resolution skills; prior experience in customer service or technical support. This is a great opportunity to make an impact in a fast-paced environment.,Executive (12+ years),"Master's Degree in Data Science, Statistics, or related field","GBP 28,000-45,000",Full-time,[],0
100152,Business Analyst,Falconview Aerospace,"Chicago, IL, USA",We are seeking a talented Business Analyst who is passionate about delivering results. Responsibilities include: build reports and dashboards in Power BI to support decision-making; gather and document business requirements from stakeholders; analyze data using SQL and Excel to identify process improvements. Requirements: familiarity with Agile delivery and documentation practices; excellent stakeholder management and problem-solving skills. We offer a collaborative environment and opportunities for professional growth.,Lead (8-12 years),Diploma or equivalent professional certification,"EUR 35,000-55,000",Full-time,"['SQL', 'Power BI', 'Excel', 'Agile']",4
100153,Financial Analyst,Pinecrest Energy,"Chicago, IL, USA",Join us as a Financial Analyst and help drive our team's success. Responsibilities include: use SQL to extract and analyze financial data from internal systems; prepare monthly financial reporting and variance analysis; ensure reporting complies with GAAP standards. Requirements: advanced Excel skills including financial modeling; familiarity with SQL and Power BI for financial reporting. This is a great opportunity to make an impact in a fast-paced environment.,Executive (12+ years),High School Diploma,"EUR 35,000-55,000",Contract,"['SQL', 'Power BI', 'Excel']",3
100154,Frontend Developer,Anchor Bank Corp,"Sydney, Australia","Our company is hiring an experienced Frontend Developer to support key initiatives. Responsibilities include: build responsive, accessible user interfaces using React and TypeScript; optimize bundle size and performance using Webpack; write unit tests with Jest to ensure code reliability. Requirements: strong command of JavaScript, HTML, and CSS; hands-on experience with React and modern frontend tooling. We value continuous learning and provide support for career development.",Senior (5-8 years),Bachelor's Degree in Computer Science or related field,"EUR 55,000-90,000",Part-time,"['JavaScript', 'React']",2
100155,Financial Analyst,Cobalt Retail Group,"Manchester, United Kingdom",Our company is hiring an experienced Financial Analyst to support key initiatives. Responsibilities include: ensure reporting complies with GAAP standards; prepare monthly financial reporting and variance analysis; use SQL to extract and analyze financial data from internal systems. Requirements: familiarity with SQL and Power BI for financial reporting; understanding of GAAP and risk analysis principles. This is a great opportunity to make an impact in a fast-paced environment.,Senior (5-8 years),Diploma or equivalent professional certification,"USD 45,000-75,000",Full-time,"['SQL', 'Power BI']",2
100156,Customer Support Specialist,Cascade Cloud Inc,"Seattle, WA, USA","We are seeking a talented Customer Support Specialist who is passionate about delivering results. Responsibilities include: maintain accurate records in the CRM software; build strong product knowledge to resolve issues efficiently; respond to customer inquiries via email, live chat, and ticketing systems like Zendesk. Requirements: familiarity with ticketing systems such as Zendesk; experience using CRM software to track customer interactions. We value continuous learning and provide support for career development.",Senior (5-8 years),"Master's Degree in Data Science, Statistics, or related field","GBP 45,000-75,000",Internship,[],0
100157,DevOps Engineer,Harbor & Co,"Chicago, IL, USA",Join us as a DevOps Engineer and help drive our team's success. Responsibilities include: containerize applications using Docker and orchestrate them with Kubernetes; set up monitoring and alerting to ensure system reliability; build and maintain CI/CD pipelines with Jenkins. Requirements: strong experience with AWS and infrastructure-as-code tools like Terraform; experience building CI/CD pipelines and automation scripts in Python. This is a great opportunity to make an impact in a fast-paced environment.,Executive (12+ years),Diploma or equivalent professional certification,"INR 800,000-1,600,000",Part-time,"['Python', 'AWS', 'Kubernetes', 'Docker', 'CI/CD']",5
100158,Financial Analyst,Solstice Pharma,"Boston, MA, USA",We are seeking a talented Financial Analyst who is passionate about delivering results. Responsibilities include: build financial models to support budgeting and forecasting; use SQL to extract and analyze financial data from internal systems; prepare monthly financial reporting and variance analysis. Requirements: familiarity with SQL and Power BI for financial reporting; understanding of GAAP and risk analysis principles. This is a great opportunity to make an impact in a fast-paced environment.,Junior (1-3 years),Master's Degree in Business Administration (MBA),"USD 45,000-75,000",Internship,"['SQL', 'Power BI']",2
100159,DevOps Engineer,Vertex Financial Services,"Amsterdam, Netherlands",We are looking for a motivated DevOps Engineer to join our growing team. Responsibilities include: set up monitoring and alerting to ensure system reliability; build and maintain CI/CD pipelines with Jenkins; manage cloud infrastructure on AWS using Terraform. Requirements: strong experience with AWS and infrastructure-as-code tools like Terraform; experience building CI/CD pipelines and automation scripts in Python. This role offers competitive benefits and a flexible work culture.,Lead (8-12 years),Master's Degree in Business Administration (MBA),"USD 110,000-160,000",Full-time,"['Python', 'AWS', 'CI/CD']",3
100160,Supply Chain Coordinator,Northgate Logistics,"Bengaluru, Karnataka, India",Our company is hiring an experienced Supply Chain Coordinator to support key initiatives. Responsibilities include: coordinate inventory management and shipment tracking across warehouses; work with SAP to manage procurement and vendor management processes; identify opportunities for process improvement and cost analysis. Requirements: experience with vendor management and procurement; hands-on knowledge of SAP or similar ERP systems. This role offers competitive benefits and a flexible work culture.,Mid level (3-5 years),Diploma or equivalent professional certification,"USD 75,000-110,000",Full-time,['SAP'],1
100161,Digital Marketing Specialist,Prism Media Group,"Chicago, IL, USA",We are looking for a motivated Digital Marketing Specialist to join our growing team. Responsibilities include: manage paid advertising campaigns across Google Ads and social media; create engaging content for email marketing and social media channels; plan and execute SEO strategies to improve organic search rankings. Requirements: proven experience with SEO and Google Analytics; hands-on experience running PPC advertising campaigns. This is a great opportunity to make an impact in a fast-paced environment.,Entry level (0-1 years),Master's Degree,"GBP 45,000-75,000",Full-time,[],0
100162,Frontend Developer,Nova Payments Inc,"Chicago, IL, USA","We are looking for a motivated Frontend Developer to join our growing team. Responsibilities include: manage application state using Redux; optimize bundle size and performance using Webpack; translate Figma designs into pixel-perfect HTML and CSS. Requirements: experience collaborating with designers using tools like Figma; strong command of JavaScript, HTML, and CSS. This is a great opportunity to make an impact in a fast-paced environment.",Entry level (0-1 years),Master's Degree in Business Administration (MBA),"EUR 35,000-55,000",Contract,"['JavaScript', 'Figma']",2
100163,Digital Marketing Specialist,Vertex Financial Services,"Hyderabad, Telangana, India",We are seeking a talented Digital Marketing Specialist who is passionate about delivering results. Responsibilities include: manage paid advertising campaigns across Google Ads and social media; plan and execute SEO strategies to improve organic search rankings; analyze campaign performance using Google Analytics. Requirements: strong copywriting skills for content and email marketing; hands-on experience running PPC advertising campaigns. This role offers competitive benefits and a flexible work culture.,Executive (12+ years),Diploma or equivalent professional certification,"EUR 55,000-90,000",Full-time,[],0
100164,Frontend Developer,Delta Freight Solutions,"Sydney, Australia","Join us as a Frontend Developer and help drive our team's success. Responsibilities include: build responsive, accessible user interfaces using React and TypeScript; translate Figma designs into pixel-perfect HTML and CSS; optimize bundle size and performance using Webpack. Requirements: experience collaborating with designers using tools like Figma; hands-on experience with React and modern frontend tooling. This role offers competitive benefits and a flexible work culture.",Senior (5-8 years),"Master's Degree in Data Science, Statistics, or related field","USD 75,000-110,000",Contract,"['React', 'Figma']",2
100165,Data Scientist,Skyline Software Labs,"London, United Kingdom","We are looking for a motivated Data Scientist to join our growing team. Responsibilities include: design and evaluate A/B tests to measure product impact; create dashboards and visualizations to communicate findings to stakeholders; collaborate with engineering teams to productionize models using TensorFlow or PyTorch. Requirements: hands-on experience with pandas, scikit-learn, and statistical modeling techniques; strong proficiency in Python and SQL. We offer a collaborative environment and opportunities for professional growth.",Mid level (3-5 years),"Master's Degree in Data Science, Statistics, or related field","INR 400,000-800,000",Full-time,"['Python', 'SQL', 'TensorFlow', 'PyTorch', 'Pandas', 'Scikit-learn']",6
100166,Product Manager,Harbor & Co,"Delhi, India",We are seeking a talented Product Manager who is passionate about delivering results. Responsibilities include: run A/B tests to validate product hypotheses; work with engineering and design teams in an Agile environment using Jira; own the product roadmap and prioritize features based on user research. Requirements: familiarity with Agile methodologies and tools like Jira; excellent stakeholder management and cross-functional leadership abilities. This role offers competitive benefits and a flexible work culture.,Lead (8-12 years),Master's Degree in Business Administration (MBA),"USD 75,000-110,000",Full-time,"['Jira', 'Agile']",2
100167,Product Manager,Falconview Aerospace,"Dubai, UAE",Our company is hiring an experienced Product Manager to support key initiatives. Responsibilities include: work with engineering and design teams in an Agile environment using Jira; own the product roadmap and prioritize features based on user research; run A/B tests to validate product hypotheses. Requirements: excellent stakeholder management and cross-functional leadership abilities; strong data analysis and prioritization skills. We value continuous learning and provide support for career development.,Executive (12+ years),Diploma or equivalent professional certification,"GBP 45,000-75,000",Full-time,"['Jira', 'Agile']",2
100168,Backend Software Engineer,Nova Payments Inc,Singapore,"Our company is hiring an experienced Backend Software Engineer to support key initiatives. Responsibilities include: develop and maintain microservices deployed on Kubernetes; write clean, testable code and participate in code reviews using Git; set up CI/CD pipelines to automate testing and deployment. Requirements: understanding of CI/CD pipelines and version control with Git; solid experience with Java and Spring Boot. This role offers competitive benefits and a flexible work culture.",Lead (8-12 years),Master's Degree,"EUR 35,000-55,000",Full-time,"['Java', 'Kubernetes', 'Git', 'CI/CD', 'Spring Boot']",5
100169,UX/UI Designer,Pinecrest Energy,"Vancouver, Canada",Join us as a UX/UI Designer and help drive our team's success. Responsibilities include: create wireframes and interactive prototypes using Figma; collaborate with product and engineering teams on interaction design; ensure designs meet accessibility standards. Requirements: strong portfolio demonstrating wireframing and prototyping skills; experience conducting user research and usability testing. This is a great opportunity to make an impact in a fast-paced environment.,Lead (8-12 years),Diploma or equivalent professional certification,"USD 45,000-75,000",Full-time,['Figma'],1
100170,Supply Chain Coordinator,Bramble Retailers,"Chicago, IL, USA",Our company is hiring an experienced Supply Chain Coordinator to support key initiatives. Responsibilities include: communicate with logistics partners to ensure timely deliveries; coordinate inventory management and shipment tracking across warehouses; identify opportunities for process improvement and cost analysis. Requirements: experience with vendor management and procurement; hands-on knowledge of SAP or similar ERP systems. We offer a collaborative environment and opportunities for professional growth.,Senior (5-8 years),Master's Degree in Business Administration (MBA),"USD 45,000-75,000",Part-time,['SAP'],1
100171,Customer Support Specialist,BluePeak Technologies,"Pune, Maharashtra, India",Join us as a Customer Support Specialist and help drive our team's success. Responsibilities include: troubleshoot product issues and escalate complex cases when needed; handle escalation management for high-priority customer concerns; maintain accurate records in the CRM software. Requirements: experience using CRM software to track customer interactions; familiarity with ticketing systems such as Zendesk. This is a great opportunity to make an impact in a fast-paced environment.,Senior (5-8 years),High School Diploma,"INR 400,000-800,000",Temporary,[],0
100172,Product Manager,Granite Construction Group,"London, United Kingdom",We are seeking a talented Product Manager who is passionate about delivering results. Responsibilities include: own the product roadmap and prioritize features based on user research; work with engineering and design teams in an Agile environment using Jira; run A/B tests to validate product hypotheses. Requirements: excellent stakeholder management and cross-functional leadership abilities; strong data analysis and prioritization skills. This role offers competitive benefits and a flexible work culture.,Executive (12+ years),Bachelor's Degree in Computer Science or related field,"EUR 55,000-90,000",Full-time,"['Jira', 'Agile']",2
100173,UX/UI Designer,Northgate Logistics,"Mumbai, Maharashtra, India",Join us as a UX/UI Designer and help drive our team's success. Responsibilities include: ensure designs meet accessibility standards; collaborate with product and engineering teams on interaction design; conduct user research and usability testing to inform design decisions. Requirements: proficiency in Figma or Adobe XD; understanding of accessibility and visual design principles. We value continuous learning and provide support for career development.,Mid level (3-5 years),Diploma or equivalent professional certification,"EUR 55,000-90,000",Part-time,['Figma'],1
100174,Frontend Developer,Skyline Software Labs,"New York, NY, USA","Join us as a Frontend Developer and help drive our team's success. Responsibilities include: optimize bundle size and performance using Webpack; build responsive, accessible user interfaces using React and TypeScript; write unit tests with Jest to ensure code reliability. Requirements: hands-on experience with React and modern frontend tooling; strong command of JavaScript, HTML, and CSS. We offer a collaborative environment and opportunities for professional growth.",Executive (12+ years),Bachelor's Degree,"USD 45,000-75,000",Internship,"['JavaScript', 'React']",2
100175,Business Analyst,BluePeak Technologies,"Toronto, Canada",We are looking for a motivated Business Analyst to join our growing team. Responsibilities include: build reports and dashboards in Power BI to support decision-making; work closely with Agile teams to translate requirements into user stories; gather and document business requirements from stakeholders. Requirements: strong SQL and Excel skills for data analysis; experience in requirements gathering and process mapping. This role offers competitive benefits and a flexible work culture.,Executive (12+ years),High School Diploma,"USD 160,000-220,000",Full-time,"['SQL', 'Power BI', 'Excel', 'Agile']",4
100176,Customer Support Specialist,Harbor & Co,"San Francisco, CA, USA","We are seeking a talented Customer Support Specialist who is passionate about delivering results. Responsibilities include: troubleshoot product issues and escalate complex cases when needed; maintain accurate records in the CRM software; respond to customer inquiries via email, live chat, and ticketing systems like Zendesk. Requirements: familiarity with ticketing systems such as Zendesk; experience using CRM software to track customer interactions. We value continuous learning and provide support for career development.",Executive (12+ years),"Master's Degree in Data Science, Statistics, or related field","EUR 35,000-55,000",Contract,[],0
100177,Digital Marketing Specialist,BluePeak Technologies,"Amsterdam, Netherlands",Join us as a Digital Marketing Specialist and help drive our team's success. Responsibilities include: run A/B tests to optimize conversion rates on landing pages; create engaging content for email marketing and social media channels; plan and execute SEO strategies to improve organic search rankings. Requirements: strong copywriting skills for content and email marketing; familiarity with marketing automation tools such as HubSpot. This is a great opportunity to make an impact in a fast-paced environment.,Executive (12+ years),Bachelor's Degree in Computer Science or related field,"EUR 55,000-90,000",Internship,[],0
100178,Customer Support Specialist,Prism Media Group,"Manchester, United Kingdom",Join us as a Customer Support Specialist and help drive our team's success. Responsibilities include: troubleshoot product issues and escalate complex cases when needed; handle escalation management for high-priority customer concerns; build strong product knowledge to resolve issues efficiently. Requirements: familiarity with ticketing systems such as Zendesk; experience using CRM software to track customer interactions. We offer a collaborative environment and opportunities for professional growth.,Mid level (3-5 years),PhD or equivalent research experience,"USD 110,000-160,000",Full-time,[],0
100179,Customer Support Specialist,Lumen Insurance,"Manchester, United Kingdom",We are seeking a talented Customer Support Specialist who is passionate about delivering results. Responsibilities include: troubleshoot product issues and escalate complex cases when needed; maintain accurate records in the CRM software; build strong product knowledge to resolve issues efficiently. Requirements: prior experience in customer service or technical support; familiarity with ticketing systems such as Zendesk. We value continuous learning and provide support for career development.,Junior (1-3 years),PhD or equivalent research experience,"USD 160,000-220,000",Full-time,[],0
100180,Backend Software Engineer,Zenith Marketing House,"New York, NY, USA",Our company is hiring an experienced Backend Software Engineer to support key initiatives. Responsibilities include: optimize PostgreSQL queries for performance at scale; develop and maintain microservices deployed on Kubernetes; set up CI/CD pipelines to automate testing and deployment. Requirements: practical knowledge of Docker and Kubernetes for containerized deployments; understanding of CI/CD pipelines and version control with Git. We value continuous learning and provide support for career development.,Senior (5-8 years),High School Diploma,"USD 75,000-110,000",Full-time,"['SQL', 'Kubernetes', 'Docker', 'Git', 'CI/CD']",5
100181,Data Scientist,Vertex Financial Services,"New York, NY, USA","Our company is hiring an experienced Data Scientist to support key initiatives. Responsibilities include: collaborate with engineering teams to productionize models using TensorFlow or PyTorch; analyze large datasets using Python and SQL to extract actionable insights; design and evaluate A/B tests to measure product impact. Requirements: familiarity with deep learning frameworks such as TensorFlow or PyTorch; hands-on experience with pandas, scikit-learn, and statistical modeling techniques. This is a great opportunity to make an impact in a fast-paced environment.",Entry level (0-1 years),Diploma or equivalent professional certification,"USD 160,000-220,000",Internship,"['Python', 'SQL', 'TensorFlow', 'PyTorch', 'Pandas', 'Scikit-learn', 'Deep Learning']",7
100182,Product Manager,Zenith Marketing House,"Sydney, Australia",Join us as a Product Manager and help drive our team's success. Responsibilities include: analyze product data to inform strategic decisions; own the product roadmap and prioritize features based on user research; run A/B tests to validate product hypotheses. Requirements: excellent stakeholder management and cross-functional leadership abilities; familiarity with Agile methodologies and tools like Jira. This role offers competitive benefits and a flexible work culture.,Mid level (3-5 years),"Master's Degree in Data Science, Statistics, or related field","GBP 45,000-75,000",Full-time,"['Jira', 'Agile']",2
100183,Human Resources Business Partner,Prism Media Group,"Manchester, United Kingdom",We are seeking a talented Human Resources Business Partner who is passionate about delivering results. Responsibilities include: ensure labor law compliance across all HR processes; support performance management cycles and compensation planning; manage the employee onboarding process end to end. Requirements: working knowledge of HRIS systems and performance management processes; experience in talent acquisition and employee relations. We value continuous learning and provide support for career development.,Junior (1-3 years),Bachelor's Degree in Computer Science or related field,"USD 45,000-75,000",Full-time,[],0
100184,DevOps Engineer,Cascade Cloud Inc,Singapore,Join us as a DevOps Engineer and help drive our team's success. Responsibilities include: automate configuration management with Ansible; set up monitoring and alerting to ensure system reliability; manage cloud infrastructure on AWS using Terraform. Requirements: experience building CI/CD pipelines and automation scripts in Python; strong experience with AWS and infrastructure-as-code tools like Terraform. This role offers competitive benefits and a flexible work culture.,Senior (5-8 years),"Master's Degree in Data Science, Statistics, or related field","INR 400,000-800,000",Contract,"['Python', 'AWS', 'CI/CD']",3
100185,UX/UI Designer,Zenith Marketing House,"Vancouver, Canada",We are looking for a motivated UX/UI Designer to join our growing team. Responsibilities include: conduct user research and usability testing to inform design decisions; ensure designs meet accessibility standards; collaborate with product and engineering teams on interaction design. Requirements: understanding of accessibility and visual design principles; strong portfolio demonstrating wireframing and prototyping skills. This role offers competitive benefits and a flexible work culture.,Lead (8-12 years),High School Diploma,"GBP 45,000-75,000",Full-time,[],0
100186,Backend Software Engineer,Quartz Data Systems,"Chennai, Tamil Nadu, India","We are looking for a motivated Backend Software Engineer to join our growing team. Responsibilities include: optimize PostgreSQL queries for performance at scale; set up CI/CD pipelines to automate testing and deployment; write clean, testable code and participate in code reviews using Git. Requirements: understanding of CI/CD pipelines and version control with Git; solid experience with Java and Spring Boot. We offer a collaborative environment and opportunities for professional growth.",Lead (8-12 years),Diploma or equivalent professional certification,"INR 800,000-1,600,000",Full-time,"['SQL', 'Java', 'Git', 'CI/CD', 'Spring Boot']",5
100187,Customer Support Specialist,Zenith Marketing House,"Manchester, United Kingdom","We are seeking a talented Customer Support Specialist who is passionate about delivering results. Responsibilities include: respond to customer inquiries via email, live chat, and ticketing systems like Zendesk; build strong product knowledge to resolve issues efficiently; handle escalation management for high-priority customer concerns. Requirements: prior experience in customer service or technical support; experience using CRM software to track customer interactions. This role offers competitive benefits and a flexible work culture.",Lead (8-12 years),Master's Degree in Business Administration (MBA),"GBP 45,000-75,000",Full-time,[],0
100188,DevOps Engineer,Vertex Financial Services,"Dubai, UAE","We are looking for a motivated DevOps Engineer to join our growing team. Responsibilities include: containerize applications using Docker and orchestrate them with Kubernetes; automate configuration management with Ansible; build and maintain CI/CD pipelines with Jenkins. Requirements: hands-on knowledge of Docker, Kubernetes, and Linux administration; experience building CI/CD pipelines and automation scripts in Python. This role offers competitive benefits and a flexible work culture.",Mid level (3-5 years),Master's Degree in Business Administration (MBA),"INR 1,600,000-2,800,000",Full-time,"['Python', 'Kubernetes', 'Docker', 'CI/CD']",4
100189,Digital Marketing Specialist,Amber Foods Co,"Pune, Maharashtra, India",Join us as a Digital Marketing Specialist and help drive our team's success. Responsibilities include: create engaging content for email marketing and social media channels; run A/B tests to optimize conversion rates on landing pages; analyze campaign performance using Google Analytics. Requirements: familiarity with marketing automation tools such as HubSpot; proven experience with SEO and Google Analytics. We offer a collaborative environment and opportunities for professional growth.,Executive (12+ years),High School Diploma,"USD 75,000-110,000",Full-time,[],0
100190,UX/UI Designer,Meridian Health Solutions,"Pune, Maharashtra, India",We are looking for a motivated UX/UI Designer to join our growing team. Responsibilities include: ensure designs meet accessibility standards; conduct user research and usability testing to inform design decisions; collaborate with product and engineering teams on interaction design. Requirements: proficiency in Figma or Adobe XD; experience conducting user research and usability testing. This is a great opportunity to make an impact in a fast-paced environment.,Senior (5-8 years),"Master's Degree in Data Science, Statistics, or related field","EUR 35,000-55,000",Full-time,['Figma'],1
100191,Digital Marketing Specialist,BluePeak Technologies,"Pune, Maharashtra, India",We are seeking a talented Digital Marketing Specialist who is passionate about delivering results. Responsibilities include: plan and execute SEO strategies to improve organic search rankings; manage paid advertising campaigns across Google Ads and social media; analyze campaign performance using Google Analytics. Requirements: hands-on experience running PPC advertising campaigns; strong copywriting skills for content and email marketing. This is a great opportunity to make an impact in a fast-paced environment.,Mid level (3-5 years),High School Diploma,"USD 110,000-160,000",Full-time,[],0
100192,Backend Software Engineer,Harbor & Co,"Delhi, India","We are seeking a talented Backend Software Engineer who is passionate about delivering results. Responsibilities include: set up CI/CD pipelines to automate testing and deployment; develop and maintain microservices deployed on Kubernetes; write clean, testable code and participate in code reviews using Git. Requirements: solid experience with Java and Spring Boot; experience working with AWS cloud services. We value continuous learning and provide support for career development.",Lead (8-12 years),PhD or equivalent research experience,"EUR 55,000-90,000",Full-time,"['Java', 'AWS', 'Kubernetes', 'Git', 'CI/CD', 'Spring Boot']",6
100193,Data Scientist,Orbital Systems,"Manchester, United Kingdom","Join us as a Data Scientist and help drive our team's success. Responsibilities include: design and evaluate A/B tests to measure product impact; build and deploy machine learning models to solve business problems; create dashboards and visualizations to communicate findings to stakeholders. Requirements: familiarity with deep learning frameworks such as TensorFlow or PyTorch; hands-on experience with pandas, scikit-learn, and statistical modeling techniques. This is a great opportunity to make an impact in a fast-paced environment.",Entry level (0-1 years),"Master's Degree in Data Science, Statistics, or related field","EUR 35,000-55,000",Full-time,"['TensorFlow', 'PyTorch', 'Pandas', 'Scikit-learn', 'Machine Learning', 'Deep Learning']",6
100194,DevOps Engineer,Ironwood Manufacturing,"Amsterdam, Netherlands",Join us as a DevOps Engineer and help drive our team's success. Responsibilities include: manage cloud infrastructure on AWS using Terraform; containerize applications using Docker and orchestrate them with Kubernetes; set up monitoring and alerting to ensure system reliability. Requirements: strong experience with AWS and infrastructure-as-code tools like Terraform; familiarity with monitoring and logging tools. We value continuous learning and provide support for career development.,Senior (5-8 years),Bachelor's Degree in Computer Science or related field,"EUR 55,000-90,000",Internship,"['AWS', 'Kubernetes', 'Docker']",3
100195,Frontend Developer,Cascade Cloud Inc,"Sydney, Australia","We are looking for a motivated Frontend Developer to join our growing team. Responsibilities include: build responsive, accessible user interfaces using React and TypeScript; optimize bundle size and performance using Webpack; translate Figma designs into pixel-perfect HTML and CSS. Requirements: experience collaborating with designers using tools like Figma; hands-on experience with React and modern frontend tooling. We value continuous learning and provide support for career development.",Senior (5-8 years),"Master's Degree in Data Science, Statistics, or related field","INR 800,000-1,600,000",Full-time,"['React', 'Figma']",2
100196,Backend Software Engineer,Cobalt Retail Group,"Pune, Maharashtra, India","We are looking for a motivated Backend Software Engineer to join our growing team. Responsibilities include: design and build scalable REST APIs using Java and Spring Boot; write clean, testable code and participate in code reviews using Git; set up CI/CD pipelines to automate testing and deployment. Requirements: solid experience with Java and Spring Boot; experience working with AWS cloud services. We value continuous learning and provide support for career development.",Senior (5-8 years),PhD or equivalent research experience,"USD 75,000-110,000",Full-time,"['Java', 'AWS', 'Git', 'CI/CD', 'Spring Boot']",5
100197,Financial Analyst,Nimbus Analytics,"Chicago, IL, USA","Our company is hiring an experienced Financial Analyst to support key initiatives. Responsibilities include: create dashboards in Power BI to track key financial metrics; prepare monthly financial reporting and variance analysis; build financial models to support budgeting and forecasting. Requirements: familiarity with SQL and Power BI for financial reporting; experience with forecasting, budgeting, and variance analysis. We value continuous learning and provide support for career development.",Entry level (0-1 years),Master's Degree,"EUR 35,000-55,000",Full-time,"['SQL', 'Power BI']",2
100198,Product Manager,Cobalt Retail Group,"Pune, Maharashtra, India",Join us as a Product Manager and help drive our team's success. Responsibilities include: own the product roadmap and prioritize features based on user research; run A/B tests to validate product hypotheses; work with engineering and design teams in an Agile environment using Jira. Requirements: familiarity with Agile methodologies and tools like Jira; strong data analysis and prioritization skills. This is a great opportunity to make an impact in a fast-paced environment.,Mid level (3-5 years),PhD or equivalent research experience,"INR 400,000-800,000",Full-time,"['Jira', 'Agile']",2
100199,Business Analyst,Delta Freight Solutions,"New York, NY, USA",Join us as a Business Analyst and help drive our team's success. Responsibilities include: create process maps to visualize current and future state workflows; build reports and dashboards in Power BI to support decision-making; analyze data using SQL and Excel to identify process improvements. Requirements: excellent stakeholder management and problem-solving skills; strong SQL and Excel skills for data analysis. This is a great opportunity to make an impact in a fast-paced environment.,Junior (1-3 years),Master's Degree in Business Administration (MBA),"USD 45,000-75,000",Full-time,"['SQL', 'Power BI', 'Excel']",3
100200,Supply Chain Coordinator,Delta Freight Solutions,"Chennai, Tamil Nadu, India",We are seeking a talented Supply Chain Coordinator who is passionate about delivering results. Responsibilities include: work with SAP to manage procurement and vendor management processes; identify opportunities for process improvement and cost analysis; communicate with logistics partners to ensure timely deliveries. Requirements: strong Excel skills for demand planning and cost analysis; experience with vendor management and procurement. This is a great opportunity to make an impact in a fast-paced environment.,Lead (8-12 years),Master's Degree,"GBP 28,000-45,000",Full-time,"['Excel', 'SAP']",2
100201,Business Analyst,Bramble Retailers,"San Francisco, CA, USA",We are looking for a motivated Business Analyst to join our growing team. Responsibilities include: work closely with Agile teams to translate requirements into user stories; analyze data using SQL and Excel to identify process improvements; create process maps to visualize current and future state workflows. Requirements: strong SQL and Excel skills for data analysis; familiarity with Agile delivery and documentation practices. We offer a collaborative environment and opportunities for professional growth.,Mid level (3-5 years),PhD or equivalent research experience,"INR 800,000-1,600,000",Full-time,"['SQL', 'Excel', 'Agile']",3
100202,UX/UI Designer,Silverline Consulting,"New York, NY, USA",Join us as a UX/UI Designer and help drive our team's success. Responsibilities include: create wireframes and interactive prototypes using Figma; build and maintain a consistent design system across products; conduct user research and usability testing to inform design decisions. Requirements: experience conducting user research and usability testing; understanding of accessibility and visual design principles. This role offers competitive benefits and a flexible work culture.,Mid level (3-5 years),Bachelor's Degree,"INR 1,600,000-2,800,000",Full-time,['Figma'],1
100203,UX/UI Designer,Lumen Insurance,"London, United Kingdom",Join us as a UX/UI Designer and help drive our team's success. Responsibilities include: ensure designs meet accessibility standards; collaborate with product and engineering teams on interaction design; build and maintain a consistent design system across products. Requirements: strong portfolio demonstrating wireframing and prototyping skills; proficiency in Figma or Adobe XD. We offer a collaborative environment and opportunities for professional growth.,Lead (8-12 years),Diploma or equivalent professional certification,"EUR 35,000-55,000",Full-time,['Figma'],1
100204,Backend Software Engineer,Riverside EdTech,"San Francisco, CA, USA",We are looking for a motivated Backend Software Engineer to join our growing team. Responsibilities include: optimize PostgreSQL queries for performance at scale; set up CI/CD pipelines to automate testing and deployment; develop and maintain microservices deployed on Kubernetes. Requirements: understanding of CI/CD pipelines and version control with Git; solid experience with Java and Spring Boot. We offer a collaborative environment and opportunities for professional growth.,Mid level (3-5 years),Bachelor's Degree in Computer Science or related field,"EUR 55,000-90,000",Full-time,"['SQL', 'Java', 'Kubernetes', 'Git', 'CI/CD', 'Spring Boot']",6
100205,Backend Software Engineer,Skyline Software Labs,"San Francisco, CA, USA","We are seeking a talented Backend Software Engineer who is passionate about delivering results. Responsibilities include: set up CI/CD pipelines to automate testing and deployment; optimize PostgreSQL queries for performance at scale; write clean, testable code and participate in code reviews using Git. Requirements: practical knowledge of Docker and Kubernetes for containerized deployments; understanding of CI/CD pipelines and version control with Git. We offer a collaborative environment and opportunities for professional growth.",Lead (8-12 years),Master's Degree,"GBP 28,000-45,000",Full-time,"['SQL', 'Kubernetes', 'Docker', 'Git', 'CI/CD']",5
100206,Product Manager,Orbital Systems,"Chicago, IL, USA",We are seeking a talented Product Manager who is passionate about delivering results. Responsibilities include: run A/B tests to validate product hypotheses; communicate product strategy to stakeholders across the organization; work with engineering and design teams in an Agile environment using Jira. Requirements: familiarity with Agile methodologies and tools like Jira; strong data analysis and prioritization skills. This is a great opportunity to make an impact in a fast-paced environment.,Entry level (0-1 years),Bachelor's Degree,"USD 110,000-160,000",Full-time,"['Jira', 'Agile']",2
100207,Human Resources Business Partner,Redwood Robotics,"Hyderabad, Telangana, India",We are looking for a motivated Human Resources Business Partner to join our growing team. Responsibilities include: handle employee relations issues and conflict resolution; partner with department leaders on talent acquisition and workforce planning; ensure labor law compliance across all HR processes. Requirements: experience in talent acquisition and employee relations; understanding of labor law compliance requirements. We value continuous learning and provide support for career development.,Executive (12+ years),Diploma or equivalent professional certification,"INR 800,000-1,600,000",Full-time,[],0
100208,Supply Chain Coordinator,Orbital Systems,Remote,Our company is hiring an experienced Supply Chain Coordinator to support key initiatives. Responsibilities include: communicate with logistics partners to ensure timely deliveries; work with SAP to manage procurement and vendor management processes; identify opportunities for process improvement and cost analysis. Requirements: experience with vendor management and procurement; hands-on knowledge of SAP or similar ERP systems. This role offers competitive benefits and a flexible work culture.,Executive (12+ years),Master's Degree,"GBP 45,000-75,000",Contract,['SAP'],1
100209,Financial Analyst,Crestview Realty,"Delhi, India","We are looking for a motivated Financial Analyst to join our growing team. Responsibilities include: ensure reporting complies with GAAP standards; prepare monthly financial reporting and variance analysis; create dashboards in Power BI to track key financial metrics. Requirements: understanding of GAAP and risk analysis principles; experience with forecasting, budgeting, and variance analysis. We offer a collaborative environment and opportunities for professional growth.",Executive (12+ years),PhD or equivalent research experience,"INR 1,600,000-2,800,000",Full-time,['Power BI'],1
100210,UX/UI Designer,Vertex Financial Services,"New York, NY, USA",We are looking for a motivated UX/UI Designer to join our growing team. Responsibilities include: ensure designs meet accessibility standards; create wireframes and interactive prototypes using Figma; collaborate with product and engineering teams on interaction design. Requirements: experience conducting user research and usability testing; strong portfolio demonstrating wireframing and prototyping skills. This is a great opportunity to make an impact in a fast-paced environment.,Executive (12+ years),Bachelor's Degree,"EUR 35,000-55,000",Full-time,['Figma'],1
100211,Backend Software Engineer,Skyline Software Labs,Remote,"Join us as a Backend Software Engineer and help drive our team's success. Responsibilities include: optimize PostgreSQL queries for performance at scale; set up CI/CD pipelines to automate testing and deployment; write clean, testable code and participate in code reviews using Git. Requirements: solid experience with Java and Spring Boot; practical knowledge of Docker and Kubernetes for containerized deployments. We value continuous learning and provide support for career development.",Lead (8-12 years),"Master's Degree in Data Science, Statistics, or related field","EUR 35,000-55,000",Contract,"['SQL', 'Java', 'Kubernetes', 'Docker', 'Git', 'CI/CD', 'Spring Boot']",7
100212,Product Manager,Delta Freight Solutions,"Delhi, India",We are looking for a motivated Product Manager to join our growing team. Responsibilities include: work with engineering and design teams in an Agile environment using Jira; run A/B tests to validate product hypotheses; own the product roadmap and prioritize features based on user research. Requirements: familiarity with Agile methodologies and tools like Jira; excellent stakeholder management and cross-functional leadership abilities. We offer a collaborative environment and opportunities for professional growth.,Executive (12+ years),Master's Degree in Business Administration (MBA),"EUR 35,000-55,000",Contract,"['Jira', 'Agile']",2
100213,Frontend Developer,Ironwood Manufacturing,"Chennai, Tamil Nadu, India",Join us as a Frontend Developer and help drive our team's success. Responsibilities include: write unit tests with Jest to ensure code reliability; translate Figma designs into pixel-perfect HTML and CSS; optimize bundle size and performance using Webpack. Requirements: hands-on experience with React and modern frontend tooling; familiarity with responsive design principles across devices. This role offers competitive benefits and a flexible work culture.,Senior (5-8 years),Bachelor's Degree in Computer Science or related field,"EUR 35,000-55,000",Full-time,"['React', 'Figma']",2
100214,Product Manager,Harbor & Co,"Chennai, Tamil Nadu, India",We are looking for a motivated Product Manager to join our growing team. Responsibilities include: analyze product data to inform strategic decisions; work with engineering and design teams in an Agile environment using Jira; own the product roadmap and prioritize features based on user research. Requirements: excellent stakeholder management and cross-functional leadership abilities; strong data analysis and prioritization skills. This is a great opportunity to make an impact in a fast-paced environment.,Senior (5-8 years),High School Diploma,"INR 800,000-1,600,000",Full-time,"['Jira', 'Agile']",2
100215,Financial Analyst,Amber Foods Co,"Vancouver, Canada",We are looking for a motivated Financial Analyst to join our growing team. Responsibilities include: ensure reporting complies with GAAP standards; build financial models to support budgeting and forecasting; create dashboards in Power BI to track key financial metrics. Requirements: familiarity with SQL and Power BI for financial reporting; advanced Excel skills including financial modeling. We value continuous learning and provide support for career development.,Senior (5-8 years),Diploma or equivalent professional certification,"USD 110,000-160,000",Full-time,"['SQL', 'Power BI', 'Excel']",3
100216,DevOps Engineer,Zenith Marketing House,"Chicago, IL, USA",We are looking for a motivated DevOps Engineer to join our growing team. Responsibilities include: set up monitoring and alerting to ensure system reliability; manage cloud infrastructure on AWS using Terraform; build and maintain CI/CD pipelines with Jenkins. Requirements: experience building CI/CD pipelines and automation scripts in Python; familiarity with monitoring and logging tools. We offer a collaborative environment and opportunities for professional growth.,Senior (5-8 years),Diploma or equivalent professional certification,"GBP 45,000-75,000",Full-time,"['Python', 'AWS', 'CI/CD']",3
100217,UX/UI Designer,Silverline Consulting,"Amsterdam, Netherlands",Our company is hiring an experienced UX/UI Designer to support key initiatives. Responsibilities include: build and maintain a consistent design system across products; conduct user research and usability testing to inform design decisions; create wireframes and interactive prototypes using Figma. Requirements: experience conducting user research and usability testing; proficiency in Figma or Adobe XD. We offer a collaborative environment and opportunities for professional growth.,Senior (5-8 years),Bachelor's Degree,"EUR 55,000-90,000",Full-time,['Figma'],1
100218,Product Manager,Granite Construction Group,"Hyderabad, Telangana, India",We are seeking a talented Product Manager who is passionate about delivering results. Responsibilities include: communicate product strategy to stakeholders across the organization; analyze product data to inform strategic decisions; own the product roadmap and prioritize features based on user research. Requirements: familiarity with Agile methodologies and tools like Jira; experience owning product strategy and roadmap planning. This role offers competitive benefits and a flexible work culture.,Junior (1-3 years),Master's Degree,"EUR 35,000-55,000",Part-time,"['Jira', 'Agile']",2
100219,Data Scientist,Pinecrest Energy,"Boston, MA, USA",We are seeking a talented Data Scientist who is passionate about delivering results. Responsibilities include: design and evaluate A/B tests to measure product impact; create dashboards and visualizations to communicate findings to stakeholders; collaborate with engineering teams to productionize models using TensorFlow or PyTorch. Requirements: strong proficiency in Python and SQL; experience with data visualization tools like Tableau or Power BI. This is a great opportunity to make an impact in a fast-paced environment.,Lead (8-12 years),Bachelor's Degree in Computer Science or related field,"INR 800,000-1,600,000",Full-time,"['Python', 'SQL', 'Power BI', 'Tableau', 'TensorFlow', 'PyTorch']",6
100220,Data Scientist,Skyline Software Labs,"Sydney, Australia","We are seeking a talented Data Scientist who is passionate about delivering results. Responsibilities include: analyze large datasets using Python and SQL to extract actionable insights; collaborate with engineering teams to productionize models using TensorFlow or PyTorch; create dashboards and visualizations to communicate findings to stakeholders. Requirements: hands-on experience with pandas, scikit-learn, and statistical modeling techniques; familiarity with deep learning frameworks such as TensorFlow or PyTorch. We value continuous learning and provide support for career development.",Junior (1-3 years),Master's Degree,"USD 110,000-160,000",Full-time,"['Python', 'SQL', 'TensorFlow', 'PyTorch', 'Pandas', 'Scikit-learn', 'Deep Learning']",7
100221,Supply Chain Coordinator,Lumen Insurance,"London, United Kingdom",We are seeking a talented Supply Chain Coordinator who is passionate about delivering results. Responsibilities include: support demand planning to optimize stock levels; identify opportunities for process improvement and cost analysis; work with SAP to manage procurement and vendor management processes. Requirements: strong Excel skills for demand planning and cost analysis; experience with vendor management and procurement. We offer a collaborative environment and opportunities for professional growth.,Executive (12+ years),Bachelor's Degree,"INR 1,600,000-2,800,000",Full-time,"['Excel', 'SAP']",2
100222,UX/UI Designer,Fernwood Digital,"Toronto, Canada",Join us as a UX/UI Designer and help drive our team's success. Responsibilities include: create wireframes and interactive prototypes using Figma; collaborate with product and engineering teams on interaction design; conduct user research and usability testing to inform design decisions. Requirements: understanding of accessibility and visual design principles; proficiency in Figma or Adobe XD. We value continuous learning and provide support for career development.,Executive (12+ years),"Master's Degree in Data Science, Statistics, or related field","USD 75,000-110,000",Full-time,['Figma'],1
100223,Digital Marketing Specialist,Prism Media Group,"Amsterdam, Netherlands",We are looking for a motivated Digital Marketing Specialist to join our growing team. Responsibilities include: plan and execute SEO strategies to improve organic search rankings; run A/B tests to optimize conversion rates on landing pages; analyze campaign performance using Google Analytics. Requirements: familiarity with marketing automation tools such as HubSpot; proven experience with SEO and Google Analytics. We offer a collaborative environment and opportunities for professional growth.,Lead (8-12 years),Diploma or equivalent professional certification,"INR 800,000-1,600,000",Full-time,[],0
100224,Frontend Developer,Silverline Consulting,"Toronto, Canada","We are seeking a talented Frontend Developer who is passionate about delivering results. Responsibilities include: translate Figma designs into pixel-perfect HTML and CSS; manage application state using Redux; build responsive, accessible user interfaces using React and TypeScript. Requirements: familiarity with responsive design principles across devices; hands-on experience with React and modern frontend tooling. We offer a collaborative environment and opportunities for professional growth.",Senior (5-8 years),Master's Degree,"USD 110,000-160,000",Full-time,"['React', 'Figma']",2
100225,Human Resources Business Partner,Amber Foods Co,"Sydney, Australia",Join us as a Human Resources Business Partner and help drive our team's success. Responsibilities include: partner with department leaders on talent acquisition and workforce planning; ensure labor law compliance across all HR processes; support performance management cycles and compensation planning. Requirements: working knowledge of HRIS systems and performance management processes; understanding of labor law compliance requirements. We offer a collaborative environment and opportunities for professional growth.,Senior (5-8 years),Master's Degree in Business Administration (MBA),"USD 160,000-220,000",Full-time,[],0
100226,Frontend Developer,Pinecrest Energy,"San Francisco, CA, USA","We are seeking a talented Frontend Developer who is passionate about delivering results. Responsibilities include: build responsive, accessible user interfaces using React and TypeScript; write unit tests with Jest to ensure code reliability; manage application state using Redux. Requirements: hands-on experience with React and modern frontend tooling; experience collaborating with designers using tools like Figma. We offer a collaborative environment and opportunities for professional growth.",Senior (5-8 years),High School Diploma,"USD 45,000-75,000",Full-time,"['React', 'Figma']",2
100227,DevOps Engineer,Cascade Cloud Inc,"Pune, Maharashtra, India","We are seeking a talented DevOps Engineer who is passionate about delivering results. Responsibilities include: containerize applications using Docker and orchestrate them with Kubernetes; build and maintain CI/CD pipelines with Jenkins; automate configuration management with Ansible. Requirements: hands-on knowledge of Docker, Kubernetes, and Linux administration; experience building CI/CD pipelines and automation scripts in Python. This role offers competitive benefits and a flexible work culture.",Entry level (0-1 years),Bachelor's Degree,"INR 800,000-1,600,000",Part-time,"['Python', 'Kubernetes', 'Docker', 'CI/CD']",4
100228,Backend Software Engineer,Anchor Bank Corp,Singapore,We are seeking a talented Backend Software Engineer who is passionate about delivering results. Responsibilities include: develop and maintain microservices deployed on Kubernetes; optimize PostgreSQL queries for performance at scale; set up CI/CD pipelines to automate testing and deployment. Requirements: understanding of CI/CD pipelines and version control with Git; solid experience with Java and Spring Boot. We offer a collaborative environment and opportunities for professional growth.,Executive (12+ years),Bachelor's Degree in Computer Science or related field,"GBP 28,000-45,000",Full-time,"['SQL', 'Java', 'Kubernetes', 'Git', 'CI/CD', 'Spring Boot']",6
100229,Backend Software Engineer,Cobalt Retail Group,"Hyderabad, Telangana, India",We are seeking a talented Backend Software Engineer who is passionate about delivering results. Responsibilities include: develop and maintain microservices deployed on Kubernetes; optimize PostgreSQL queries for performance at scale; set up CI/CD pipelines to automate testing and deployment. Requirements: solid experience with Java and Spring Boot; understanding of CI/CD pipelines and version control with Git. We value continuous learning and provide support for career development.,Senior (5-8 years),"Master's Degree in Data Science, Statistics, or related field","INR 1,600,000-2,800,000",Full-time,"['SQL', 'Java', 'Kubernetes', 'Git', 'CI/CD', 'Spring Boot']",6
100230,UX/UI Designer,Nimbus Analytics,Remote,We are seeking a talented UX/UI Designer who is passionate about delivering results. Responsibilities include: conduct user research and usability testing to inform design decisions; create wireframes and interactive prototypes using Figma; collaborate with product and engineering teams on interaction design. Requirements: understanding of accessibility and visual design principles; strong portfolio demonstrating wireframing and prototyping skills. This role offers competitive benefits and a flexible work culture.,Junior (1-3 years),Master's Degree,"INR 1,600,000-2,800,000",Contract,['Figma'],1
100231,Product Manager,Crestview Realty,"Dubai, UAE",Our company is hiring an experienced Product Manager to support key initiatives. Responsibilities include: analyze product data to inform strategic decisions; communicate product strategy to stakeholders across the organization; work with engineering and design teams in an Agile environment using Jira. Requirements: familiarity with Agile methodologies and tools like Jira; excellent stakeholder management and cross-functional leadership abilities. We offer a collaborative environment and opportunities for professional growth.,Entry level (0-1 years),"Master's Degree in Data Science, Statistics, or related field","INR 800,000-1,600,000",Full-time,"['Jira', 'Agile']",2
100232,Data Scientist,Pinecrest Energy,"Pune, Maharashtra, India","Join us as a Data Scientist and help drive our team's success. Responsibilities include: create dashboards and visualizations to communicate findings to stakeholders; design and evaluate A/B tests to measure product impact; collaborate with engineering teams to productionize models using TensorFlow or PyTorch. Requirements: experience with data visualization tools like Tableau or Power BI; hands-on experience with pandas, scikit-learn, and statistical modeling techniques. This is a great opportunity to make an impact in a fast-paced environment.",Junior (1-3 years),High School Diploma,"USD 45,000-75,000",Full-time,"['Power BI', 'Tableau', 'TensorFlow', 'PyTorch', 'Pandas', 'Scikit-learn']",6
100233,Backend Software Engineer,Crestview Realty,"Amsterdam, Netherlands",We are seeking a talented Backend Software Engineer who is passionate about delivering results. Responsibilities include: design and build scalable REST APIs using Java and Spring Boot; develop and maintain microservices deployed on Kubernetes; optimize PostgreSQL queries for performance at scale. Requirements: experience working with AWS cloud services; practical knowledge of Docker and Kubernetes for containerized deployments. We offer a collaborative environment and opportunities for professional growth.,Junior (1-3 years),Master's Degree in Business Administration (MBA),"USD 75,000-110,000",Full-time,"['SQL', 'Java', 'AWS', 'Kubernetes', 'Docker', 'Spring Boot']",6
100234,Digital Marketing Specialist,Quartz Data Systems,"Manchester, United Kingdom",We are looking for a motivated Digital Marketing Specialist to join our growing team. Responsibilities include: create engaging content for email marketing and social media channels; plan and execute SEO strategies to improve organic search rankings; manage paid advertising campaigns across Google Ads and social media. Requirements: proven experience with SEO and Google Analytics; hands-on experience running PPC advertising campaigns. This role offers competitive benefits and a flexible work culture.,Junior (1-3 years),High School Diploma,"USD 160,000-220,000",Part-time,[],0
100235,Backend Software Engineer,Nimbus Analytics,"Chennai, Tamil Nadu, India","We are seeking a talented Backend Software Engineer who is passionate about delivering results. Responsibilities include: develop and maintain microservices deployed on Kubernetes; write clean, testable code and participate in code reviews using Git; design and build scalable REST APIs using Java and Spring Boot. Requirements: experience working with AWS cloud services; understanding of CI/CD pipelines and version control with Git. We offer a collaborative environment and opportunities for professional growth.",Junior (1-3 years),Diploma or equivalent professional certification,"INR 800,000-1,600,000",Part-time,"['Java', 'AWS', 'Kubernetes', 'Git', 'CI/CD', 'Spring Boot']",6
100236,Data Scientist,Prism Media Group,"Manchester, United Kingdom",We are looking for a motivated Data Scientist to join our growing team. Responsibilities include: collaborate with engineering teams to productionize models using TensorFlow or PyTorch; create dashboards and visualizations to communicate findings to stakeholders; design and evaluate A/B tests to measure product impact. Requirements: familiarity with deep learning frameworks such as TensorFlow or PyTorch; strong proficiency in Python and SQL. This is a great opportunity to make an impact in a fast-paced environment.,Entry level (0-1 years),Master's Degree in Business Administration (MBA),"EUR 35,000-55,000",Full-time,"['Python', 'SQL', 'TensorFlow', 'PyTorch', 'Deep Learning']",5
100237,Business Analyst,Meridian Health Solutions,"Boston, MA, USA",We are looking for a motivated Business Analyst to join our growing team. Responsibilities include: gather and document business requirements from stakeholders; work closely with Agile teams to translate requirements into user stories; build reports and dashboards in Power BI to support decision-making. Requirements: experience in requirements gathering and process mapping; strong SQL and Excel skills for data analysis. We value continuous learning and provide support for career development.,Entry level (0-1 years),Bachelor's Degree,"USD 160,000-220,000",Full-time,"['SQL', 'Power BI', 'Excel', 'Agile']",4
100238,Financial Analyst,Nova Payments Inc,"Chennai, Tamil Nadu, India","We are seeking a talented Financial Analyst who is passionate about delivering results. Responsibilities include: prepare monthly financial reporting and variance analysis; create dashboards in Power BI to track key financial metrics; use SQL to extract and analyze financial data from internal systems. Requirements: familiarity with SQL and Power BI for financial reporting; experience with forecasting, budgeting, and variance analysis. We offer a collaborative environment and opportunities for professional growth.",Entry level (0-1 years),PhD or equivalent research experience,"USD 160,000-220,000",Full-time,"['SQL', 'Power BI']",2
100239,Business Analyst,Ironwood Manufacturing,"Hyderabad, Telangana, India",We are looking for a motivated Business Analyst to join our growing team. Responsibilities include: build reports and dashboards in Power BI to support decision-making; gather and document business requirements from stakeholders; analyze data using SQL and Excel to identify process improvements. Requirements: familiarity with Agile delivery and documentation practices; strong SQL and Excel skills for data analysis. We value continuous learning and provide support for career development.,Entry level (0-1 years),Bachelor's Degree in Computer Science or related field,"USD 160,000-220,000",Full-time,"['SQL', 'Power BI', 'Excel', 'Agile']",4
100240,Backend Software Engineer,Zenith Marketing House,"Toronto, Canada",We are seeking a talented Backend Software Engineer who is passionate about delivering results. Responsibilities include: optimize PostgreSQL queries for performance at scale; develop and maintain microservices deployed on Kubernetes; set up CI/CD pipelines to automate testing and deployment. Requirements: experience working with AWS cloud services; understanding of CI/CD pipelines and version control with Git. This is a great opportunity to make an impact in a fast-paced environment.,Junior (1-3 years),Master's Degree in Business Administration (MBA),"EUR 35,000-55,000",Full-time,"['SQL', 'AWS', 'Kubernetes', 'Git', 'CI/CD']",5
100241,DevOps Engineer,Falconview Aerospace,"Amsterdam, Netherlands",Join us as a DevOps Engineer and help drive our team's success. Responsibilities include: manage cloud infrastructure on AWS using Terraform; build and maintain CI/CD pipelines with Jenkins; containerize applications using Docker and orchestrate them with Kubernetes. Requirements: experience building CI/CD pipelines and automation scripts in Python; familiarity with monitoring and logging tools. We offer a collaborative environment and opportunities for professional growth.,Junior (1-3 years),Bachelor's Degree in Computer Science or related field,"USD 45,000-75,000",Part-time,"['Python', 'AWS', 'Kubernetes', 'Docker', 'CI/CD']",5
100242,Human Resources Business Partner,Nimbus Analytics,Remote,Our company is hiring an experienced Human Resources Business Partner to support key initiatives. Responsibilities include: ensure labor law compliance across all HR processes; manage the employee onboarding process end to end; support performance management cycles and compensation planning. Requirements: understanding of labor law compliance requirements; experience in talent acquisition and employee relations. This role offers competitive benefits and a flexible work culture.,Executive (12+ years),Master's Degree in Business Administration (MBA),"USD 75,000-110,000",Full-time,[],0
100243,UX/UI Designer,Skyline Software Labs,"Pune, Maharashtra, India",Join us as a UX/UI Designer and help drive our team's success. Responsibilities include: conduct user research and usability testing to inform design decisions; ensure designs meet accessibility standards; build and maintain a consistent design system across products. Requirements: proficiency in Figma or Adobe XD; experience conducting user research and usability testing. This is a great opportunity to make an impact in a fast-paced environment.,Junior (1-3 years),PhD or equivalent research experience,"INR 800,000-1,600,000",Full-time,['Figma'],1
100244,Backend Software Engineer,Pinecrest Energy,Singapore,"We are seeking a talented Backend Software Engineer who is passionate about delivering results. Responsibilities include: write clean, testable code and participate in code reviews using Git; optimize PostgreSQL queries for performance at scale; develop and maintain microservices deployed on Kubernetes. Requirements: experience working with AWS cloud services; practical knowledge of Docker and Kubernetes for containerized deployments. This is a great opportunity to make an impact in a fast-paced environment.",Executive (12+ years),Bachelor's Degree in Computer Science or related field,"USD 160,000-220,000",Full-time,"['SQL', 'AWS', 'Kubernetes', 'Docker', 'Git']",5
100245,Digital Marketing Specialist,Northgate Logistics,"Pune, Maharashtra, India",We are looking for a motivated Digital Marketing Specialist to join our growing team. Responsibilities include: manage paid advertising campaigns across Google Ads and social media; create engaging content for email marketing and social media channels; run A/B tests to optimize conversion rates on landing pages. Requirements: strong copywriting skills for content and email marketing; hands-on experience running PPC advertising campaigns. We offer a collaborative environment and opportunities for professional growth.,Junior (1-3 years),Bachelor's Degree,"USD 110,000-160,000",Internship,[],0
100246,Customer Support Specialist,Ironwood Manufacturing,"New York, NY, USA",We are looking for a motivated Customer Support Specialist to join our growing team. Responsibilities include: troubleshoot product issues and escalate complex cases when needed; maintain accurate records in the CRM software; build strong product knowledge to resolve issues efficiently. Requirements: prior experience in customer service or technical support; experience using CRM software to track customer interactions. We value continuous learning and provide support for career development.,Senior (5-8 years),Master's Degree in Business Administration (MBA),"USD 75,000-110,000",Full-time,[],0
100247,Frontend Developer,Fernwood Digital,"San Francisco, CA, USA","We are seeking a talented Frontend Developer who is passionate about delivering results. Responsibilities include: manage application state using Redux; translate Figma designs into pixel-perfect HTML and CSS; build responsive, accessible user interfaces using React and TypeScript. Requirements: experience collaborating with designers using tools like Figma; hands-on experience with React and modern frontend tooling. This role offers competitive benefits and a flexible work culture.",Senior (5-8 years),High School Diploma,"EUR 55,000-90,000",Internship,"['React', 'Figma']",2
100248,Backend Software Engineer,Silverline Consulting,"Hyderabad, Telangana, India",We are looking for a motivated Backend Software Engineer to join our growing team. Responsibilities include: develop and maintain microservices deployed on Kubernetes; optimize PostgreSQL queries for performance at scale; design and build scalable REST APIs using Java and Spring Boot. Requirements: understanding of CI/CD pipelines and version control with Git; practical knowledge of Docker and Kubernetes for containerized deployments. We offer a collaborative environment and opportunities for professional growth.,Junior (1-3 years),Bachelor's Degree,"USD 45,000-75,000",Contract,"['SQL', 'Java', 'Kubernetes', 'Docker', 'Git', 'CI/CD', 'Spring Boot']",7
100249,Business Analyst,Pinecrest Energy,"Austin, TX, USA",Our company is hiring an experienced Business Analyst to support key initiatives. Responsibilities include: build reports and dashboards in Power BI to support decision-making; analyze data using SQL and Excel to identify process improvements; gather and document business requirements from stakeholders. Requirements: familiarity with Agile delivery and documentation practices; experience in requirements gathering and process mapping. We offer a collaborative environment and opportunities for professional growth.,Entry level (0-1 years),High School Diploma,"USD 75,000-110,000",Internship,"['SQL', 'Power BI', 'Excel', 'Agile']",4
100250,Product Manager,BluePeak Technologies,"Delhi, India",We are looking for a motivated Product Manager to join our growing team. Responsibilities include: analyze product data to inform strategic decisions; communicate product strategy to stakeholders across the organization; own the product roadmap and prioritize features based on user research. Requirements: strong data analysis and prioritization skills; experience owning product strategy and roadmap planning. This role offers competitive benefits and a flexible work culture.,Senior (5-8 years),PhD or equivalent research experience,"GBP 28,000-45,000",Internship,[],0
100251,Digital Marketing Specialist,Skyline Software Labs,"Toronto, Canada",We are seeking a talented Digital Marketing Specialist who is passionate about delivering results. Responsibilities include: create engaging content for email marketing and social media channels; run A/B tests to optimize conversion rates on landing pages; analyze campaign performance using Google Analytics. Requirements: familiarity with marketing automation tools such as HubSpot; proven experience with SEO and Google Analytics. We offer a collaborative environment and opportunities for professional growth.,Entry level (0-1 years),Master's Degree,"EUR 55,000-90,000",Contract,[],0
100252,Digital Marketing Specialist,Cascade Cloud Inc,"Chennai, Tamil Nadu, India",We are looking for a motivated Digital Marketing Specialist to join our growing team. Responsibilities include: create engaging content for email marketing and social media channels; analyze campaign performance using Google Analytics; manage paid advertising campaigns across Google Ads and social media. Requirements: familiarity with marketing automation tools such as HubSpot; hands-on experience running PPC advertising campaigns. We value continuous learning and provide support for career development.,Executive (12+ years),Master's Degree,"EUR 55,000-90,000",Full-time,[],0
100253,Financial Analyst,Skyline Software Labs,"Delhi, India",We are seeking a talented Financial Analyst who is passionate about delivering results. Responsibilities include: build financial models to support budgeting and forecasting; create dashboards in Power BI to track key financial metrics; use SQL to extract and analyze financial data from internal systems. Requirements: familiarity with SQL and Power BI for financial reporting; understanding of GAAP and risk analysis principles. This role offers competitive benefits and a flexible work culture.,Lead (8-12 years),Master's Degree,"USD 45,000-75,000",Full-time,"['SQL', 'Power BI']",2
100254,Frontend Developer,Orbital Systems,"San Francisco, CA, USA","Join us as a Frontend Developer and help drive our team's success. Responsibilities include: manage application state using Redux; translate Figma designs into pixel-perfect HTML and CSS; build responsive, accessible user interfaces using React and TypeScript. Requirements: hands-on experience with React and modern frontend tooling; familiarity with responsive design principles across devices. We value continuous learning and provide support for career development.",Mid level (3-5 years),High School Diploma,"USD 160,000-220,000",Full-time,"['React', 'Figma']",2
100255,UX/UI Designer,Quartz Data Systems,"Boston, MA, USA",Our company is hiring an experienced UX/UI Designer to support key initiatives. Responsibilities include: ensure designs meet accessibility standards; create wireframes and interactive prototypes using Figma; collaborate with product and engineering teams on interaction design. Requirements: experience conducting user research and usability testing; strong portfolio demonstrating wireframing and prototyping skills. This is a great opportunity to make an impact in a fast-paced environment.,Entry level (0-1 years),"Master's Degree in Data Science, Statistics, or related field","EUR 35,000-55,000",Internship,['Figma'],1
100256,Data Scientist,Fernwood Digital,"Bengaluru, Karnataka, India","Join us as a Data Scientist and help drive our team's success. Responsibilities include: build and deploy machine learning models to solve business problems; design and evaluate A/B tests to measure product impact; collaborate with engineering teams to productionize models using TensorFlow or PyTorch. Requirements: hands-on experience with pandas, scikit-learn, and statistical modeling techniques; strong proficiency in Python and SQL. We value continuous learning and provide support for career development.",Junior (1-3 years),High School Diploma,"GBP 45,000-75,000",Full-time,"['Python', 'SQL', 'TensorFlow', 'PyTorch', 'Pandas', 'Scikit-learn', 'Machine Learning']",7
100257,UX/UI Designer,Meridian Health Solutions,"Seattle, WA, USA",We are seeking a talented UX/UI Designer who is passionate about delivering results. Responsibilities include: conduct user research and usability testing to inform design decisions; build and maintain a consistent design system across products; collaborate with product and engineering teams on interaction design. Requirements: understanding of accessibility and visual design principles; experience conducting user research and usability testing. We offer a collaborative environment and opportunities for professional growth.,Junior (1-3 years),Bachelor's Degree in Computer Science or related field,"USD 75,000-110,000",Full-time,[],0
100258,Human Resources Business Partner,Harbor & Co,"Seattle, WA, USA",Join us as a Human Resources Business Partner and help drive our team's success. Responsibilities include: handle employee relations issues and conflict resolution; manage the employee onboarding process end to end; ensure labor law compliance across all HR processes. Requirements: strong stakeholder management and communication skills; experience in talent acquisition and employee relations. This role offers competitive benefits and a flexible work culture.,Junior (1-3 years),PhD or equivalent research experience,"EUR 55,000-90,000",Full-time,[],0
100259,Financial Analyst,Harbor & Co,"Chicago, IL, USA",Join us as a Financial Analyst and help drive our team's success. Responsibilities include: ensure reporting complies with GAAP standards; build financial models to support budgeting and forecasting; create dashboards in Power BI to track key financial metrics. Requirements: familiarity with SQL and Power BI for financial reporting; understanding of GAAP and risk analysis principles. This role offers competitive benefits and a flexible work culture.,Executive (12+ years),High School Diploma,"EUR 35,000-55,000",Full-time,"['SQL', 'Power BI']",2
100260,Supply Chain Coordinator,Pinecrest Energy,"Hyderabad, Telangana, India",Our company is hiring an experienced Supply Chain Coordinator to support key initiatives. Responsibilities include: support demand planning to optimize stock levels; communicate with logistics partners to ensure timely deliveries; coordinate inventory management and shipment tracking across warehouses. Requirements: experience in logistics coordination and inventory management; strong Excel skills for demand planning and cost analysis. We value continuous learning and provide support for career development.,Junior (1-3 years),"Master's Degree in Data Science, Statistics, or related field","USD 75,000-110,000",Internship,['Excel'],1
100261,Product Manager,Nimbus Analytics,"Austin, TX, USA",We are seeking a talented Product Manager who is passionate about delivering results. Responsibilities include: own the product roadmap and prioritize features based on user research; communicate product strategy to stakeholders across the organization; analyze product data to inform strategic decisions. Requirements: excellent stakeholder management and cross-functional leadership abilities; familiarity with Agile methodologies and tools like Jira. This is a great opportunity to make an impact in a fast-paced environment.,Executive (12+ years),Bachelor's Degree,"INR 800,000-1,600,000",Full-time,"['Jira', 'Agile']",2
100262,Frontend Developer,Willowbrook Hospitality,"Manchester, United Kingdom","Join us as a Frontend Developer and help drive our team's success. Responsibilities include: build responsive, accessible user interfaces using React and TypeScript; write unit tests with Jest to ensure code reliability; manage application state using Redux. Requirements: hands-on experience with React and modern frontend tooling; strong command of JavaScript, HTML, and CSS. This is a great opportunity to make an impact in a fast-paced environment.",Senior (5-8 years),"Master's Degree in Data Science, Statistics, or related field","GBP 45,000-75,000",Full-time,"['JavaScript', 'React']",2
100263,Backend Software Engineer,Bramble Retailers,"Bengaluru, Karnataka, India","We are looking for a motivated Backend Software Engineer to join our growing team. Responsibilities include: write clean, testable code and participate in code reviews using Git; develop and maintain microservices deployed on Kubernetes; set up CI/CD pipelines to automate testing and deployment. Requirements: practical knowledge of Docker and Kubernetes for containerized deployments; experience working with AWS cloud services. We offer a collaborative environment and opportunities for professional growth.",Mid level (3-5 years),Master's Degree in Business Administration (MBA),"USD 75,000-110,000",Full-time,"['AWS', 'Kubernetes', 'Docker', 'Git', 'CI/CD']",5
100264,Customer Support Specialist,Willowbrook Hospitality,"Pune, Maharashtra, India","Join us as a Customer Support Specialist and help drive our team's success. Responsibilities include: troubleshoot product issues and escalate complex cases when needed; build strong product knowledge to resolve issues efficiently; respond to customer inquiries via email, live chat, and ticketing systems like Zendesk. Requirements: prior experience in customer service or technical support; experience using CRM software to track customer interactions. We value continuous learning and provide support for career development.",Lead (8-12 years),Diploma or equivalent professional certification,"USD 45,000-75,000",Full-time,[],0
100265,DevOps Engineer,Vertex Financial Services,"Manchester, United Kingdom","We are seeking a talented DevOps Engineer who is passionate about delivering results. Responsibilities include: containerize applications using Docker and orchestrate them with Kubernetes; build and maintain CI/CD pipelines with Jenkins; manage cloud infrastructure on AWS using Terraform. Requirements: strong experience with AWS and infrastructure-as-code tools like Terraform; hands-on knowledge of Docker, Kubernetes, and Linux administration. This is a great opportunity to make an impact in a fast-paced environment.",Executive (12+ years),Master's Degree in Business Administration (MBA),"EUR 55,000-90,000",Full-time,"['AWS', 'Kubernetes', 'Docker', 'CI/CD']",4
100266,Frontend Developer,BluePeak Technologies,"Boston, MA, USA","Join us as a Frontend Developer and help drive our team's success. Responsibilities include: translate Figma designs into pixel-perfect HTML and CSS; build responsive, accessible user interfaces using React and TypeScript; write unit tests with Jest to ensure code reliability. Requirements: hands-on experience with React and modern frontend tooling; strong command of JavaScript, HTML, and CSS. We value continuous learning and provide support for career development.",Entry level (0-1 years),Master's Degree in Business Administration (MBA),"EUR 55,000-90,000",Full-time,"['JavaScript', 'React', 'Figma']",3
100267,Backend Software Engineer,Redwood Robotics,"Hyderabad, Telangana, India",We are seeking a talented Backend Software Engineer who is passionate about delivering results. Responsibilities include: design and build scalable REST APIs using Java and Spring Boot; set up CI/CD pipelines to automate testing and deployment; optimize PostgreSQL queries for performance at scale. Requirements: experience working with AWS cloud services; practical knowledge of Docker and Kubernetes for containerized deployments. We value continuous learning and provide support for career development.,Senior (5-8 years),Diploma or equivalent professional certification,"GBP 28,000-45,000",Full-time,"['SQL', 'Java', 'AWS', 'Kubernetes', 'Docker', 'CI/CD', 'Spring Boot']",7
100268,Frontend Developer,Silverline Consulting,"Bengaluru, Karnataka, India","We are seeking a talented Frontend Developer who is passionate about delivering results. Responsibilities include: optimize bundle size and performance using Webpack; build responsive, accessible user interfaces using React and TypeScript; write unit tests with Jest to ensure code reliability. Requirements: strong command of JavaScript, HTML, and CSS; experience collaborating with designers using tools like Figma. We value continuous learning and provide support for career development.",Senior (5-8 years),Master's Degree in Business Administration (MBA),"USD 160,000-220,000",Full-time,"['JavaScript', 'React', 'Figma']",3
100269,Customer Support Specialist,Lumen Insurance,Singapore,Join us as a Customer Support Specialist and help drive our team's success. Responsibilities include: handle escalation management for high-priority customer concerns; build strong product knowledge to resolve issues efficiently; maintain accurate records in the CRM software. Requirements: familiarity with ticketing systems such as Zendesk; experience using CRM software to track customer interactions. We value continuous learning and provide support for career development.,Entry level (0-1 years),PhD or equivalent research experience,"GBP 45,000-75,000",Full-time,[],0
100270,Backend Software Engineer,Cascade Cloud Inc,"Bengaluru, Karnataka, India",Join us as a Backend Software Engineer and help drive our team's success. Responsibilities include: develop and maintain microservices deployed on Kubernetes; optimize PostgreSQL queries for performance at scale; design and build scalable REST APIs using Java and Spring Boot. Requirements: practical knowledge of Docker and Kubernetes for containerized deployments; solid experience with Java and Spring Boot. We offer a collaborative environment and opportunities for professional growth.,Lead (8-12 years),Bachelor's Degree in Computer Science or related field,"USD 75,000-110,000",Full-time,"['SQL', 'Java', 'Kubernetes', 'Docker', 'Spring Boot']",5
100271,Financial Analyst,Fernwood Digital,Remote,We are seeking a talented Financial Analyst who is passionate about delivering results. Responsibilities include: use SQL to extract and analyze financial data from internal systems; build financial models to support budgeting and forecasting; create dashboards in Power BI to track key financial metrics. Requirements: understanding of GAAP and risk analysis principles; familiarity with SQL and Power BI for financial reporting. This is a great opportunity to make an impact in a fast-paced environment.,Executive (12+ years),Bachelor's Degree in Computer Science or related field,"EUR 35,000-55,000",Full-time,"['SQL', 'Power BI']",2
100272,Customer Support Specialist,Prism Media Group,"Austin, TX, USA",Join us as a Customer Support Specialist and help drive our team's success. Responsibilities include: troubleshoot product issues and escalate complex cases when needed; handle escalation management for high-priority customer concerns; maintain accurate records in the CRM software. Requirements: prior experience in customer service or technical support; experience using CRM software to track customer interactions. We offer a collaborative environment and opportunities for professional growth.,Entry level (0-1 years),PhD or equivalent research experience,"USD 75,000-110,000",Full-time,[],0
100273,Digital Marketing Specialist,Granite Construction Group,"Amsterdam, Netherlands",Join us as a Digital Marketing Specialist and help drive our team's success. Responsibilities include: run A/B tests to optimize conversion rates on landing pages; create engaging content for email marketing and social media channels; plan and execute SEO strategies to improve organic search rankings. Requirements: hands-on experience running PPC advertising campaigns; familiarity with marketing automation tools such as HubSpot. This is a great opportunity to make an impact in a fast-paced environment.,Senior (5-8 years),Master's Degree in Business Administration (MBA),"INR 1,600,000-2,800,000",Contract,[],0
100274,Frontend Developer,Delta Freight Solutions,"Dubai, UAE","We are seeking a talented Frontend Developer who is passionate about delivering results. Responsibilities include: translate Figma designs into pixel-perfect HTML and CSS; build responsive, accessible user interfaces using React and TypeScript; manage application state using Redux. Requirements: experience collaborating with designers using tools like Figma; hands-on experience with React and modern frontend tooling. We value continuous learning and provide support for career development.",Senior (5-8 years),High School Diploma,"INR 1,600,000-2,800,000",Full-time,"['React', 'Figma']",2
100275,Data Scientist,Prism Media Group,"Chicago, IL, USA",Our company is hiring an experienced Data Scientist to support key initiatives. Responsibilities include: design and evaluate A/B tests to measure product impact; collaborate with engineering teams to productionize models using TensorFlow or PyTorch; analyze large datasets using Python and SQL to extract actionable insights. Requirements: familiarity with deep learning frameworks such as TensorFlow or PyTorch; experience with data visualization tools like Tableau or Power BI. This is a great opportunity to make an impact in a fast-paced environment.,Senior (5-8 years),Bachelor's Degree,"USD 160,000-220,000",Full-time,"['Python', 'SQL', 'Power BI', 'Tableau', 'TensorFlow', 'PyTorch', 'Deep Learning']",7
100276,Business Analyst,Crestview Realty,"Pune, Maharashtra, India",We are seeking a talented Business Analyst who is passionate about delivering results. Responsibilities include: gather and document business requirements from stakeholders; analyze data using SQL and Excel to identify process improvements; work closely with Agile teams to translate requirements into user stories. Requirements: familiarity with Agile delivery and documentation practices; excellent stakeholder management and problem-solving skills. This is a great opportunity to make an impact in a fast-paced environment.,Junior (1-3 years),PhD or equivalent research experience,"GBP 28,000-45,000",Full-time,"['SQL', 'Excel', 'Agile']",3
100277,Frontend Developer,Riverside EdTech,"Berlin, Germany","Our company is hiring an experienced Frontend Developer to support key initiatives. Responsibilities include: build responsive, accessible user interfaces using React and TypeScript; translate Figma designs into pixel-perfect HTML and CSS; optimize bundle size and performance using Webpack. Requirements: experience collaborating with designers using tools like Figma; strong command of JavaScript, HTML, and CSS. We value continuous learning and provide support for career development.",Entry level (0-1 years),Bachelor's Degree in Computer Science or related field,"USD 160,000-220,000",Contract,"['JavaScript', 'React', 'Figma']",3
100278,UX/UI Designer,Vertex Financial Services,"Austin, TX, USA",We are looking for a motivated UX/UI Designer to join our growing team. Responsibilities include: conduct user research and usability testing to inform design decisions; create wireframes and interactive prototypes using Figma; collaborate with product and engineering teams on interaction design. Requirements: understanding of accessibility and visual design principles; experience conducting user research and usability testing. This is a great opportunity to make an impact in a fast-paced environment.,Senior (5-8 years),PhD or equivalent research experience,"EUR 55,000-90,000",Full-time,['Figma'],1
100279,Frontend Developer,Granite Construction Group,"Vancouver, Canada","We are seeking a talented Frontend Developer who is passionate about delivering results. Responsibilities include: build responsive, accessible user interfaces using React and TypeScript; manage application state using Redux; optimize bundle size and performance using Webpack. Requirements: experience collaborating with designers using tools like Figma; strong command of JavaScript, HTML, and CSS. This role offers competitive benefits and a flexible work culture.",Mid level (3-5 years),"Master's Degree in Data Science, Statistics, or related field","USD 110,000-160,000",Full-time,"['JavaScript', 'React', 'Figma']",3
100280,Business Analyst,Riverside EdTech,"New York, NY, USA",Our company is hiring an experienced Business Analyst to support key initiatives. Responsibilities include: create process maps to visualize current and future state workflows; build reports and dashboards in Power BI to support decision-making; work closely with Agile teams to translate requirements into user stories. Requirements: experience in requirements gathering and process mapping; familiarity with Agile delivery and documentation practices. We offer a collaborative environment and opportunities for professional growth.,Executive (12+ years),Master's Degree,"EUR 55,000-90,000",Contract,"['Power BI', 'Agile']",2
100281,Product Manager,Nova Payments Inc,"Chennai, Tamil Nadu, India",We are seeking a talented Product Manager who is passionate about delivering results. Responsibilities include: communicate product strategy to stakeholders across the organization; run A/B tests to validate product hypotheses; analyze product data to inform strategic decisions. Requirements: strong data analysis and prioritization skills; familiarity with Agile methodologies and tools like Jira. This is a great opportunity to make an impact in a fast-paced environment.,Lead (8-12 years),High School Diploma,"USD 160,000-220,000",Full-time,"['Jira', 'Agile']",2
100282,Human Resources Business Partner,Silverline Consulting,"Austin, TX, USA",We are looking for a motivated Human Resources Business Partner to join our growing team. Responsibilities include: partner with department leaders on talent acquisition and workforce planning; handle employee relations issues and conflict resolution; support performance management cycles and compensation planning. Requirements: strong stakeholder management and communication skills; working knowledge of HRIS systems and performance management processes. We offer a collaborative environment and opportunities for professional growth.,Mid level (3-5 years),PhD or equivalent research experience,"EUR 35,000-55,000",Full-time,[],0
100283,Product Manager,Fernwood Digital,"Seattle, WA, USA",We are seeking a talented Product Manager who is passionate about delivering results. Responsibilities include: run A/B tests to validate product hypotheses; work with engineering and design teams in an Agile environment using Jira; own the product roadmap and prioritize features based on user research. Requirements: familiarity with Agile methodologies and tools like Jira; experience owning product strategy and roadmap planning. This is a great opportunity to make an impact in a fast-paced environment.,Executive (12+ years),"Master's Degree in Data Science, Statistics, or related field","INR 400,000-800,000",Temporary,"['Jira', 'Agile']",2
100284,Supply Chain Coordinator,Prism Media Group,Remote,We are seeking a talented Supply Chain Coordinator who is passionate about delivering results. Responsibilities include: identify opportunities for process improvement and cost analysis; communicate with logistics partners to ensure timely deliveries; work with SAP to manage procurement and vendor management processes. Requirements: experience in logistics coordination and inventory management; strong Excel skills for demand planning and cost analysis. This role offers competitive benefits and a flexible work culture.,Entry level (0-1 years),Diploma or equivalent professional certification,"INR 400,000-800,000",Full-time,"['Excel', 'SAP']",2
100285,Human Resources Business Partner,Falconview Aerospace,"San Francisco, CA, USA",We are seeking a talented Human Resources Business Partner who is passionate about delivering results. Responsibilities include: ensure labor law compliance across all HR processes; handle employee relations issues and conflict resolution; partner with department leaders on talent acquisition and workforce planning. Requirements: working knowledge of HRIS systems and performance management processes; understanding of labor law compliance requirements. We offer a collaborative environment and opportunities for professional growth.,Executive (12+ years),Diploma or equivalent professional certification,"EUR 55,000-90,000",Full-time,[],0
100286,Product Manager,Cobalt Retail Group,"Austin, TX, USA",We are seeking a talented Product Manager who is passionate about delivering results. Responsibilities include: own the product roadmap and prioritize features based on user research; work with engineering and design teams in an Agile environment using Jira; analyze product data to inform strategic decisions. Requirements: familiarity with Agile methodologies and tools like Jira; strong data analysis and prioritization skills. We value continuous learning and provide support for career development.,Lead (8-12 years),Bachelor's Degree in Computer Science or related field,"EUR 55,000-90,000",Part-time,"['Jira', 'Agile']",2
100287,Financial Analyst,Bramble Retailers,"Seattle, WA, USA","We are looking for a motivated Financial Analyst to join our growing team. Responsibilities include: create dashboards in Power BI to track key financial metrics; build financial models to support budgeting and forecasting; use SQL to extract and analyze financial data from internal systems. Requirements: advanced Excel skills including financial modeling; experience with forecasting, budgeting, and variance analysis. This role offers competitive benefits and a flexible work culture.",Lead (8-12 years),Master's Degree in Business Administration (MBA),"GBP 28,000-45,000",Full-time,"['SQL', 'Power BI', 'Excel']",3
100288,Customer Support Specialist,Orbital Systems,Remote,Our company is hiring an experienced Customer Support Specialist to support key initiatives. Responsibilities include: troubleshoot product issues and escalate complex cases when needed; handle escalation management for high-priority customer concerns; build strong product knowledge to resolve issues efficiently. Requirements: experience using CRM software to track customer interactions; strong communication and conflict resolution skills. This is a great opportunity to make an impact in a fast-paced environment.,Mid level (3-5 years),PhD or equivalent research experience,"USD 45,000-75,000",Full-time,[],0
100289,Frontend Developer,Prism Media Group,"Delhi, India","Our company is hiring an experienced Frontend Developer to support key initiatives. Responsibilities include: manage application state using Redux; build responsive, accessible user interfaces using React and TypeScript; write unit tests with Jest to ensure code reliability. Requirements: experience collaborating with designers using tools like Figma; hands-on experience with React and modern frontend tooling. This role offers competitive benefits and a flexible work culture.",Senior (5-8 years),"Master's Degree in Data Science, Statistics, or related field","EUR 55,000-90,000",Part-time,"['React', 'Figma']",2
100290,Frontend Developer,Pinecrest Energy,"Delhi, India",Join us as a Frontend Developer and help drive our team's success. Responsibilities include: write unit tests with Jest to ensure code reliability; optimize bundle size and performance using Webpack; translate Figma designs into pixel-perfect HTML and CSS. Requirements: experience collaborating with designers using tools like Figma; hands-on experience with React and modern frontend tooling. We offer a collaborative environment and opportunities for professional growth.,Entry level (0-1 years),Bachelor's Degree in Computer Science or related field,"EUR 35,000-55,000",Full-time,"['React', 'Figma']",2
100291,Data Scientist,Zenith Marketing House,"New York, NY, USA","Our company is hiring an experienced Data Scientist to support key initiatives. Responsibilities include: build and deploy machine learning models to solve business problems; create dashboards and visualizations to communicate findings to stakeholders; design and evaluate A/B tests to measure product impact. Requirements: hands-on experience with pandas, scikit-learn, and statistical modeling techniques; strong proficiency in Python and SQL. We value continuous learning and provide support for career development.",Entry level (0-1 years),"Master's Degree in Data Science, Statistics, or related field","GBP 45,000-75,000",Part-time,"['Python', 'SQL', 'Pandas', 'Scikit-learn', 'Machine Learning']",5
100292,Digital Marketing Specialist,Cobalt Retail Group,"Hyderabad, Telangana, India",We are looking for a motivated Digital Marketing Specialist to join our growing team. Responsibilities include: plan and execute SEO strategies to improve organic search rankings; analyze campaign performance using Google Analytics; manage paid advertising campaigns across Google Ads and social media. Requirements: familiarity with marketing automation tools such as HubSpot; strong copywriting skills for content and email marketing. We value continuous learning and provide support for career development.,Lead (8-12 years),Master's Degree in Business Administration (MBA),"USD 110,000-160,000",Full-time,[],0
100293,Financial Analyst,Willowbrook Hospitality,Remote,"Our company is hiring an experienced Financial Analyst to support key initiatives. Responsibilities include: prepare monthly financial reporting and variance analysis; create dashboards in Power BI to track key financial metrics; build financial models to support budgeting and forecasting. Requirements: experience with forecasting, budgeting, and variance analysis; advanced Excel skills including financial modeling. This role offers competitive benefits and a flexible work culture.",Mid level (3-5 years),Diploma or equivalent professional certification,"INR 800,000-1,600,000",Temporary,"['Power BI', 'Excel']",2
100294,DevOps Engineer,Falconview Aerospace,"Mumbai, Maharashtra, India",We are looking for a motivated DevOps Engineer to join our growing team. Responsibilities include: automate configuration management with Ansible; containerize applications using Docker and orchestrate them with Kubernetes; set up monitoring and alerting to ensure system reliability. Requirements: strong experience with AWS and infrastructure-as-code tools like Terraform; experience building CI/CD pipelines and automation scripts in Python. We offer a collaborative environment and opportunities for professional growth.,Junior (1-3 years),Bachelor's Degree,"INR 800,000-1,600,000",Full-time,"['Python', 'AWS', 'Kubernetes', 'Docker', 'CI/CD']",5
100295,Supply Chain Coordinator,Orbital Systems,"Sydney, Australia",Join us as a Supply Chain Coordinator and help drive our team's success. Responsibilities include: identify opportunities for process improvement and cost analysis; coordinate inventory management and shipment tracking across warehouses; support demand planning to optimize stock levels. Requirements: strong Excel skills for demand planning and cost analysis; hands-on knowledge of SAP or similar ERP systems. This role offers competitive benefits and a flexible work culture.,Entry level (0-1 years),Bachelor's Degree,"INR 1,600,000-2,800,000",Contract,"['Excel', 'SAP']",2
100296,DevOps Engineer,Quartz Data Systems,Remote,"We are looking for a motivated DevOps Engineer to join our growing team. Responsibilities include: set up monitoring and alerting to ensure system reliability; containerize applications using Docker and orchestrate them with Kubernetes; automate configuration management with Ansible. Requirements: hands-on knowledge of Docker, Kubernetes, and Linux administration; familiarity with monitoring and logging tools. We offer a collaborative environment and opportunities for professional growth.",Mid level (3-5 years),PhD or equivalent research experience,"EUR 55,000-90,000",Full-time,"['Kubernetes', 'Docker']",2
100297,Customer Support Specialist,Falconview Aerospace,"Dubai, UAE",Our company is hiring an experienced Customer Support Specialist to support key initiatives. Responsibilities include: handle escalation management for high-priority customer concerns; troubleshoot product issues and escalate complex cases when needed; build strong product knowledge to resolve issues efficiently. Requirements: familiarity with ticketing systems such as Zendesk; experience using CRM software to track customer interactions. This is a great opportunity to make an impact in a fast-paced environment.,Entry level (0-1 years),Bachelor's Degree,"GBP 28,000-45,000",Full-time,[],0
100298,Digital Marketing Specialist,Meridian Health Solutions,"Bengaluru, Karnataka, India",Our company is hiring an experienced Digital Marketing Specialist to support key initiatives. Responsibilities include: plan and execute SEO strategies to improve organic search rankings; run A/B tests to optimize conversion rates on landing pages; analyze campaign performance using Google Analytics. Requirements: proven experience with SEO and Google Analytics; familiarity with marketing automation tools such as HubSpot. This is a great opportunity to make an impact in a fast-paced environment.,Junior (1-3 years),Diploma or equivalent professional certification,"INR 800,000-1,600,000",Full-time,[],0
100299,Frontend Developer,Fernwood Digital,"Berlin, Germany","Our company is hiring an experienced Frontend Developer to support key initiatives. Responsibilities include: write unit tests with Jest to ensure code reliability; manage application state using Redux; translate Figma designs into pixel-perfect HTML and CSS. Requirements: experience collaborating with designers using tools like Figma; strong command of JavaScript, HTML, and CSS. We offer a collaborative environment and opportunities for professional growth.",Executive (12+ years),Bachelor's Degree,"INR 400,000-800,000",Full-time,"['JavaScript', 'Figma']",2
100300,Frontend Developer,Granite Construction Group,"Bengaluru, Karnataka, India","We are looking for a motivated Frontend Developer to join our growing team. Responsibilities include: build responsive, accessible user interfaces using React and TypeScript; optimize bundle size and performance using Webpack; write unit tests with Jest to ensure code reliability. Requirements: hands-on experience with React and modern frontend tooling; familiarity with responsive design principles across devices. This role offers competitive benefits and a flexible work culture.",Mid level (3-5 years),"Master's Degree in Data Science, Statistics, or related field","INR 1,600,000-2,800,000",Contract,['React'],1
100301,Human Resources Business Partner,Ironwood Manufacturing,"Toronto, Canada",We are seeking a talented Human Resources Business Partner who is passionate about delivering results. Responsibilities include: manage the employee onboarding process end to end; partner with department leaders on talent acquisition and workforce planning; ensure labor law compliance across all HR processes. Requirements: understanding of labor law compliance requirements; working knowledge of HRIS systems and performance management processes. We value continuous learning and provide support for career development.,Mid level (3-5 years),Bachelor's Degree,"INR 800,000-1,600,000",Internship,[],0
100302,Financial Analyst,Quartz Data Systems,"Vancouver, Canada",Our company is hiring an experienced Financial Analyst to support key initiatives. Responsibilities include: build financial models to support budgeting and forecasting; prepare monthly financial reporting and variance analysis; ensure reporting complies with GAAP standards. Requirements: understanding of GAAP and risk analysis principles; familiarity with SQL and Power BI for financial reporting. This is a great opportunity to make an impact in a fast-paced environment.,Executive (12+ years),Bachelor's Degree in Computer Science or related field,"USD 75,000-110,000",Contract,"['SQL', 'Power BI']",2
100303,Business Analyst,Amber Foods Co,"Toronto, Canada",We are looking for a motivated Business Analyst to join our growing team. Responsibilities include: analyze data using SQL and Excel to identify process improvements; build reports and dashboards in Power BI to support decision-making; work closely with Agile teams to translate requirements into user stories. Requirements: experience in requirements gathering and process mapping; strong SQL and Excel skills for data analysis. This is a great opportunity to make an impact in a fast-paced environment.,Senior (5-8 years),"Master's Degree in Data Science, Statistics, or related field","EUR 35,000-55,000",Full-time,"['SQL', 'Power BI', 'Excel', 'Agile']",4
100304,Data Scientist,Fernwood Digital,"Austin, TX, USA","We are seeking a talented Data Scientist who is passionate about delivering results. Responsibilities include: create dashboards and visualizations to communicate findings to stakeholders; build and deploy machine learning models to solve business problems; analyze large datasets using Python and SQL to extract actionable insights. Requirements: hands-on experience with pandas, scikit-learn, and statistical modeling techniques; experience with data visualization tools like Tableau or Power BI. We value continuous learning and provide support for career development.",Entry level (0-1 years),Master's Degree,"EUR 55,000-90,000",Full-time,"['Python', 'SQL', 'Power BI', 'Tableau', 'Pandas', 'Scikit-learn', 'Machine Learning']",7
100305,Supply Chain Coordinator,Amber Foods Co,"Sydney, Australia",Our company is hiring an experienced Supply Chain Coordinator to support key initiatives. Responsibilities include: communicate with logistics partners to ensure timely deliveries; identify opportunities for process improvement and cost analysis; work with SAP to manage procurement and vendor management processes. Requirements: hands-on knowledge of SAP or similar ERP systems; experience in logistics coordination and inventory management. This is a great opportunity to make an impact in a fast-paced environment.,Lead (8-12 years),High School Diploma,"USD 45,000-75,000",Full-time,['SAP'],1
100306,Human Resources Business Partner,Northgate Logistics,"Seattle, WA, USA",Join us as a Human Resources Business Partner and help drive our team's success. Responsibilities include: support performance management cycles and compensation planning; manage the employee onboarding process end to end; partner with department leaders on talent acquisition and workforce planning. Requirements: understanding of labor law compliance requirements; working knowledge of HRIS systems and performance management processes. This is a great opportunity to make an impact in a fast-paced environment.,Entry level (0-1 years),Master's Degree,"GBP 45,000-75,000",Temporary,[],0
100307,Backend Software Engineer,Granite Construction Group,"Vancouver, Canada",We are looking for a motivated Backend Software Engineer to join our growing team. Responsibilities include: design and build scalable REST APIs using Java and Spring Boot; set up CI/CD pipelines to automate testing and deployment; develop and maintain microservices deployed on Kubernetes. Requirements: solid experience with Java and Spring Boot; experience working with AWS cloud services. We offer a collaborative environment and opportunities for professional growth.,Entry level (0-1 years),Diploma or equivalent professional certification,"EUR 55,000-90,000",Full-time,"['Java', 'AWS', 'Kubernetes', 'CI/CD', 'Spring Boot']",5
100308,Backend Software Engineer,Bramble Retailers,"Dubai, UAE","Our company is hiring an experienced Backend Software Engineer to support key initiatives. Responsibilities include: set up CI/CD pipelines to automate testing and deployment; write clean, testable code and participate in code reviews using Git; develop and maintain microservices deployed on Kubernetes. Requirements: solid experience with Java and Spring Boot; understanding of CI/CD pipelines and version control with Git. This is a great opportunity to make an impact in a fast-paced environment.",Executive (12+ years),Master's Degree in Business Administration (MBA),"GBP 45,000-75,000",Internship,"['Java', 'Kubernetes', 'Git', 'CI/CD', 'Spring Boot']",5
100309,Human Resources Business Partner,Zenith Marketing House,"Dubai, UAE",We are looking for a motivated Human Resources Business Partner to join our growing team. Responsibilities include: partner with department leaders on talent acquisition and workforce planning; manage the employee onboarding process end to end; ensure labor law compliance across all HR processes. Requirements: strong stakeholder management and communication skills; working knowledge of HRIS systems and performance management processes. We value continuous learning and provide support for career development.,Executive (12+ years),"Master's Degree in Data Science, Statistics, or related field","GBP 28,000-45,000",Full-time,[],0
100310,Customer Support Specialist,Anchor Bank Corp,"Boston, MA, USA","Our company is hiring an experienced Customer Support Specialist to support key initiatives. Responsibilities include: build strong product knowledge to resolve issues efficiently; respond to customer inquiries via email, live chat, and ticketing systems like Zendesk; troubleshoot product issues and escalate complex cases when needed. Requirements: familiarity with ticketing systems such as Zendesk; prior experience in customer service or technical support. We offer a collaborative environment and opportunities for professional growth.",Entry level (0-1 years),Bachelor's Degree in Computer Science or related field,"GBP 28,000-45,000",Part-time,[],0
100311,Financial Analyst,Vertex Financial Services,"Toronto, Canada",Join us as a Financial Analyst and help drive our team's success. Responsibilities include: build financial models to support budgeting and forecasting; ensure reporting complies with GAAP standards; prepare monthly financial reporting and variance analysis. Requirements: understanding of GAAP and risk analysis principles; familiarity with SQL and Power BI for financial reporting. This role offers competitive benefits and a flexible work culture.,Junior (1-3 years),"Master's Degree in Data Science, Statistics, or related field","USD 75,000-110,000",Contract,"['SQL', 'Power BI']",2
100312,Product Manager,Nimbus Analytics,"Berlin, Germany",Join us as a Product Manager and help drive our team's success. Responsibilities include: communicate product strategy to stakeholders across the organization; work with engineering and design teams in an Agile environment using Jira; run A/B tests to validate product hypotheses. Requirements: familiarity with Agile methodologies and tools like Jira; strong data analysis and prioritization skills. This role offers competitive benefits and a flexible work culture.,Lead (8-12 years),PhD or equivalent research experience,"EUR 35,000-55,000",Part-time,"['Jira', 'Agile']",2
100313,Backend Software Engineer,Cascade Cloud Inc,Remote,"Our company is hiring an experienced Backend Software Engineer to support key initiatives. Responsibilities include: write clean, testable code and participate in code reviews using Git; set up CI/CD pipelines to automate testing and deployment; develop and maintain microservices deployed on Kubernetes. Requirements: experience working with AWS cloud services; practical knowledge of Docker and Kubernetes for containerized deployments. This role offers competitive benefits and a flexible work culture.",Mid level (3-5 years),PhD or equivalent research experience,"INR 1,600,000-2,800,000",Full-time,"['AWS', 'Kubernetes', 'Docker', 'Git', 'CI/CD']",5
100314,Frontend Developer,Lumen Insurance,"Dubai, UAE","We are seeking a talented Frontend Developer who is passionate about delivering results. Responsibilities include: optimize bundle size and performance using Webpack; translate Figma designs into pixel-perfect HTML and CSS; build responsive, accessible user interfaces using React and TypeScript. Requirements: hands-on experience with React and modern frontend tooling; familiarity with responsive design principles across devices. We value continuous learning and provide support for career development.",Executive (12+ years),Master's Degree in Business Administration (MBA),"GBP 45,000-75,000",Part-time,"['React', 'Figma']",2
100315,Supply Chain Coordinator,Ironwood Manufacturing,Remote,We are seeking a talented Supply Chain Coordinator who is passionate about delivering results. Responsibilities include: coordinate inventory management and shipment tracking across warehouses; support demand planning to optimize stock levels; identify opportunities for process improvement and cost analysis. Requirements: experience with vendor management and procurement; strong Excel skills for demand planning and cost analysis. This is a great opportunity to make an impact in a fast-paced environment.,Executive (12+ years),Bachelor's Degree in Computer Science or related field,"GBP 45,000-75,000",Full-time,['Excel'],1
100316,Supply Chain Coordinator,Falconview Aerospace,"Amsterdam, Netherlands",We are looking for a motivated Supply Chain Coordinator to join our growing team. Responsibilities include: coordinate inventory management and shipment tracking across warehouses; identify opportunities for process improvement and cost analysis; communicate with logistics partners to ensure timely deliveries. Requirements: experience in logistics coordination and inventory management; strong Excel skills for demand planning and cost analysis. We offer a collaborative environment and opportunities for professional growth.,Senior (5-8 years),High School Diploma,"GBP 45,000-75,000",Full-time,['Excel'],1
100317,DevOps Engineer,Skyline Software Labs,"Delhi, India","We are looking for a motivated DevOps Engineer to join our growing team. Responsibilities include: containerize applications using Docker and orchestrate them with Kubernetes; build and maintain CI/CD pipelines with Jenkins; set up monitoring and alerting to ensure system reliability. Requirements: strong experience with AWS and infrastructure-as-code tools like Terraform; hands-on knowledge of Docker, Kubernetes, and Linux administration. This is a great opportunity to make an impact in a fast-paced environment.",Executive (12+ years),Master's Degree in Business Administration (MBA),"USD 110,000-160,000",Temporary,"['AWS', 'Kubernetes', 'Docker', 'CI/CD']",4
100318,Backend Software Engineer,Delta Freight Solutions,Remote,We are seeking a talented Backend Software Engineer who is passionate about delivering results. Responsibilities include: design and build scalable REST APIs using Java and Spring Boot; set up CI/CD pipelines to automate testing and deployment; develop and maintain microservices deployed on Kubernetes. Requirements: understanding of CI/CD pipelines and version control with Git; experience working with AWS cloud services. We value continuous learning and provide support for career development.,Junior (1-3 years),PhD or equivalent research experience,"USD 160,000-220,000",Part-time,"['Java', 'AWS', 'Kubernetes', 'Git', 'CI/CD', 'Spring Boot']",6
100319,Customer Support Specialist,BluePeak Technologies,"Mumbai, Maharashtra, India",We are seeking a talented Customer Support Specialist who is passionate about delivering results. Responsibilities include: handle escalation management for high-priority customer concerns; troubleshoot product issues and escalate complex cases when needed; maintain accurate records in the CRM software. Requirements: familiarity with ticketing systems such as Zendesk; experience using CRM software to track customer interactions. This is a great opportunity to make an impact in a fast-paced environment.,Junior (1-3 years),Diploma or equivalent professional certification,"USD 160,000-220,000",Part-time,[],0
100320,Frontend Developer,Amber Foods Co,"Pune, Maharashtra, India","We are looking for a motivated Frontend Developer to join our growing team. Responsibilities include: write unit tests with Jest to ensure code reliability; manage application state using Redux; optimize bundle size and performance using Webpack. Requirements: familiarity with responsive design principles across devices; strong command of JavaScript, HTML, and CSS. This role offers competitive benefits and a flexible work culture.",Junior (1-3 years),Bachelor's Degree,"INR 1,600,000-2,800,000",Full-time,['JavaScript'],1
100321,Business Analyst,Granite Construction Group,"Austin, TX, USA",Our company is hiring an experienced Business Analyst to support key initiatives. Responsibilities include: create process maps to visualize current and future state workflows; gather and document business requirements from stakeholders; work closely with Agile teams to translate requirements into user stories. Requirements: familiarity with Agile delivery and documentation practices; strong SQL and Excel skills for data analysis. We value continuous learning and provide support for career development.,Senior (5-8 years),Bachelor's Degree in Computer Science or related field,"USD 45,000-75,000",Full-time,"['SQL', 'Excel', 'Agile']",3
100322,Backend Software Engineer,Bramble Retailers,"Seattle, WA, USA",Our company is hiring an experienced Backend Software Engineer to support key initiatives. Responsibilities include: set up CI/CD pipelines to automate testing and deployment; optimize PostgreSQL queries for performance at scale; design and build scalable REST APIs using Java and Spring Boot. Requirements: experience working with AWS cloud services; solid experience with Java and Spring Boot. This role offers competitive benefits and a flexible work culture.,Junior (1-3 years),Bachelor's Degree,"GBP 45,000-75,000",Full-time,"['SQL', 'Java', 'AWS', 'CI/CD', 'Spring Boot']",5
100323,Supply Chain Coordinator,Prism Media Group,"Seattle, WA, USA",We are looking for a motivated Supply Chain Coordinator to join our growing team. Responsibilities include: coordinate inventory management and shipment tracking across warehouses; support demand planning to optimize stock levels; work with SAP to manage procurement and vendor management processes. Requirements: hands-on knowledge of SAP or similar ERP systems; strong Excel skills for demand planning and cost analysis. This role offers competitive benefits and a flexible work culture.,Junior (1-3 years),Diploma or equivalent professional certification,"GBP 45,000-75,000",Full-time,"['Excel', 'SAP']",2
100324,Data Scientist,Amber Foods Co,"Seattle, WA, USA","We are seeking a talented Data Scientist who is passionate about delivering results. Responsibilities include: build and deploy machine learning models to solve business problems; design and evaluate A/B tests to measure product impact; collaborate with engineering teams to productionize models using TensorFlow or PyTorch. Requirements: experience with data visualization tools like Tableau or Power BI; hands-on experience with pandas, scikit-learn, and statistical modeling techniques. We offer a collaborative environment and opportunities for professional growth.",Entry level (0-1 years),PhD or equivalent research experience,"INR 400,000-800,000",Full-time,"['Power BI', 'Tableau', 'TensorFlow', 'PyTorch', 'Pandas', 'Scikit-learn', 'Machine Learning']",7
100325,Digital Marketing Specialist,Willowbrook Hospitality,"Sydney, Australia",Our company is hiring an experienced Digital Marketing Specialist to support key initiatives. Responsibilities include: run A/B tests to optimize conversion rates on landing pages; plan and execute SEO strategies to improve organic search rankings; analyze campaign performance using Google Analytics. Requirements: proven experience with SEO and Google Analytics; familiarity with marketing automation tools such as HubSpot. This role offers competitive benefits and a flexible work culture.,Lead (8-12 years),Bachelor's Degree,"USD 75,000-110,000",Full-time,[],0
100326,Supply Chain Coordinator,Lumen Insurance,"Hyderabad, Telangana, India",We are looking for a motivated Supply Chain Coordinator to join our growing team. Responsibilities include: work with SAP to manage procurement and vendor management processes; coordinate inventory management and shipment tracking across warehouses; communicate with logistics partners to ensure timely deliveries. Requirements: strong Excel skills for demand planning and cost analysis; experience in logistics coordination and inventory management. We offer a collaborative environment and opportunities for professional growth.,Executive (12+ years),PhD or equivalent research experience,"EUR 55,000-90,000",Full-time,"['Excel', 'SAP']",2
100327,Backend Software Engineer,BluePeak Technologies,"Delhi, India","Our company is hiring an experienced Backend Software Engineer to support key initiatives. Responsibilities include: write clean, testable code and participate in code reviews using Git; set up CI/CD pipelines to automate testing and deployment; develop and maintain microservices deployed on Kubernetes. Requirements: understanding of CI/CD pipelines and version control with Git; experience working with AWS cloud services. This is a great opportunity to make an impact in a fast-paced environment.",Lead (8-12 years),Bachelor's Degree,"EUR 35,000-55,000",Contract,"['AWS', 'Kubernetes', 'Git', 'CI/CD']",4
100328,Financial Analyst,Prism Media Group,"Mumbai, Maharashtra, India","We are looking for a motivated Financial Analyst to join our growing team. Responsibilities include: ensure reporting complies with GAAP standards; build financial models to support budgeting and forecasting; use SQL to extract and analyze financial data from internal systems. Requirements: advanced Excel skills including financial modeling; experience with forecasting, budgeting, and variance analysis. We offer a collaborative environment and opportunities for professional growth.",Entry level (0-1 years),High School Diploma,"EUR 55,000-90,000",Full-time,"['SQL', 'Excel']",2
100329,Digital Marketing Specialist,Bramble Retailers,Remote,Join us as a Digital Marketing Specialist and help drive our team's success. Responsibilities include: create engaging content for email marketing and social media channels; plan and execute SEO strategies to improve organic search rankings; manage paid advertising campaigns across Google Ads and social media. Requirements: hands-on experience running PPC advertising campaigns; strong copywriting skills for content and email marketing. This role offers competitive benefits and a flexible work culture.,Entry level (0-1 years),Master's Degree in Business Administration (MBA),"GBP 28,000-45,000",Full-time,[],0
100330,Frontend Developer,Falconview Aerospace,"London, United Kingdom","Our company is hiring an experienced Frontend Developer to support key initiatives. Responsibilities include: manage application state using Redux; optimize bundle size and performance using Webpack; build responsive, accessible user interfaces using React and TypeScript. Requirements: hands-on experience with React and modern frontend tooling; strong command of JavaScript, HTML, and CSS. We offer a collaborative environment and opportunities for professional growth.",Lead (8-12 years),Master's Degree in Business Administration (MBA),"EUR 55,000-90,000",Contract,"['JavaScript', 'React']",2
100331,Data Scientist,Pinecrest Energy,"Dubai, UAE","Our company is hiring an experienced Data Scientist to support key initiatives. Responsibilities include: design and evaluate A/B tests to measure product impact; analyze large datasets using Python and SQL to extract actionable insights; collaborate with engineering teams to productionize models using TensorFlow or PyTorch. Requirements: hands-on experience with pandas, scikit-learn, and statistical modeling techniques; strong proficiency in Python and SQL. This role offers competitive benefits and a flexible work culture.",Lead (8-12 years),Bachelor's Degree,"INR 400,000-800,000",Full-time,"['Python', 'SQL', 'TensorFlow', 'PyTorch', 'Pandas', 'Scikit-learn']",6
100332,DevOps Engineer,Delta Freight Solutions,"Austin, TX, USA","Join us as a DevOps Engineer and help drive our team's success. Responsibilities include: set up monitoring and alerting to ensure system reliability; manage cloud infrastructure on AWS using Terraform; build and maintain CI/CD pipelines with Jenkins. Requirements: strong experience with AWS and infrastructure-as-code tools like Terraform; hands-on knowledge of Docker, Kubernetes, and Linux administration. We offer a collaborative environment and opportunities for professional growth.",Junior (1-3 years),High School Diploma,"GBP 45,000-75,000",Full-time,"['AWS', 'Kubernetes', 'Docker', 'CI/CD']",4
100333,DevOps Engineer,Falconview Aerospace,Singapore,Our company is hiring an experienced DevOps Engineer to support key initiatives. Responsibilities include: manage cloud infrastructure on AWS using Terraform; containerize applications using Docker and orchestrate them with Kubernetes; automate configuration management with Ansible. Requirements: strong experience with AWS and infrastructure-as-code tools like Terraform; familiarity with monitoring and logging tools. We value continuous learning and provide support for career development.,Mid level (3-5 years),"Master's Degree in Data Science, Statistics, or related field","USD 110,000-160,000",Full-time,"['AWS', 'Kubernetes', 'Docker']",3
100334,Product Manager,Silverline Consulting,"Seattle, WA, USA",We are seeking a talented Product Manager who is passionate about delivering results. Responsibilities include: run A/B tests to validate product hypotheses; analyze product data to inform strategic decisions; own the product roadmap and prioritize features based on user research. Requirements: experience owning product strategy and roadmap planning; familiarity with Agile methodologies and tools like Jira. This role offers competitive benefits and a flexible work culture.,Mid level (3-5 years),Bachelor's Degree in Computer Science or related field,"EUR 35,000-55,000",Full-time,"['Jira', 'Agile']",2
100335,DevOps Engineer,Quartz Data Systems,"Sydney, Australia","We are seeking a talented DevOps Engineer who is passionate about delivering results. Responsibilities include: automate configuration management with Ansible; set up monitoring and alerting to ensure system reliability; build and maintain CI/CD pipelines with Jenkins. Requirements: experience building CI/CD pipelines and automation scripts in Python; hands-on knowledge of Docker, Kubernetes, and Linux administration. This is a great opportunity to make an impact in a fast-paced environment.",Mid level (3-5 years),Bachelor's Degree in Computer Science or related field,"EUR 55,000-90,000",Full-time,"['Python', 'Kubernetes', 'Docker', 'CI/CD']",4
100336,Customer Support Specialist,Orbital Systems,"Delhi, India","Our company is hiring an experienced Customer Support Specialist to support key initiatives. Responsibilities include: maintain accurate records in the CRM software; respond to customer inquiries via email, live chat, and ticketing systems like Zendesk; handle escalation management for high-priority customer concerns. Requirements: prior experience in customer service or technical support; experience using CRM software to track customer interactions. We offer a collaborative environment and opportunities for professional growth.",Entry level (0-1 years),Master's Degree in Business Administration (MBA),"USD 110,000-160,000",Full-time,[],0
100337,Business Analyst,Pinecrest Energy,"London, United Kingdom",We are seeking a talented Business Analyst who is passionate about delivering results. Responsibilities include: work closely with Agile teams to translate requirements into user stories; build reports and dashboards in Power BI to support decision-making; create process maps to visualize current and future state workflows. Requirements: strong SQL and Excel skills for data analysis; excellent stakeholder management and problem-solving skills. This is a great opportunity to make an impact in a fast-paced environment.,Junior (1-3 years),High School Diploma,"GBP 45,000-75,000",Part-time,"['SQL', 'Power BI', 'Excel', 'Agile']",4
100338,DevOps Engineer,Willowbrook Hospitality,Singapore,We are looking for a motivated DevOps Engineer to join our growing team. Responsibilities include: automate configuration management with Ansible; containerize applications using Docker and orchestrate them with Kubernetes; set up monitoring and alerting to ensure system reliability. Requirements: strong experience with AWS and infrastructure-as-code tools like Terraform; experience building CI/CD pipelines and automation scripts in Python. This role offers competitive benefits and a flexible work culture.,Mid level (3-5 years),Bachelor's Degree in Computer Science or related field,"GBP 28,000-45,000",Part-time,"['Python', 'AWS', 'Kubernetes', 'Docker', 'CI/CD']",5
100339,Business Analyst,Amber Foods Co,"Delhi, India",Our company is hiring an experienced Business Analyst to support key initiatives. Responsibilities include: work closely with Agile teams to translate requirements into user stories; analyze data using SQL and Excel to identify process improvements; create process maps to visualize current and future state workflows. Requirements: excellent stakeholder management and problem-solving skills; strong SQL and Excel skills for data analysis. We offer a collaborative environment and opportunities for professional growth.,Junior (1-3 years),Diploma or equivalent professional certification,"USD 110,000-160,000",Part-time,"['SQL', 'Excel', 'Agile']",3
100340,DevOps Engineer,Riverside EdTech,"Vancouver, Canada","We are looking for a motivated DevOps Engineer to join our growing team. Responsibilities include: build and maintain CI/CD pipelines with Jenkins; containerize applications using Docker and orchestrate them with Kubernetes; set up monitoring and alerting to ensure system reliability. Requirements: familiarity with monitoring and logging tools; hands-on knowledge of Docker, Kubernetes, and Linux administration. We offer a collaborative environment and opportunities for professional growth.",Mid level (3-5 years),"Master's Degree in Data Science, Statistics, or related field","USD 160,000-220,000",Full-time,"['Kubernetes', 'Docker', 'CI/CD']",3
100341,Data Scientist,Crestview Realty,"Seattle, WA, USA",Our company is hiring an experienced Data Scientist to support key initiatives. Responsibilities include: collaborate with engineering teams to productionize models using TensorFlow or PyTorch; create dashboards and visualizations to communicate findings to stakeholders; analyze large datasets using Python and SQL to extract actionable insights. Requirements: strong proficiency in Python and SQL; familiarity with deep learning frameworks such as TensorFlow or PyTorch. We value continuous learning and provide support for career development.,Lead (8-12 years),Master's Degree in Business Administration (MBA),"INR 400,000-800,000",Full-time,"['Python', 'SQL', 'TensorFlow', 'PyTorch', 'Deep Learning']",5
100342,Financial Analyst,Nova Payments Inc,"San Francisco, CA, USA","Join us as a Financial Analyst and help drive our team's success. Responsibilities include: ensure reporting complies with GAAP standards; build financial models to support budgeting and forecasting; use SQL to extract and analyze financial data from internal systems. Requirements: experience with forecasting, budgeting, and variance analysis; understanding of GAAP and risk analysis principles. This role offers competitive benefits and a flexible work culture.",Mid level (3-5 years),"Master's Degree in Data Science, Statistics, or related field","GBP 28,000-45,000",Full-time,['SQL'],1
100343,DevOps Engineer,Fernwood Digital,"Berlin, Germany","Our company is hiring an experienced DevOps Engineer to support key initiatives. Responsibilities include: containerize applications using Docker and orchestrate them with Kubernetes; manage cloud infrastructure on AWS using Terraform; set up monitoring and alerting to ensure system reliability. Requirements: hands-on knowledge of Docker, Kubernetes, and Linux administration; familiarity with monitoring and logging tools. We value continuous learning and provide support for career development.",Junior (1-3 years),Bachelor's Degree in Computer Science or related field,"USD 110,000-160,000",Full-time,"['AWS', 'Kubernetes', 'Docker']",3
100344,UX/UI Designer,Orbital Systems,"Vancouver, Canada",Our company is hiring an experienced UX/UI Designer to support key initiatives. Responsibilities include: collaborate with product and engineering teams on interaction design; conduct user research and usability testing to inform design decisions; ensure designs meet accessibility standards. Requirements: strong portfolio demonstrating wireframing and prototyping skills; understanding of accessibility and visual design principles. This role offers competitive benefits and a flexible work culture.,Senior (5-8 years),Master's Degree,"EUR 35,000-55,000",Full-time,[],0
100345,Frontend Developer,Crestview Realty,"Berlin, Germany",Our company is hiring an experienced Frontend Developer to support key initiatives. Responsibilities include: manage application state using Redux; translate Figma designs into pixel-perfect HTML and CSS; optimize bundle size and performance using Webpack. Requirements: experience collaborating with designers using tools like Figma; familiarity with responsive design principles across devices. We offer a collaborative environment and opportunities for professional growth.,Lead (8-12 years),Bachelor's Degree in Computer Science or related field,"USD 45,000-75,000",Full-time,['Figma'],1
100346,UX/UI Designer,Falconview Aerospace,Remote,Join us as a UX/UI Designer and help drive our team's success. Responsibilities include: collaborate with product and engineering teams on interaction design; create wireframes and interactive prototypes using Figma; conduct user research and usability testing to inform design decisions. Requirements: understanding of accessibility and visual design principles; experience conducting user research and usability testing. This role offers competitive benefits and a flexible work culture.,Entry level (0-1 years),Master's Degree,"GBP 28,000-45,000",Contract,['Figma'],1
100347,Business Analyst,Solstice Pharma,"Delhi, India",We are seeking a talented Business Analyst who is passionate about delivering results. Responsibilities include: build reports and dashboards in Power BI to support decision-making; gather and document business requirements from stakeholders; work closely with Agile teams to translate requirements into user stories. Requirements: excellent stakeholder management and problem-solving skills; strong SQL and Excel skills for data analysis. This role offers competitive benefits and a flexible work culture.,Lead (8-12 years),Master's Degree in Business Administration (MBA),"USD 110,000-160,000",Full-time,"['SQL', 'Power BI', 'Excel', 'Agile']",4
100348,Backend Software Engineer,Nimbus Analytics,"New York, NY, USA","We are looking for a motivated Backend Software Engineer to join our growing team. Responsibilities include: develop and maintain microservices deployed on Kubernetes; set up CI/CD pipelines to automate testing and deployment; write clean, testable code and participate in code reviews using Git. Requirements: solid experience with Java and Spring Boot; experience working with AWS cloud services. We offer a collaborative environment and opportunities for professional growth.",Lead (8-12 years),PhD or equivalent research experience,"USD 110,000-160,000",Full-time,"['Java', 'AWS', 'Kubernetes', 'Git', 'CI/CD', 'Spring Boot']",6
100349,Backend Software Engineer,Redwood Robotics,Remote,Join us as a Backend Software Engineer and help drive our team's success. Responsibilities include: optimize PostgreSQL queries for performance at scale; set up CI/CD pipelines to automate testing and deployment; develop and maintain microservices deployed on Kubernetes. Requirements: solid experience with Java and Spring Boot; experience working with AWS cloud services. This is a great opportunity to make an impact in a fast-paced environment.,Lead (8-12 years),High School Diploma,"EUR 55,000-90,000",Full-time,"['SQL', 'Java', 'AWS', 'Kubernetes', 'CI/CD', 'Spring Boot']",6
100350,DevOps Engineer,Bramble Retailers,"Vancouver, Canada",We are looking for a motivated DevOps Engineer to join our growing team. Responsibilities include: automate configuration management with Ansible; build and maintain CI/CD pipelines with Jenkins; set up monitoring and alerting to ensure system reliability. Requirements: familiarity with monitoring and logging tools; strong experience with AWS and infrastructure-as-code tools like Terraform. We offer a collaborative environment and opportunities for professional growth.,Senior (5-8 years),"Master's Degree in Data Science, Statistics, or related field","EUR 35,000-55,000",Contract,"['AWS', 'CI/CD']",2
100351,Digital Marketing Specialist,Delta Freight Solutions,"Amsterdam, Netherlands",We are looking for a motivated Digital Marketing Specialist to join our growing team. Responsibilities include: run A/B tests to optimize conversion rates on landing pages; plan and execute SEO strategies to improve organic search rankings; manage paid advertising campaigns across Google Ads and social media. Requirements: hands-on experience running PPC advertising campaigns; strong copywriting skills for content and email marketing. We value continuous learning and provide support for career development.,Junior (1-3 years),High School Diploma,"USD 45,000-75,000",Full-time,[],0
100352,Financial Analyst,Ironwood Manufacturing,"Hyderabad, Telangana, India",Join us as a Financial Analyst and help drive our team's success. Responsibilities include: ensure reporting complies with GAAP standards; use SQL to extract and analyze financial data from internal systems; create dashboards in Power BI to track key financial metrics. Requirements: familiarity with SQL and Power BI for financial reporting; understanding of GAAP and risk analysis principles. This is a great opportunity to make an impact in a fast-paced environment.,Executive (12+ years),Master's Degree in Business Administration (MBA),"INR 400,000-800,000",Full-time,"['SQL', 'Power BI']",2
100353,DevOps Engineer,Lumen Insurance,"Amsterdam, Netherlands",Join us as a DevOps Engineer and help drive our team's success. Responsibilities include: containerize applications using Docker and orchestrate them with Kubernetes; set up monitoring and alerting to ensure system reliability; automate configuration management with Ansible. Requirements: experience building CI/CD pipelines and automation scripts in Python; familiarity with monitoring and logging tools. This is a great opportunity to make an impact in a fast-paced environment.,Senior (5-8 years),Bachelor's Degree in Computer Science or related field,"INR 800,000-1,600,000",Contract,"['Python', 'Kubernetes', 'Docker', 'CI/CD']",4
100354,UX/UI Designer,Cobalt Retail Group,Remote,We are looking for a motivated UX/UI Designer to join our growing team. Responsibilities include: create wireframes and interactive prototypes using Figma; collaborate with product and engineering teams on interaction design; ensure designs meet accessibility standards. Requirements: strong portfolio demonstrating wireframing and prototyping skills; understanding of accessibility and visual design principles. This is a great opportunity to make an impact in a fast-paced environment.,Junior (1-3 years),Diploma or equivalent professional certification,"USD 110,000-160,000",Full-time,['Figma'],1
100355,Supply Chain Coordinator,Nimbus Analytics,"Pune, Maharashtra, India",We are looking for a motivated Supply Chain Coordinator to join our growing team. Responsibilities include: support demand planning to optimize stock levels; work with SAP to manage procurement and vendor management processes; identify opportunities for process improvement and cost analysis. Requirements: experience in logistics coordination and inventory management; strong Excel skills for demand planning and cost analysis. We offer a collaborative environment and opportunities for professional growth.,Senior (5-8 years),PhD or equivalent research experience,"USD 75,000-110,000",Contract,"['Excel', 'SAP']",2
100356,UX/UI Designer,Cascade Cloud Inc,"London, United Kingdom",We are looking for a motivated UX/UI Designer to join our growing team. Responsibilities include: create wireframes and interactive prototypes using Figma; collaborate with product and engineering teams on interaction design; ensure designs meet accessibility standards. Requirements: strong portfolio demonstrating wireframing and prototyping skills; understanding of accessibility and visual design principles. We value continuous learning and provide support for career development.,Lead (8-12 years),Master's Degree in Business Administration (MBA),"EUR 35,000-55,000",Full-time,['Figma'],1
100357,DevOps Engineer,BluePeak Technologies,"Dubai, UAE",Our company is hiring an experienced DevOps Engineer to support key initiatives. Responsibilities include: manage cloud infrastructure on AWS using Terraform; containerize applications using Docker and orchestrate them with Kubernetes; set up monitoring and alerting to ensure system reliability. Requirements: strong experience with AWS and infrastructure-as-code tools like Terraform; familiarity with monitoring and logging tools. We offer a collaborative environment and opportunities for professional growth.,Executive (12+ years),Master's Degree,"EUR 35,000-55,000",Full-time,"['AWS', 'Kubernetes', 'Docker']",3
100358,Digital Marketing Specialist,Riverside EdTech,"London, United Kingdom",Our company is hiring an experienced Digital Marketing Specialist to support key initiatives. Responsibilities include: run A/B tests to optimize conversion rates on landing pages; plan and execute SEO strategies to improve organic search rankings; analyze campaign performance using Google Analytics. Requirements: proven experience with SEO and Google Analytics; familiarity with marketing automation tools such as HubSpot. We value continuous learning and provide support for career development.,Senior (5-8 years),PhD or equivalent research experience,"EUR 35,000-55,000",Full-time,[],0
100359,UX/UI Designer,Solstice Pharma,"Amsterdam, Netherlands",Our company is hiring an experienced UX/UI Designer to support key initiatives. Responsibilities include: ensure designs meet accessibility standards; create wireframes and interactive prototypes using Figma; collaborate with product and engineering teams on interaction design. Requirements: understanding of accessibility and visual design principles; experience conducting user research and usability testing. We offer a collaborative environment and opportunities for professional growth.,Mid level (3-5 years),"Master's Degree in Data Science, Statistics, or related field","INR 400,000-800,000",Internship,['Figma'],1
100360,Digital Marketing Specialist,Meridian Health Solutions,"Manchester, United Kingdom",We are seeking a talented Digital Marketing Specialist who is passionate about delivering results. Responsibilities include: analyze campaign performance using Google Analytics; plan and execute SEO strategies to improve organic search rankings; run A/B tests to optimize conversion rates on landing pages. Requirements: strong copywriting skills for content and email marketing; familiarity with marketing automation tools such as HubSpot. We value continuous learning and provide support for career development.,Lead (8-12 years),Bachelor's Degree,"GBP 45,000-75,000",Full-time,[],0
100361,UX/UI Designer,Silverline Consulting,"London, United Kingdom",Join us as a UX/UI Designer and help drive our team's success. Responsibilities include: ensure designs meet accessibility standards; conduct user research and usability testing to inform design decisions; create wireframes and interactive prototypes using Figma. Requirements: strong portfolio demonstrating wireframing and prototyping skills; proficiency in Figma or Adobe XD. We offer a collaborative environment and opportunities for professional growth.,Junior (1-3 years),"Master's Degree in Data Science, Statistics, or related field","GBP 28,000-45,000",Full-time,['Figma'],1
100362,Financial Analyst,Crestview Realty,"San Francisco, CA, USA",We are seeking a talented Financial Analyst who is passionate about delivering results. Responsibilities include: ensure reporting complies with GAAP standards; build financial models to support budgeting and forecasting; use SQL to extract and analyze financial data from internal systems. Requirements: familiarity with SQL and Power BI for financial reporting; advanced Excel skills including financial modeling. We value continuous learning and provide support for career development.,Junior (1-3 years),"Master's Degree in Data Science, Statistics, or related field","INR 1,600,000-2,800,000",Full-time,"['SQL', 'Power BI', 'Excel']",3
100363,Backend Software Engineer,Cascade Cloud Inc,Remote,"Our company is hiring an experienced Backend Software Engineer to support key initiatives. Responsibilities include: set up CI/CD pipelines to automate testing and deployment; write clean, testable code and participate in code reviews using Git; develop and maintain microservices deployed on Kubernetes. Requirements: practical knowledge of Docker and Kubernetes for containerized deployments; experience working with AWS cloud services. We value continuous learning and provide support for career development.",Mid level (3-5 years),Bachelor's Degree,"GBP 45,000-75,000",Part-time,"['AWS', 'Kubernetes', 'Docker', 'Git', 'CI/CD']",5
100364,Frontend Developer,Falconview Aerospace,Remote,"Our company is hiring an experienced Frontend Developer to support key initiatives. Responsibilities include: translate Figma designs into pixel-perfect HTML and CSS; manage application state using Redux; build responsive, accessible user interfaces using React and TypeScript. Requirements: hands-on experience with React and modern frontend tooling; strong command of JavaScript, HTML, and CSS. This role offers competitive benefits and a flexible work culture.",Junior (1-3 years),Diploma or equivalent professional certification,"USD 160,000-220,000",Internship,"['JavaScript', 'React', 'Figma']",3
100365,Business Analyst,Ironwood Manufacturing,"Chennai, Tamil Nadu, India",Join us as a Business Analyst and help drive our team's success. Responsibilities include: work closely with Agile teams to translate requirements into user stories; gather and document business requirements from stakeholders; create process maps to visualize current and future state workflows. Requirements: experience in requirements gathering and process mapping; strong SQL and Excel skills for data analysis. We value continuous learning and provide support for career development.,Entry level (0-1 years),Bachelor's Degree,"EUR 55,000-90,000",Part-time,"['SQL', 'Excel', 'Agile']",3
100366,Business Analyst,Prism Media Group,"Vancouver, Canada",Our company is hiring an experienced Business Analyst to support key initiatives. Responsibilities include: work closely with Agile teams to translate requirements into user stories; create process maps to visualize current and future state workflows; analyze data using SQL and Excel to identify process improvements. Requirements: strong SQL and Excel skills for data analysis; familiarity with Agile delivery and documentation practices. This role offers competitive benefits and a flexible work culture.,Lead (8-12 years),Master's Degree in Business Administration (MBA),"GBP 28,000-45,000",Contract,"['SQL', 'Excel', 'Agile']",3
100367,Data Scientist,Anchor Bank Corp,"Manchester, United Kingdom",We are seeking a talented Data Scientist who is passionate about delivering results. Responsibilities include: collaborate with engineering teams to productionize models using TensorFlow or PyTorch; analyze large datasets using Python and SQL to extract actionable insights; create dashboards and visualizations to communicate findings to stakeholders. Requirements: strong proficiency in Python and SQL; familiarity with deep learning frameworks such as TensorFlow or PyTorch. This is a great opportunity to make an impact in a fast-paced environment.,Lead (8-12 years),High School Diploma,"GBP 45,000-75,000",Full-time,"['Python', 'SQL', 'TensorFlow', 'PyTorch', 'Deep Learning']",5
100368,Human Resources Business Partner,Quartz Data Systems,"Mumbai, Maharashtra, India",We are looking for a motivated Human Resources Business Partner to join our growing team. Responsibilities include: handle employee relations issues and conflict resolution; ensure labor law compliance across all HR processes; support performance management cycles and compensation planning. Requirements: strong stakeholder management and communication skills; experience in talent acquisition and employee relations. We value continuous learning and provide support for career development.,Junior (1-3 years),PhD or equivalent research experience,"EUR 35,000-55,000",Full-time,[],0
100369,DevOps Engineer,Skyline Software Labs,"Vancouver, Canada","Join us as a DevOps Engineer and help drive our team's success. Responsibilities include: automate configuration management with Ansible; build and maintain CI/CD pipelines with Jenkins; set up monitoring and alerting to ensure system reliability. Requirements: experience building CI/CD pipelines and automation scripts in Python; hands-on knowledge of Docker, Kubernetes, and Linux administration. This is a great opportunity to make an impact in a fast-paced environment.",Mid level (3-5 years),"Master's Degree in Data Science, Statistics, or related field","USD 110,000-160,000",Internship,"['Python', 'Kubernetes', 'Docker', 'CI/CD']",4
100370,Digital Marketing Specialist,Silverline Consulting,"Delhi, India",We are seeking a talented Digital Marketing Specialist who is passionate about delivering results. Responsibilities include: manage paid advertising campaigns across Google Ads and social media; create engaging content for email marketing and social media channels; run A/B tests to optimize conversion rates on landing pages. Requirements: hands-on experience running PPC advertising campaigns; proven experience with SEO and Google Analytics. This role offers competitive benefits and a flexible work culture.,Lead (8-12 years),Master's Degree,"USD 75,000-110,000",Full-time,[],0
100371,Product Manager,Bramble Retailers,"Mumbai, Maharashtra, India",We are seeking a talented Product Manager who is passionate about delivering results. Responsibilities include: analyze product data to inform strategic decisions; run A/B tests to validate product hypotheses; work with engineering and design teams in an Agile environment using Jira. Requirements: experience owning product strategy and roadmap planning; familiarity with Agile methodologies and tools like Jira. We offer a collaborative environment and opportunities for professional growth.,Senior (5-8 years),Bachelor's Degree in Computer Science or related field,"EUR 55,000-90,000",Full-time,"['Jira', 'Agile']",2
100372,UX/UI Designer,Meridian Health Solutions,"Bengaluru, Karnataka, India",We are looking for a motivated UX/UI Designer to join our growing team. Responsibilities include: collaborate with product and engineering teams on interaction design; build and maintain a consistent design system across products; create wireframes and interactive prototypes using Figma. Requirements: experience conducting user research and usability testing; proficiency in Figma or Adobe XD. We value continuous learning and provide support for career development.,Mid level (3-5 years),Diploma or equivalent professional certification,"EUR 55,000-90,000",Full-time,['Figma'],1
100373,Human Resources Business Partner,Nimbus Analytics,"Manchester, United Kingdom",Our company is hiring an experienced Human Resources Business Partner to support key initiatives. Responsibilities include: handle employee relations issues and conflict resolution; ensure labor law compliance across all HR processes; manage the employee onboarding process end to end. Requirements: understanding of labor law compliance requirements; strong stakeholder management and communication skills. This is a great opportunity to make an impact in a fast-paced environment.,Executive (12+ years),Master's Degree,"EUR 35,000-55,000",Full-time,[],0
100374,Backend Software Engineer,Cascade Cloud Inc,"Dubai, UAE",We are seeking a talented Backend Software Engineer who is passionate about delivering results. Responsibilities include: set up CI/CD pipelines to automate testing and deployment; optimize PostgreSQL queries for performance at scale; design and build scalable REST APIs using Java and Spring Boot. Requirements: solid experience with Java and Spring Boot; understanding of CI/CD pipelines and version control with Git. We value continuous learning and provide support for career development.,Executive (12+ years),Bachelor's Degree in Computer Science or related field,"USD 110,000-160,000",Full-time,"['SQL', 'Java', 'Git', 'CI/CD', 'Spring Boot']",5
100375,DevOps Engineer,Prism Media Group,"Seattle, WA, USA","Join us as a DevOps Engineer and help drive our team's success. Responsibilities include: containerize applications using Docker and orchestrate them with Kubernetes; automate configuration management with Ansible; build and maintain CI/CD pipelines with Jenkins. Requirements: familiarity with monitoring and logging tools; hands-on knowledge of Docker, Kubernetes, and Linux administration. This role offers competitive benefits and a flexible work culture.",Executive (12+ years),Master's Degree in Business Administration (MBA),"EUR 35,000-55,000",Full-time,"['Kubernetes', 'Docker', 'CI/CD']",3
100376,Frontend Developer,Granite Construction Group,"Mumbai, Maharashtra, India","Our company is hiring an experienced Frontend Developer to support key initiatives. Responsibilities include: translate Figma designs into pixel-perfect HTML and CSS; write unit tests with Jest to ensure code reliability; build responsive, accessible user interfaces using React and TypeScript. Requirements: strong command of JavaScript, HTML, and CSS; experience collaborating with designers using tools like Figma. This is a great opportunity to make an impact in a fast-paced environment.",Junior (1-3 years),Master's Degree in Business Administration (MBA),"USD 75,000-110,000",Full-time,"['JavaScript', 'React', 'Figma']",3
100377,Customer Support Specialist,BluePeak Technologies,"Mumbai, Maharashtra, India","We are seeking a talented Customer Support Specialist who is passionate about delivering results. Responsibilities include: handle escalation management for high-priority customer concerns; troubleshoot product issues and escalate complex cases when needed; respond to customer inquiries via email, live chat, and ticketing systems like Zendesk. Requirements: experience using CRM software to track customer interactions; familiarity with ticketing systems such as Zendesk. This role offers competitive benefits and a flexible work culture.",Lead (8-12 years),Bachelor's Degree,"USD 75,000-110,000",Part-time,[],0
100378,DevOps Engineer,Falconview Aerospace,"Chicago, IL, USA","Our company is hiring an experienced DevOps Engineer to support key initiatives. Responsibilities include: manage cloud infrastructure on AWS using Terraform; set up monitoring and alerting to ensure system reliability; containerize applications using Docker and orchestrate them with Kubernetes. Requirements: experience building CI/CD pipelines and automation scripts in Python; hands-on knowledge of Docker, Kubernetes, and Linux administration. This is a great opportunity to make an impact in a fast-paced environment.",Junior (1-3 years),Bachelor's Degree in Computer Science or related field,"GBP 45,000-75,000",Full-time,"['Python', 'AWS', 'Kubernetes', 'Docker', 'CI/CD']",5
100379,Product Manager,Granite Construction Group,"Amsterdam, Netherlands",Our company is hiring an experienced Product Manager to support key initiatives. Responsibilities include: communicate product strategy to stakeholders across the organization; analyze product data to inform strategic decisions; run A/B tests to validate product hypotheses. Requirements: excellent stakeholder management and cross-functional leadership abilities; strong data analysis and prioritization skills. We value continuous learning and provide support for career development.,Lead (8-12 years),Diploma or equivalent professional certification,"USD 110,000-160,000",Internship,[],0
100380,Human Resources Business Partner,Redwood Robotics,"Amsterdam, Netherlands",We are seeking a talented Human Resources Business Partner who is passionate about delivering results. Responsibilities include: support performance management cycles and compensation planning; handle employee relations issues and conflict resolution; partner with department leaders on talent acquisition and workforce planning. Requirements: strong stakeholder management and communication skills; experience in talent acquisition and employee relations. We offer a collaborative environment and opportunities for professional growth.,Entry level (0-1 years),Diploma or equivalent professional certification,"INR 400,000-800,000",Full-time,[],0
100381,Customer Support Specialist,Solstice Pharma,"Chennai, Tamil Nadu, India","Join us as a Customer Support Specialist and help drive our team's success. Responsibilities include: maintain accurate records in the CRM software; respond to customer inquiries via email, live chat, and ticketing systems like Zendesk; troubleshoot product issues and escalate complex cases when needed. Requirements: strong communication and conflict resolution skills; experience using CRM software to track customer interactions. This role offers competitive benefits and a flexible work culture.",Senior (5-8 years),High School Diploma,"GBP 28,000-45,000",Full-time,[],0
100382,Data Scientist,Zenith Marketing House,"Boston, MA, USA","Our company is hiring an experienced Data Scientist to support key initiatives. Responsibilities include: analyze large datasets using Python and SQL to extract actionable insights; collaborate with engineering teams to productionize models using TensorFlow or PyTorch; create dashboards and visualizations to communicate findings to stakeholders. Requirements: hands-on experience with pandas, scikit-learn, and statistical modeling techniques; experience with data visualization tools like Tableau or Power BI. We offer a collaborative environment and opportunities for professional growth.",Lead (8-12 years),PhD or equivalent research experience,"INR 1,600,000-2,800,000",Full-time,"['Python', 'SQL', 'Power BI', 'Tableau', 'TensorFlow', 'PyTorch', 'Pandas', 'Scikit-learn']",8
100383,Financial Analyst,Crestview Realty,"San Francisco, CA, USA","We are seeking a talented Financial Analyst who is passionate about delivering results. Responsibilities include: create dashboards in Power BI to track key financial metrics; prepare monthly financial reporting and variance analysis; build financial models to support budgeting and forecasting. Requirements: experience with forecasting, budgeting, and variance analysis; advanced Excel skills including financial modeling. We value continuous learning and provide support for career development.",Lead (8-12 years),Master's Degree in Business Administration (MBA),"INR 400,000-800,000",Full-time,"['Power BI', 'Excel']",2
100384,Backend Software Engineer,Crestview Realty,"Toronto, Canada",We are seeking a talented Backend Software Engineer who is passionate about delivering results. Responsibilities include: design and build scalable REST APIs using Java and Spring Boot; develop and maintain microservices deployed on Kubernetes; optimize PostgreSQL queries for performance at scale. Requirements: solid experience with Java and Spring Boot; understanding of CI/CD pipelines and version control with Git. We offer a collaborative environment and opportunities for professional growth.,Mid level (3-5 years),Diploma or equivalent professional certification,"USD 160,000-220,000",Full-time,"['SQL', 'Java', 'Kubernetes', 'Git', 'CI/CD', 'Spring Boot']",6
100385,Digital Marketing Specialist,Skyline Software Labs,"Chennai, Tamil Nadu, India",We are looking for a motivated Digital Marketing Specialist to join our growing team. Responsibilities include: manage paid advertising campaigns across Google Ads and social media; plan and execute SEO strategies to improve organic search rankings; run A/B tests to optimize conversion rates on landing pages. Requirements: hands-on experience running PPC advertising campaigns; familiarity with marketing automation tools such as HubSpot. This is a great opportunity to make an impact in a fast-paced environment.,Executive (12+ years),High School Diploma,"USD 160,000-220,000",Part-time,[],0
100386,Digital Marketing Specialist,Bramble Retailers,"Vancouver, Canada",We are looking for a motivated Digital Marketing Specialist to join our growing team. Responsibilities include: manage paid advertising campaigns across Google Ads and social media; plan and execute SEO strategies to improve organic search rankings; run A/B tests to optimize conversion rates on landing pages. Requirements: familiarity with marketing automation tools such as HubSpot; proven experience with SEO and Google Analytics. This is a great opportunity to make an impact in a fast-paced environment.,Senior (5-8 years),High School Diploma,"INR 800,000-1,600,000",Temporary,[],0
100387,Frontend Developer,Vertex Financial Services,"Austin, TX, USA","Join us as a Frontend Developer and help drive our team's success. Responsibilities include: write unit tests with Jest to ensure code reliability; translate Figma designs into pixel-perfect HTML and CSS; manage application state using Redux. Requirements: strong command of JavaScript, HTML, and CSS; experience collaborating with designers using tools like Figma. This is a great opportunity to make an impact in a fast-paced environment.",Entry level (0-1 years),Bachelor's Degree,"USD 160,000-220,000",Contract,"['JavaScript', 'Figma']",2
100388,UX/UI Designer,Riverside EdTech,"Hyderabad, Telangana, India",We are seeking a talented UX/UI Designer who is passionate about delivering results. Responsibilities include: build and maintain a consistent design system across products; create wireframes and interactive prototypes using Figma; ensure designs meet accessibility standards. Requirements: strong portfolio demonstrating wireframing and prototyping skills; experience conducting user research and usability testing. We offer a collaborative environment and opportunities for professional growth.,Junior (1-3 years),Diploma or equivalent professional certification,"INR 1,600,000-2,800,000",Full-time,['Figma'],1
100389,Digital Marketing Specialist,Redwood Robotics,"Sydney, Australia",Our company is hiring an experienced Digital Marketing Specialist to support key initiatives. Responsibilities include: plan and execute SEO strategies to improve organic search rankings; manage paid advertising campaigns across Google Ads and social media; analyze campaign performance using Google Analytics. Requirements: familiarity with marketing automation tools such as HubSpot; hands-on experience running PPC advertising campaigns. We offer a collaborative environment and opportunities for professional growth.,Mid level (3-5 years),High School Diploma,"EUR 55,000-90,000",Full-time,[],0
100390,Frontend Developer,Bramble Retailers,"Austin, TX, USA",We are looking for a motivated Frontend Developer to join our growing team. Responsibilities include: optimize bundle size and performance using Webpack; write unit tests with Jest to ensure code reliability; manage application state using Redux. Requirements: hands-on experience with React and modern frontend tooling; experience collaborating with designers using tools like Figma. We offer a collaborative environment and opportunities for professional growth.,Senior (5-8 years),Master's Degree,"USD 45,000-75,000",Full-time,"['React', 'Figma']",2
100391,DevOps Engineer,Meridian Health Solutions,"Vancouver, Canada","We are looking for a motivated DevOps Engineer to join our growing team. Responsibilities include: manage cloud infrastructure on AWS using Terraform; containerize applications using Docker and orchestrate them with Kubernetes; automate configuration management with Ansible. Requirements: hands-on knowledge of Docker, Kubernetes, and Linux administration; experience building CI/CD pipelines and automation scripts in Python. We offer a collaborative environment and opportunities for professional growth.",Lead (8-12 years),"Master's Degree in Data Science, Statistics, or related field","EUR 55,000-90,000",Full-time,"['Python', 'AWS', 'Kubernetes', 'Docker', 'CI/CD']",5
100392,Frontend Developer,Redwood Robotics,"San Francisco, CA, USA","Our company is hiring an experienced Frontend Developer to support key initiatives. Responsibilities include: build responsive, accessible user interfaces using React and TypeScript; write unit tests with Jest to ensure code reliability; translate Figma designs into pixel-perfect HTML and CSS. Requirements: hands-on experience with React and modern frontend tooling; experience collaborating with designers using tools like Figma. We offer a collaborative environment and opportunities for professional growth.",Lead (8-12 years),"Master's Degree in Data Science, Statistics, or related field","GBP 28,000-45,000",Full-time,"['React', 'Figma']",2
100393,Product Manager,Quartz Data Systems,"Toronto, Canada",Our company is hiring an experienced Product Manager to support key initiatives. Responsibilities include: communicate product strategy to stakeholders across the organization; run A/B tests to validate product hypotheses; work with engineering and design teams in an Agile environment using Jira. Requirements: excellent stakeholder management and cross-functional leadership abilities; familiarity with Agile methodologies and tools like Jira. This role offers competitive benefits and a flexible work culture.,Lead (8-12 years),Diploma or equivalent professional certification,"USD 160,000-220,000",Full-time,"['Jira', 'Agile']",2
100394,Backend Software Engineer,Anchor Bank Corp,"Chennai, Tamil Nadu, India","We are looking for a motivated Backend Software Engineer to join our growing team. Responsibilities include: optimize PostgreSQL queries for performance at scale; set up CI/CD pipelines to automate testing and deployment; write clean, testable code and participate in code reviews using Git. Requirements: practical knowledge of Docker and Kubernetes for containerized deployments; solid experience with Java and Spring Boot. We value continuous learning and provide support for career development.",Mid level (3-5 years),"Master's Degree in Data Science, Statistics, or related field","GBP 28,000-45,000",Full-time,"['SQL', 'Java', 'Kubernetes', 'Docker', 'Git', 'CI/CD', 'Spring Boot']",7
100395,Business Analyst,Northgate Logistics,"Seattle, WA, USA",Join us as a Business Analyst and help drive our team's success. Responsibilities include: work closely with Agile teams to translate requirements into user stories; analyze data using SQL and Excel to identify process improvements; create process maps to visualize current and future state workflows. Requirements: familiarity with Agile delivery and documentation practices; strong SQL and Excel skills for data analysis. This is a great opportunity to make an impact in a fast-paced environment.,Executive (12+ years),PhD or equivalent research experience,"USD 160,000-220,000",Part-time,"['SQL', 'Excel', 'Agile']",3
100396,Supply Chain Coordinator,Prism Media Group,"Hyderabad, Telangana, India",Our company is hiring an experienced Supply Chain Coordinator to support key initiatives. Responsibilities include: work with SAP to manage procurement and vendor management processes; coordinate inventory management and shipment tracking across warehouses; identify opportunities for process improvement and cost analysis. Requirements: experience in logistics coordination and inventory management; hands-on knowledge of SAP or similar ERP systems. This role offers competitive benefits and a flexible work culture.,Executive (12+ years),Bachelor's Degree,"USD 45,000-75,000",Full-time,['SAP'],1
100397,Backend Software Engineer,BluePeak Technologies,Singapore,"We are seeking a talented Backend Software Engineer who is passionate about delivering results. Responsibilities include: design and build scalable REST APIs using Java and Spring Boot; write clean, testable code and participate in code reviews using Git; optimize PostgreSQL queries for performance at scale. Requirements: solid experience with Java and Spring Boot; understanding of CI/CD pipelines and version control with Git. This role offers competitive benefits and a flexible work culture.",Senior (5-8 years),Diploma or equivalent professional certification,"GBP 45,000-75,000",Full-time,"['SQL', 'Java', 'Git', 'CI/CD', 'Spring Boot']",5
100398,Supply Chain Coordinator,Redwood Robotics,"Pune, Maharashtra, India",Join us as a Supply Chain Coordinator and help drive our team's success. Responsibilities include: support demand planning to optimize stock levels; coordinate inventory management and shipment tracking across warehouses; communicate with logistics partners to ensure timely deliveries. Requirements: strong Excel skills for demand planning and cost analysis; experience with vendor management and procurement. We offer a collaborative environment and opportunities for professional growth.,Executive (12+ years),High School Diploma,"INR 800,000-1,600,000",Full-time,['Excel'],1
100399,UX/UI Designer,Fernwood Digital,"Chicago, IL, USA",Our company is hiring an experienced UX/UI Designer to support key initiatives. Responsibilities include: ensure designs meet accessibility standards; collaborate with product and engineering teams on interaction design; conduct user research and usability testing to inform design decisions. Requirements: proficiency in Figma or Adobe XD; experience conducting user research and usability testing. This role offers competitive benefits and a flexible work culture.,Junior (1-3 years),Bachelor's Degree,"USD 75,000-110,000",Full-time,['Figma'],1
100400,Business Analyst,Crestview Realty,"Delhi, India",We are seeking a talented Business Analyst who is passionate about delivering results. Responsibilities include: build reports and dashboards in Power BI to support decision-making; work closely with Agile teams to translate requirements into user stories; gather and document business requirements from stakeholders. Requirements: strong SQL and Excel skills for data analysis; experience in requirements gathering and process mapping. This is a great opportunity to make an impact in a fast-paced environment.,Lead (8-12 years),PhD or equivalent research experience,"USD 75,000-110,000",Full-time,"['SQL', 'Power BI', 'Excel', 'Agile']",4
100401,Customer Support Specialist,Prism Media Group,Remote,We are seeking a talented Customer Support Specialist who is passionate about delivering results. Responsibilities include: handle escalation management for high-priority customer concerns; maintain accurate records in the CRM software; troubleshoot product issues and escalate complex cases when needed. Requirements: experience using CRM software to track customer interactions; strong communication and conflict resolution skills. This is a great opportunity to make an impact in a fast-paced environment.,Lead (8-12 years),Diploma or equivalent professional certification,"INR 800,000-1,600,000",Full-time,[],0
100402,UX/UI Designer,Prism Media Group,"Dubai, UAE",We are seeking a talented UX/UI Designer who is passionate about delivering results. Responsibilities include: build and maintain a consistent design system across products; collaborate with product and engineering teams on interaction design; create wireframes and interactive prototypes using Figma. Requirements: understanding of accessibility and visual design principles; strong portfolio demonstrating wireframing and prototyping skills. We offer a collaborative environment and opportunities for professional growth.,Lead (8-12 years),Master's Degree,"INR 1,600,000-2,800,000",Full-time,['Figma'],1
100403,Digital Marketing Specialist,Delta Freight Solutions,"Mumbai, Maharashtra, India",Our company is hiring an experienced Digital Marketing Specialist to support key initiatives. Responsibilities include: manage paid advertising campaigns across Google Ads and social media; analyze campaign performance using Google Analytics; plan and execute SEO strategies to improve organic search rankings. Requirements: strong copywriting skills for content and email marketing; familiarity with marketing automation tools such as HubSpot. This role offers competitive benefits and a flexible work culture.,Mid level (3-5 years),High School Diploma,"INR 400,000-800,000",Full-time,[],0
100404,Backend Software Engineer,BluePeak Technologies,"Toronto, Canada","Our company is hiring an experienced Backend Software Engineer to support key initiatives. Responsibilities include: develop and maintain microservices deployed on Kubernetes; write clean, testable code and participate in code reviews using Git; optimize PostgreSQL queries for performance at scale. Requirements: solid experience with Java and Spring Boot; experience working with AWS cloud services. This is a great opportunity to make an impact in a fast-paced environment.",Junior (1-3 years),Master's Degree in Business Administration (MBA),"INR 800,000-1,600,000",Full-time,"['SQL', 'Java', 'AWS', 'Kubernetes', 'Git', 'Spring Boot']",6
100405,Business Analyst,Nova Payments Inc,"New York, NY, USA",Our company is hiring an experienced Business Analyst to support key initiatives. Responsibilities include: build reports and dashboards in Power BI to support decision-making; gather and document business requirements from stakeholders; create process maps to visualize current and future state workflows. Requirements: familiarity with Agile delivery and documentation practices; experience in requirements gathering and process mapping. This is a great opportunity to make an impact in a fast-paced environment.,Executive (12+ years),"Master's Degree in Data Science, Statistics, or related field","GBP 28,000-45,000",Part-time,"['Power BI', 'Agile']",2
100406,Backend Software Engineer,Riverside EdTech,"Bengaluru, Karnataka, India","Join us as a Backend Software Engineer and help drive our team's success. Responsibilities include: design and build scalable REST APIs using Java and Spring Boot; develop and maintain microservices deployed on Kubernetes; write clean, testable code and participate in code reviews using Git. Requirements: solid experience with Java and Spring Boot; experience working with AWS cloud services. This is a great opportunity to make an impact in a fast-paced environment.",Mid level (3-5 years),"Master's Degree in Data Science, Statistics, or related field","INR 1,600,000-2,800,000",Internship,"['Java', 'AWS', 'Kubernetes', 'Git', 'Spring Boot']",5
100407,Data Scientist,Harbor & Co,"Berlin, Germany","Our company is hiring an experienced Data Scientist to support key initiatives. Responsibilities include: analyze large datasets using Python and SQL to extract actionable insights; build and deploy machine learning models to solve business problems; design and evaluate A/B tests to measure product impact. Requirements: experience with data visualization tools like Tableau or Power BI; hands-on experience with pandas, scikit-learn, and statistical modeling techniques. We offer a collaborative environment and opportunities for professional growth.",Lead (8-12 years),Bachelor's Degree in Computer Science or related field,"INR 800,000-1,600,000",Full-time,"['Python', 'SQL', 'Power BI', 'Tableau', 'Pandas', 'Scikit-learn', 'Machine Learning']",7
100408,DevOps Engineer,Lumen Insurance,"Chicago, IL, USA","We are looking for a motivated DevOps Engineer to join our growing team. Responsibilities include: automate configuration management with Ansible; manage cloud infrastructure on AWS using Terraform; containerize applications using Docker and orchestrate them with Kubernetes. Requirements: familiarity with monitoring and logging tools; hands-on knowledge of Docker, Kubernetes, and Linux administration. We offer a collaborative environment and opportunities for professional growth.",Junior (1-3 years),Bachelor's Degree in Computer Science or related field,"INR 800,000-1,600,000",Contract,"['AWS', 'Kubernetes', 'Docker']",3
100409,Financial Analyst,Anchor Bank Corp,"Manchester, United Kingdom","Our company is hiring an experienced Financial Analyst to support key initiatives. Responsibilities include: create dashboards in Power BI to track key financial metrics; ensure reporting complies with GAAP standards; use SQL to extract and analyze financial data from internal systems. Requirements: experience with forecasting, budgeting, and variance analysis; familiarity with SQL and Power BI for financial reporting. This role offers competitive benefits and a flexible work culture.",Junior (1-3 years),Bachelor's Degree in Computer Science or related field,"GBP 28,000-45,000",Part-time,"['SQL', 'Power BI']",2
100410,DevOps Engineer,Fernwood Digital,"Austin, TX, USA","Join us as a DevOps Engineer and help drive our team's success. Responsibilities include: automate configuration management with Ansible; containerize applications using Docker and orchestrate them with Kubernetes; build and maintain CI/CD pipelines with Jenkins. Requirements: hands-on knowledge of Docker, Kubernetes, and Linux administration; familiarity with monitoring and logging tools. We value continuous learning and provide support for career development.",Mid level (3-5 years),Bachelor's Degree,"USD 75,000-110,000",Part-time,"['Kubernetes', 'Docker', 'CI/CD']",3
100411,Business Analyst,Crestview Realty,"Mumbai, Maharashtra, India",Join us as a Business Analyst and help drive our team's success. Responsibilities include: work closely with Agile teams to translate requirements into user stories; analyze data using SQL and Excel to identify process improvements; build reports and dashboards in Power BI to support decision-making. Requirements: experience in requirements gathering and process mapping; excellent stakeholder management and problem-solving skills. This role offers competitive benefits and a flexible work culture.,Junior (1-3 years),"Master's Degree in Data Science, Statistics, or related field","EUR 35,000-55,000",Part-time,"['SQL', 'Power BI', 'Excel', 'Agile']",4
100412,Supply Chain Coordinator,Ironwood Manufacturing,"Chennai, Tamil Nadu, India",Our company is hiring an experienced Supply Chain Coordinator to support key initiatives. Responsibilities include: communicate with logistics partners to ensure timely deliveries; work with SAP to manage procurement and vendor management processes; identify opportunities for process improvement and cost analysis. Requirements: experience in logistics coordination and inventory management; hands-on knowledge of SAP or similar ERP systems. We offer a collaborative environment and opportunities for professional growth.,Entry level (0-1 years),Bachelor's Degree,"USD 45,000-75,000",Part-time,['SAP'],1
100413,Digital Marketing Specialist,Silverline Consulting,"Vancouver, Canada",We are seeking a talented Digital Marketing Specialist who is passionate about delivering results. Responsibilities include: run A/B tests to optimize conversion rates on landing pages; create engaging content for email marketing and social media channels; analyze campaign performance using Google Analytics. Requirements: hands-on experience running PPC advertising campaigns; strong copywriting skills for content and email marketing. We offer a collaborative environment and opportunities for professional growth.,Junior (1-3 years),Master's Degree,"USD 160,000-220,000",Full-time,[],0
100414,Financial Analyst,Pinecrest Energy,Remote,We are seeking a talented Financial Analyst who is passionate about delivering results. Responsibilities include: prepare monthly financial reporting and variance analysis; use SQL to extract and analyze financial data from internal systems; build financial models to support budgeting and forecasting. Requirements: understanding of GAAP and risk analysis principles; familiarity with SQL and Power BI for financial reporting. We offer a collaborative environment and opportunities for professional growth.,Mid level (3-5 years),Bachelor's Degree in Computer Science or related field,"USD 45,000-75,000",Full-time,"['SQL', 'Power BI']",2
100415,Backend Software Engineer,Cascade Cloud Inc,Remote,"We are looking for a motivated Backend Software Engineer to join our growing team. Responsibilities include: write clean, testable code and participate in code reviews using Git; set up CI/CD pipelines to automate testing and deployment; design and build scalable REST APIs using Java and Spring Boot. Requirements: understanding of CI/CD pipelines and version control with Git; experience working with AWS cloud services. We offer a collaborative environment and opportunities for professional growth.",Executive (12+ years),"Master's Degree in Data Science, Statistics, or related field","USD 75,000-110,000",Full-time,"['Java', 'AWS', 'Git', 'CI/CD', 'Spring Boot']",5
100416,Human Resources Business Partner,Redwood Robotics,"Dubai, UAE",Join us as a Human Resources Business Partner and help drive our team's success. Responsibilities include: ensure labor law compliance across all HR processes; partner with department leaders on talent acquisition and workforce planning; support performance management cycles and compensation planning. Requirements: working knowledge of HRIS systems and performance management processes; strong stakeholder management and communication skills. We value continuous learning and provide support for career development.,Junior (1-3 years),Master's Degree,"GBP 45,000-75,000",Full-time,[],0
100417,Human Resources Business Partner,Redwood Robotics,"London, United Kingdom",We are seeking a talented Human Resources Business Partner who is passionate about delivering results. Responsibilities include: handle employee relations issues and conflict resolution; ensure labor law compliance across all HR processes; partner with department leaders on talent acquisition and workforce planning. Requirements: strong stakeholder management and communication skills; experience in talent acquisition and employee relations. We value continuous learning and provide support for career development.,Entry level (0-1 years),"Master's Degree in Data Science, Statistics, or related field","EUR 55,000-90,000",Part-time,[],0
100418,Financial Analyst,Willowbrook Hospitality,"Mumbai, Maharashtra, India",We are seeking a talented Financial Analyst who is passionate about delivering results. Responsibilities include: create dashboards in Power BI to track key financial metrics; prepare monthly financial reporting and variance analysis; build financial models to support budgeting and forecasting. Requirements: understanding of GAAP and risk analysis principles; familiarity with SQL and Power BI for financial reporting. This role offers competitive benefits and a flexible work culture.,Mid level (3-5 years),Master's Degree,"USD 110,000-160,000",Internship,"['SQL', 'Power BI']",2
100419,Financial Analyst,Northgate Logistics,Singapore,"Our company is hiring an experienced Financial Analyst to support key initiatives. Responsibilities include: prepare monthly financial reporting and variance analysis; ensure reporting complies with GAAP standards; use SQL to extract and analyze financial data from internal systems. Requirements: experience with forecasting, budgeting, and variance analysis; advanced Excel skills including financial modeling. We value continuous learning and provide support for career development.",Mid level (3-5 years),"Master's Degree in Data Science, Statistics, or related field","GBP 28,000-45,000",Full-time,"['SQL', 'Excel']",2
100420,UX/UI Designer,Quartz Data Systems,"Berlin, Germany",Our company is hiring an experienced UX/UI Designer to support key initiatives. Responsibilities include: build and maintain a consistent design system across products; conduct user research and usability testing to inform design decisions; ensure designs meet accessibility standards. Requirements: strong portfolio demonstrating wireframing and prototyping skills; understanding of accessibility and visual design principles. We value continuous learning and provide support for career development.,Senior (5-8 years),Bachelor's Degree in Computer Science or related field,"EUR 55,000-90,000",Internship,[],0
100421,Frontend Developer,Falconview Aerospace,"Mumbai, Maharashtra, India","Join us as a Frontend Developer and help drive our team's success. Responsibilities include: manage application state using Redux; translate Figma designs into pixel-perfect HTML and CSS; build responsive, accessible user interfaces using React and TypeScript. Requirements: strong command of JavaScript, HTML, and CSS; experience collaborating with designers using tools like Figma. This role offers competitive benefits and a flexible work culture.",Senior (5-8 years),PhD or equivalent research experience,"INR 400,000-800,000",Part-time,"['JavaScript', 'React', 'Figma']",3
100422,Data Scientist,Riverside EdTech,"Dubai, UAE",Our company is hiring an experienced Data Scientist to support key initiatives. Responsibilities include: analyze large datasets using Python and SQL to extract actionable insights; build and deploy machine learning models to solve business problems; create dashboards and visualizations to communicate findings to stakeholders. Requirements: strong proficiency in Python and SQL; familiarity with deep learning frameworks such as TensorFlow or PyTorch. This is a great opportunity to make an impact in a fast-paced environment.,Lead (8-12 years),Master's Degree,"EUR 35,000-55,000",Full-time,"['Python', 'SQL', 'TensorFlow', 'PyTorch', 'Machine Learning', 'Deep Learning']",6
100423,Frontend Developer,Anchor Bank Corp,"Dubai, UAE","Join us as a Frontend Developer and help drive our team's success. Responsibilities include: write unit tests with Jest to ensure code reliability; optimize bundle size and performance using Webpack; build responsive, accessible user interfaces using React and TypeScript. Requirements: hands-on experience with React and modern frontend tooling; strong command of JavaScript, HTML, and CSS. This role offers competitive benefits and a flexible work culture.",Executive (12+ years),"Master's Degree in Data Science, Statistics, or related field","USD 110,000-160,000",Full-time,"['JavaScript', 'React']",2
100424,Data Scientist,Lumen Insurance,"Mumbai, Maharashtra, India",Our company is hiring an experienced Data Scientist to support key initiatives. Responsibilities include: analyze large datasets using Python and SQL to extract actionable insights; build and deploy machine learning models to solve business problems; collaborate with engineering teams to productionize models using TensorFlow or PyTorch. Requirements: experience with data visualization tools like Tableau or Power BI; familiarity with deep learning frameworks such as TensorFlow or PyTorch. This is a great opportunity to make an impact in a fast-paced environment.,Senior (5-8 years),Master's Degree,"EUR 55,000-90,000",Internship,"['Python', 'SQL', 'Power BI', 'Tableau', 'TensorFlow', 'PyTorch', 'Machine Learning', 'Deep Learning']",8
100425,UX/UI Designer,Prism Media Group,"Toronto, Canada",Join us as a UX/UI Designer and help drive our team's success. Responsibilities include: build and maintain a consistent design system across products; collaborate with product and engineering teams on interaction design; ensure designs meet accessibility standards. Requirements: strong portfolio demonstrating wireframing and prototyping skills; experience conducting user research and usability testing. We offer a collaborative environment and opportunities for professional growth.,Senior (5-8 years),PhD or equivalent research experience,"USD 45,000-75,000",Contract,[],0
100426,Product Manager,Silverline Consulting,"Bengaluru, Karnataka, India",Join us as a Product Manager and help drive our team's success. Responsibilities include: communicate product strategy to stakeholders across the organization; own the product roadmap and prioritize features based on user research; analyze product data to inform strategic decisions. Requirements: strong data analysis and prioritization skills; familiarity with Agile methodologies and tools like Jira. This is a great opportunity to make an impact in a fast-paced environment.,Junior (1-3 years),PhD or equivalent research experience,"USD 45,000-75,000",Contract,"['Jira', 'Agile']",2
100427,Digital Marketing Specialist,Riverside EdTech,"Chicago, IL, USA",We are looking for a motivated Digital Marketing Specialist to join our growing team. Responsibilities include: run A/B tests to optimize conversion rates on landing pages; manage paid advertising campaigns across Google Ads and social media; create engaging content for email marketing and social media channels. Requirements: familiarity with marketing automation tools such as HubSpot; proven experience with SEO and Google Analytics. We offer a collaborative environment and opportunities for professional growth.,Senior (5-8 years),Master's Degree in Business Administration (MBA),"EUR 35,000-55,000",Full-time,[],0
100428,Frontend Developer,Riverside EdTech,Singapore,"Join us as a Frontend Developer and help drive our team's success. Responsibilities include: manage application state using Redux; write unit tests with Jest to ensure code reliability; build responsive, accessible user interfaces using React and TypeScript. Requirements: hands-on experience with React and modern frontend tooling; experience collaborating with designers using tools like Figma. This role offers competitive benefits and a flexible work culture.",Executive (12+ years),Bachelor's Degree in Computer Science or related field,"INR 1,600,000-2,800,000",Internship,"['React', 'Figma']",2
100429,Product Manager,Fernwood Digital,"Austin, TX, USA",We are looking for a motivated Product Manager to join our growing team. Responsibilities include: own the product roadmap and prioritize features based on user research; analyze product data to inform strategic decisions; run A/B tests to validate product hypotheses. Requirements: strong data analysis and prioritization skills; experience owning product strategy and roadmap planning. This is a great opportunity to make an impact in a fast-paced environment.,Executive (12+ years),Bachelor's Degree in Computer Science or related field,"USD 75,000-110,000",Full-time,[],0
100430,UX/UI Designer,Bramble Retailers,"Berlin, Germany",Join us as a UX/UI Designer and help drive our team's success. Responsibilities include: conduct user research and usability testing to inform design decisions; create wireframes and interactive prototypes using Figma; collaborate with product and engineering teams on interaction design. Requirements: proficiency in Figma or Adobe XD; strong portfolio demonstrating wireframing and prototyping skills. This role offers competitive benefits and a flexible work culture.,Junior (1-3 years),PhD or equivalent research experience,"GBP 45,000-75,000",Full-time,['Figma'],1
100431,Frontend Developer,Riverside EdTech,"Bengaluru, Karnataka, India","Our company is hiring an experienced Frontend Developer to support key initiatives. Responsibilities include: build responsive, accessible user interfaces using React and TypeScript; translate Figma designs into pixel-perfect HTML and CSS; optimize bundle size and performance using Webpack. Requirements: strong command of JavaScript, HTML, and CSS; familiarity with responsive design principles across devices. We value continuous learning and provide support for career development.",Mid level (3-5 years),Diploma or equivalent professional certification,"INR 400,000-800,000",Full-time,"['JavaScript', 'React', 'Figma']",3
100432,Data Scientist,Silverline Consulting,"Vancouver, Canada","Join us as a Data Scientist and help drive our team's success. Responsibilities include: analyze large datasets using Python and SQL to extract actionable insights; create dashboards and visualizations to communicate findings to stakeholders; design and evaluate A/B tests to measure product impact. Requirements: experience with data visualization tools like Tableau or Power BI; hands-on experience with pandas, scikit-learn, and statistical modeling techniques. This is a great opportunity to make an impact in a fast-paced environment.",Lead (8-12 years),High School Diploma,"EUR 35,000-55,000",Contract,"['Python', 'SQL', 'Power BI', 'Tableau', 'Pandas', 'Scikit-learn']",6
100433,Product Manager,Fernwood Digital,"Dubai, UAE",Our company is hiring an experienced Product Manager to support key initiatives. Responsibilities include: own the product roadmap and prioritize features based on user research; work with engineering and design teams in an Agile environment using Jira; communicate product strategy to stakeholders across the organization. Requirements: experience owning product strategy and roadmap planning; strong data analysis and prioritization skills. We value continuous learning and provide support for career development.,Junior (1-3 years),Master's Degree in Business Administration (MBA),"EUR 35,000-55,000",Full-time,"['Jira', 'Agile']",2
100434,Data Scientist,Cobalt Retail Group,"Bengaluru, Karnataka, India","We are looking for a motivated Data Scientist to join our growing team. Responsibilities include: build and deploy machine learning models to solve business problems; create dashboards and visualizations to communicate findings to stakeholders; analyze large datasets using Python and SQL to extract actionable insights. Requirements: hands-on experience with pandas, scikit-learn, and statistical modeling techniques; strong proficiency in Python and SQL. We value continuous learning and provide support for career development.",Lead (8-12 years),Master's Degree in Business Administration (MBA),"INR 800,000-1,600,000",Full-time,"['Python', 'SQL', 'Pandas', 'Scikit-learn', 'Machine Learning']",5
100435,Business Analyst,Amber Foods Co,"Dubai, UAE",We are seeking a talented Business Analyst who is passionate about delivering results. Responsibilities include: gather and document business requirements from stakeholders; work closely with Agile teams to translate requirements into user stories; analyze data using SQL and Excel to identify process improvements. Requirements: familiarity with Agile delivery and documentation practices; strong SQL and Excel skills for data analysis. This is a great opportunity to make an impact in a fast-paced environment.,Lead (8-12 years),Bachelor's Degree in Computer Science or related field,"GBP 28,000-45,000",Full-time,"['SQL', 'Excel', 'Agile']",3
100436,Backend Software Engineer,Riverside EdTech,"Manchester, United Kingdom","Our company is hiring an experienced Backend Software Engineer to support key initiatives. Responsibilities include: design and build scalable REST APIs using Java and Spring Boot; write clean, testable code and participate in code reviews using Git; develop and maintain microservices deployed on Kubernetes. Requirements: understanding of CI/CD pipelines and version control with Git; experience working with AWS cloud services. This role offers competitive benefits and a flexible work culture.",Entry level (0-1 years),Master's Degree in Business Administration (MBA),"GBP 28,000-45,000",Contract,"['Java', 'AWS', 'Kubernetes', 'Git', 'CI/CD', 'Spring Boot']",6
100437,UX/UI Designer,Vertex Financial Services,"Dubai, UAE",We are seeking a talented UX/UI Designer who is passionate about delivering results. Responsibilities include: collaborate with product and engineering teams on interaction design; build and maintain a consistent design system across products; create wireframes and interactive prototypes using Figma. Requirements: experience conducting user research and usability testing; strong portfolio demonstrating wireframing and prototyping skills. This is a great opportunity to make an impact in a fast-paced environment.,Lead (8-12 years),Bachelor's Degree,"GBP 28,000-45,000",Full-time,['Figma'],1
100438,Customer Support Specialist,Falconview Aerospace,"Sydney, Australia","Our company is hiring an experienced Customer Support Specialist to support key initiatives. Responsibilities include: respond to customer inquiries via email, live chat, and ticketing systems like Zendesk; handle escalation management for high-priority customer concerns; build strong product knowledge to resolve issues efficiently. Requirements: experience using CRM software to track customer interactions; strong communication and conflict resolution skills. We offer a collaborative environment and opportunities for professional growth.",Junior (1-3 years),Master's Degree,"INR 400,000-800,000",Full-time,[],0
100439,UX/UI Designer,Granite Construction Group,"New York, NY, USA",We are seeking a talented UX/UI Designer who is passionate about delivering results. Responsibilities include: build and maintain a consistent design system across products; create wireframes and interactive prototypes using Figma; conduct user research and usability testing to inform design decisions. Requirements: proficiency in Figma or Adobe XD; experience conducting user research and usability testing. We value continuous learning and provide support for career development.,Senior (5-8 years),PhD or equivalent research experience,"USD 45,000-75,000",Contract,['Figma'],1
100440,Digital Marketing Specialist,Bramble Retailers,"Pune, Maharashtra, India",We are looking for a motivated Digital Marketing Specialist to join our growing team. Responsibilities include: analyze campaign performance using Google Analytics; run A/B tests to optimize conversion rates on landing pages; manage paid advertising campaigns across Google Ads and social media. Requirements: proven experience with SEO and Google Analytics; familiarity with marketing automation tools such as HubSpot. This role offers competitive benefits and a flexible work culture.,Lead (8-12 years),"Master's Degree in Data Science, Statistics, or related field","USD 45,000-75,000",Full-time,[],0
100441,Human Resources Business Partner,Solstice Pharma,"Seattle, WA, USA",Our company is hiring an experienced Human Resources Business Partner to support key initiatives. Responsibilities include: support performance management cycles and compensation planning; manage the employee onboarding process end to end; handle employee relations issues and conflict resolution. Requirements: understanding of labor law compliance requirements; strong stakeholder management and communication skills. We value continuous learning and provide support for career development.,Senior (5-8 years),Diploma or equivalent professional certification,"USD 45,000-75,000",Internship,[],0
100442,Product Manager,Bramble Retailers,"Manchester, United Kingdom",We are seeking a talented Product Manager who is passionate about delivering results. Responsibilities include: communicate product strategy to stakeholders across the organization; own the product roadmap and prioritize features based on user research; analyze product data to inform strategic decisions. Requirements: strong data analysis and prioritization skills; familiarity with Agile methodologies and tools like Jira. We offer a collaborative environment and opportunities for professional growth.,Entry level (0-1 years),Master's Degree in Business Administration (MBA),"EUR 35,000-55,000",Internship,"['Jira', 'Agile']",2
100443,Frontend Developer,Skyline Software Labs,"Mumbai, Maharashtra, India","Join us as a Frontend Developer and help drive our team's success. Responsibilities include: translate Figma designs into pixel-perfect HTML and CSS; build responsive, accessible user interfaces using React and TypeScript; optimize bundle size and performance using Webpack. Requirements: familiarity with responsive design principles across devices; experience collaborating with designers using tools like Figma. We offer a collaborative environment and opportunities for professional growth.",Senior (5-8 years),Bachelor's Degree in Computer Science or related field,"EUR 35,000-55,000",Full-time,"['React', 'Figma']",2
100444,Digital Marketing Specialist,Lumen Insurance,"Pune, Maharashtra, India",We are seeking a talented Digital Marketing Specialist who is passionate about delivering results. Responsibilities include: manage paid advertising campaigns across Google Ads and social media; analyze campaign performance using Google Analytics; plan and execute SEO strategies to improve organic search rankings. Requirements: proven experience with SEO and Google Analytics; hands-on experience running PPC advertising campaigns. We offer a collaborative environment and opportunities for professional growth.,Junior (1-3 years),"Master's Degree in Data Science, Statistics, or related field","GBP 28,000-45,000",Full-time,[],0
100445,DevOps Engineer,Nova Payments Inc,"Pune, Maharashtra, India","Our company is hiring an experienced DevOps Engineer to support key initiatives. Responsibilities include: build and maintain CI/CD pipelines with Jenkins; containerize applications using Docker and orchestrate them with Kubernetes; set up monitoring and alerting to ensure system reliability. Requirements: experience building CI/CD pipelines and automation scripts in Python; hands-on knowledge of Docker, Kubernetes, and Linux administration. This role offers competitive benefits and a flexible work culture.",Entry level (0-1 years),Diploma or equivalent professional certification,"GBP 45,000-75,000",Full-time,"['Python', 'Kubernetes', 'Docker', 'CI/CD']",4
100446,Backend Software Engineer,Solstice Pharma,"Berlin, Germany",Join us as a Backend Software Engineer and help drive our team's success. Responsibilities include: set up CI/CD pipelines to automate testing and deployment; design and build scalable REST APIs using Java and Spring Boot; optimize PostgreSQL queries for performance at scale. Requirements: experience working with AWS cloud services; solid experience with Java and Spring Boot. We offer a collaborative environment and opportunities for professional growth.,Junior (1-3 years),Master's Degree,"USD 45,000-75,000",Full-time,"['SQL', 'Java', 'AWS', 'CI/CD', 'Spring Boot']",5
100447,Human Resources Business Partner,Silverline Consulting,"Bengaluru, Karnataka, India",We are seeking a talented Human Resources Business Partner who is passionate about delivering results. Responsibilities include: manage the employee onboarding process end to end; handle employee relations issues and conflict resolution; partner with department leaders on talent acquisition and workforce planning. Requirements: working knowledge of HRIS systems and performance management processes; understanding of labor law compliance requirements. We value continuous learning and provide support for career development.,Executive (12+ years),Master's Degree in Business Administration (MBA),"USD 45,000-75,000",Full-time,[],0
100448,Customer Support Specialist,Prism Media Group,"Toronto, Canada","We are seeking a talented Customer Support Specialist who is passionate about delivering results. Responsibilities include: respond to customer inquiries via email, live chat, and ticketing systems like Zendesk; handle escalation management for high-priority customer concerns; maintain accurate records in the CRM software. Requirements: prior experience in customer service or technical support; experience using CRM software to track customer interactions. We value continuous learning and provide support for career development.",Mid level (3-5 years),Bachelor's Degree in Computer Science or related field,"USD 110,000-160,000",Full-time,[],0
100449,Customer Support Specialist,Prism Media Group,"Austin, TX, USA","Our company is hiring an experienced Customer Support Specialist to support key initiatives. Responsibilities include: troubleshoot product issues and escalate complex cases when needed; respond to customer inquiries via email, live chat, and ticketing systems like Zendesk; handle escalation management for high-priority customer concerns. Requirements: strong communication and conflict resolution skills; experience using CRM software to track customer interactions. This is a great opportunity to make an impact in a fast-paced environment.",Executive (12+ years),Master's Degree in Business Administration (MBA),"EUR 35,000-55,000",Full-time,[],0
100450,Data Scientist,Cobalt Retail Group,"Mumbai, Maharashtra, India",Join us as a Data Scientist and help drive our team's success. Responsibilities include: build and deploy machine learning models to solve business problems; create dashboards and visualizations to communicate findings to stakeholders; analyze large datasets using Python and SQL to extract actionable insights. Requirements: experience with data visualization tools like Tableau or Power BI; strong proficiency in Python and SQL. This is a great opportunity to make an impact in a fast-paced environment.,Executive (12+ years),High School Diploma,"USD 75,000-110,000",Full-time,"['Python', 'SQL', 'Power BI', 'Tableau', 'Machine Learning']",5
100451,Business Analyst,Ironwood Manufacturing,"Chicago, IL, USA",Our company is hiring an experienced Business Analyst to support key initiatives. Responsibilities include: gather and document business requirements from stakeholders; build reports and dashboards in Power BI to support decision-making; work closely with Agile teams to translate requirements into user stories. Requirements: excellent stakeholder management and problem-solving skills; strong SQL and Excel skills for data analysis. This is a great opportunity to make an impact in a fast-paced environment.,Junior (1-3 years),Bachelor's Degree,"GBP 28,000-45,000",Full-time,"['SQL', 'Power BI', 'Excel', 'Agile']",4
100452,Product Manager,Northgate Logistics,"San Francisco, CA, USA",Join us as a Product Manager and help drive our team's success. Responsibilities include: work with engineering and design teams in an Agile environment using Jira; run A/B tests to validate product hypotheses; communicate product strategy to stakeholders across the organization. Requirements: excellent stakeholder management and cross-functional leadership abilities; familiarity with Agile methodologies and tools like Jira. We offer a collaborative environment and opportunities for professional growth.,Lead (8-12 years),Master's Degree in Business Administration (MBA),"INR 800,000-1,600,000",Full-time,"['Jira', 'Agile']",2
100453,Backend Software Engineer,Redwood Robotics,"Hyderabad, Telangana, India","We are seeking a talented Backend Software Engineer who is passionate about delivering results. Responsibilities include: optimize PostgreSQL queries for performance at scale; develop and maintain microservices deployed on Kubernetes; write clean, testable code and participate in code reviews using Git. Requirements: solid experience with Java and Spring Boot; practical knowledge of Docker and Kubernetes for containerized deployments. We offer a collaborative environment and opportunities for professional growth.",Senior (5-8 years),Bachelor's Degree in Computer Science or related field,"INR 400,000-800,000",Full-time,"['SQL', 'Java', 'Kubernetes', 'Docker', 'Git', 'Spring Boot']",6
100454,Human Resources Business Partner,Zenith Marketing House,"Sydney, Australia",Join us as a Human Resources Business Partner and help drive our team's success. Responsibilities include: manage the employee onboarding process end to end; ensure labor law compliance across all HR processes; handle employee relations issues and conflict resolution. Requirements: working knowledge of HRIS systems and performance management processes; understanding of labor law compliance requirements. This is a great opportunity to make an impact in a fast-paced environment.,Mid level (3-5 years),Diploma or equivalent professional certification,"INR 1,600,000-2,800,000",Full-time,[],0
100455,Backend Software Engineer,Prism Media Group,"New York, NY, USA",We are seeking a talented Backend Software Engineer who is passionate about delivering results. Responsibilities include: optimize PostgreSQL queries for performance at scale; develop and maintain microservices deployed on Kubernetes; design and build scalable REST APIs using Java and Spring Boot. Requirements: solid experience with Java and Spring Boot; experience working with AWS cloud services. This is a great opportunity to make an impact in a fast-paced environment.,Lead (8-12 years),PhD or equivalent research experience,"INR 1,600,000-2,800,000",Contract,"['SQL', 'Java', 'AWS', 'Kubernetes', 'Spring Boot']",5
100456,Backend Software Engineer,Pinecrest Energy,"Dubai, UAE","Our company is hiring an experienced Backend Software Engineer to support key initiatives. Responsibilities include: write clean, testable code and participate in code reviews using Git; set up CI/CD pipelines to automate testing and deployment; design and build scalable REST APIs using Java and Spring Boot. Requirements: solid experience with Java and Spring Boot; experience working with AWS cloud services. This is a great opportunity to make an impact in a fast-paced environment.",Lead (8-12 years),Bachelor's Degree,"GBP 28,000-45,000",Full-time,"['Java', 'AWS', 'Git', 'CI/CD', 'Spring Boot']",5
100457,Human Resources Business Partner,Redwood Robotics,"Sydney, Australia",We are looking for a motivated Human Resources Business Partner to join our growing team. Responsibilities include: manage the employee onboarding process end to end; ensure labor law compliance across all HR processes; support performance management cycles and compensation planning. Requirements: strong stakeholder management and communication skills; working knowledge of HRIS systems and performance management processes. This is a great opportunity to make an impact in a fast-paced environment.,Entry level (0-1 years),Master's Degree,"USD 110,000-160,000",Full-time,[],0
100458,DevOps Engineer,Vertex Financial Services,Remote,We are seeking a talented DevOps Engineer who is passionate about delivering results. Responsibilities include: manage cloud infrastructure on AWS using Terraform; set up monitoring and alerting to ensure system reliability; containerize applications using Docker and orchestrate them with Kubernetes. Requirements: familiarity with monitoring and logging tools; strong experience with AWS and infrastructure-as-code tools like Terraform. We value continuous learning and provide support for career development.,Mid level (3-5 years),Master's Degree in Business Administration (MBA),"INR 1,600,000-2,800,000",Contract,"['AWS', 'Kubernetes', 'Docker']",3
100459,Data Scientist,Ironwood Manufacturing,"Amsterdam, Netherlands",We are seeking a talented Data Scientist who is passionate about delivering results. Responsibilities include: build and deploy machine learning models to solve business problems; analyze large datasets using Python and SQL to extract actionable insights; collaborate with engineering teams to productionize models using TensorFlow or PyTorch. Requirements: experience with data visualization tools like Tableau or Power BI; familiarity with deep learning frameworks such as TensorFlow or PyTorch. We value continuous learning and provide support for career development.,Entry level (0-1 years),"Master's Degree in Data Science, Statistics, or related field","USD 75,000-110,000",Internship,"['Python', 'SQL', 'Power BI', 'Tableau', 'TensorFlow', 'PyTorch', 'Machine Learning', 'Deep Learning']",8
100460,UX/UI Designer,Cascade Cloud Inc,"London, United Kingdom",Our company is hiring an experienced UX/UI Designer to support key initiatives. Responsibilities include: collaborate with product and engineering teams on interaction design; create wireframes and interactive prototypes using Figma; conduct user research and usability testing to inform design decisions. Requirements: understanding of accessibility and visual design principles; proficiency in Figma or Adobe XD. This is a great opportunity to make an impact in a fast-paced environment.,Lead (8-12 years),Master's Degree,"EUR 55,000-90,000",Full-time,['Figma'],1
100461,Frontend Developer,Harbor & Co,Remote,"We are looking for a motivated Frontend Developer to join our growing team. Responsibilities include: translate Figma designs into pixel-perfect HTML and CSS; write unit tests with Jest to ensure code reliability; manage application state using Redux. Requirements: experience collaborating with designers using tools like Figma; strong command of JavaScript, HTML, and CSS. We offer a collaborative environment and opportunities for professional growth.",Entry level (0-1 years),Bachelor's Degree,"EUR 55,000-90,000",Full-time,"['JavaScript', 'Figma']",2
100462,Frontend Developer,Crestview Realty,"Manchester, United Kingdom",Our company is hiring an experienced Frontend Developer to support key initiatives. Responsibilities include: write unit tests with Jest to ensure code reliability; optimize bundle size and performance using Webpack; manage application state using Redux. Requirements: experience collaborating with designers using tools like Figma; hands-on experience with React and modern frontend tooling. We value continuous learning and provide support for career development.,Executive (12+ years),PhD or equivalent research experience,"EUR 35,000-55,000",Contract,"['React', 'Figma']",2
100463,DevOps Engineer,Meridian Health Solutions,"Manchester, United Kingdom",We are seeking a talented DevOps Engineer who is passionate about delivering results. Responsibilities include: automate configuration management with Ansible; containerize applications using Docker and orchestrate them with Kubernetes; manage cloud infrastructure on AWS using Terraform. Requirements: strong experience with AWS and infrastructure-as-code tools like Terraform; experience building CI/CD pipelines and automation scripts in Python. This is a great opportunity to make an impact in a fast-paced environment.,Lead (8-12 years),Diploma or equivalent professional certification,"USD 160,000-220,000",Full-time,"['Python', 'AWS', 'Kubernetes', 'Docker', 'CI/CD']",5
100464,UX/UI Designer,Ironwood Manufacturing,"Hyderabad, Telangana, India",We are seeking a talented UX/UI Designer who is passionate about delivering results. Responsibilities include: collaborate with product and engineering teams on interaction design; conduct user research and usability testing to inform design decisions; build and maintain a consistent design system across products. Requirements: strong portfolio demonstrating wireframing and prototyping skills; understanding of accessibility and visual design principles. This is a great opportunity to make an impact in a fast-paced environment.,Executive (12+ years),Bachelor's Degree,"USD 110,000-160,000",Full-time,[],0
100465,Supply Chain Coordinator,Falconview Aerospace,Remote,We are looking for a motivated Supply Chain Coordinator to join our growing team. Responsibilities include: support demand planning to optimize stock levels; coordinate inventory management and shipment tracking across warehouses; work with SAP to manage procurement and vendor management processes. Requirements: experience with vendor management and procurement; strong Excel skills for demand planning and cost analysis. This is a great opportunity to make an impact in a fast-paced environment.,Entry level (0-1 years),Master's Degree in Business Administration (MBA),"EUR 35,000-55,000",Internship,"['Excel', 'SAP']",2
100466,Business Analyst,Falconview Aerospace,"Seattle, WA, USA",We are looking for a motivated Business Analyst to join our growing team. Responsibilities include: work closely with Agile teams to translate requirements into user stories; create process maps to visualize current and future state workflows; build reports and dashboards in Power BI to support decision-making. Requirements: familiarity with Agile delivery and documentation practices; experience in requirements gathering and process mapping. This is a great opportunity to make an impact in a fast-paced environment.,Mid level (3-5 years),Master's Degree in Business Administration (MBA),"USD 110,000-160,000",Full-time,"['Power BI', 'Agile']",2
100467,Business Analyst,Meridian Health Solutions,Singapore,Join us as a Business Analyst and help drive our team's success. Responsibilities include: gather and document business requirements from stakeholders; analyze data using SQL and Excel to identify process improvements; create process maps to visualize current and future state workflows. Requirements: experience in requirements gathering and process mapping; strong SQL and Excel skills for data analysis. We value continuous learning and provide support for career development.,Mid level (3-5 years),High School Diploma,"INR 400,000-800,000",Full-time,"['SQL', 'Excel']",2
100468,Frontend Developer,Delta Freight Solutions,"Austin, TX, USA",Our company is hiring an experienced Frontend Developer to support key initiatives. Responsibilities include: optimize bundle size and performance using Webpack; translate Figma designs into pixel-perfect HTML and CSS; manage application state using Redux. Requirements: experience collaborating with designers using tools like Figma; hands-on experience with React and modern frontend tooling. This role offers competitive benefits and a flexible work culture.,Mid level (3-5 years),High School Diploma,"USD 75,000-110,000",Full-time,"['React', 'Figma']",2
100469,Digital Marketing Specialist,Bramble Retailers,"San Francisco, CA, USA",We are looking for a motivated Digital Marketing Specialist to join our growing team. Responsibilities include: manage paid advertising campaigns across Google Ads and social media; run A/B tests to optimize conversion rates on landing pages; create engaging content for email marketing and social media channels. Requirements: familiarity with marketing automation tools such as HubSpot; hands-on experience running PPC advertising campaigns. This role offers competitive benefits and a flexible work culture.,Lead (8-12 years),High School Diploma,"INR 800,000-1,600,000",Full-time,[],0
100470,Supply Chain Coordinator,Silverline Consulting,"Sydney, Australia",We are seeking a talented Supply Chain Coordinator who is passionate about delivering results. Responsibilities include: coordinate inventory management and shipment tracking across warehouses; communicate with logistics partners to ensure timely deliveries; identify opportunities for process improvement and cost analysis. Requirements: experience with vendor management and procurement; hands-on knowledge of SAP or similar ERP systems. This is a great opportunity to make an impact in a fast-paced environment.,Lead (8-12 years),"Master's Degree in Data Science, Statistics, or related field","USD 45,000-75,000",Full-time,['SAP'],1
100471,Digital Marketing Specialist,Redwood Robotics,"Amsterdam, Netherlands",We are seeking a talented Digital Marketing Specialist who is passionate about delivering results. Responsibilities include: manage paid advertising campaigns across Google Ads and social media; create engaging content for email marketing and social media channels; plan and execute SEO strategies to improve organic search rankings. Requirements: strong copywriting skills for content and email marketing; hands-on experience running PPC advertising campaigns. This is a great opportunity to make an impact in a fast-paced environment.,Executive (12+ years),PhD or equivalent research experience,"GBP 28,000-45,000",Full-time,[],0
100472,Supply Chain Coordinator,Prism Media Group,"Berlin, Germany",We are seeking a talented Supply Chain Coordinator who is passionate about delivering results. Responsibilities include: identify opportunities for process improvement and cost analysis; support demand planning to optimize stock levels; work with SAP to manage procurement and vendor management processes. Requirements: strong Excel skills for demand planning and cost analysis; hands-on knowledge of SAP or similar ERP systems. We offer a collaborative environment and opportunities for professional growth.,Entry level (0-1 years),Bachelor's Degree,"GBP 45,000-75,000",Full-time,"['Excel', 'SAP']",2
100473,Digital Marketing Specialist,Crestview Realty,Singapore,Our company is hiring an experienced Digital Marketing Specialist to support key initiatives. Responsibilities include: run A/B tests to optimize conversion rates on landing pages; analyze campaign performance using Google Analytics; create engaging content for email marketing and social media channels. Requirements: hands-on experience running PPC advertising campaigns; familiarity with marketing automation tools such as HubSpot. We offer a collaborative environment and opportunities for professional growth.,Executive (12+ years),Master's Degree,"EUR 55,000-90,000",Full-time,[],0
100474,Supply Chain Coordinator,Nimbus Analytics,"Pune, Maharashtra, India",Join us as a Supply Chain Coordinator and help drive our team's success. Responsibilities include: support demand planning to optimize stock levels; work with SAP to manage procurement and vendor management processes; communicate with logistics partners to ensure timely deliveries. Requirements: strong Excel skills for demand planning and cost analysis; hands-on knowledge of SAP or similar ERP systems. This role offers competitive benefits and a flexible work culture.,Entry level (0-1 years),Bachelor's Degree,"EUR 55,000-90,000",Full-time,"['Excel', 'SAP']",2
100475,Data Scientist,Nimbus Analytics,"Dubai, UAE","We are looking for a motivated Data Scientist to join our growing team. Responsibilities include: build and deploy machine learning models to solve business problems; create dashboards and visualizations to communicate findings to stakeholders; design and evaluate A/B tests to measure product impact. Requirements: hands-on experience with pandas, scikit-learn, and statistical modeling techniques; experience with data visualization tools like Tableau or Power BI. This role offers competitive benefits and a flexible work culture.",Lead (8-12 years),Master's Degree,"EUR 35,000-55,000",Full-time,"['Power BI', 'Tableau', 'Pandas', 'Scikit-learn', 'Machine Learning']",5
100476,Backend Software Engineer,Quartz Data Systems,"Delhi, India","Join us as a Backend Software Engineer and help drive our team's success. Responsibilities include: write clean, testable code and participate in code reviews using Git; set up CI/CD pipelines to automate testing and deployment; optimize PostgreSQL queries for performance at scale. Requirements: experience working with AWS cloud services; practical knowledge of Docker and Kubernetes for containerized deployments. This role offers competitive benefits and a flexible work culture.",Senior (5-8 years),Bachelor's Degree,"EUR 55,000-90,000",Full-time,"['SQL', 'AWS', 'Kubernetes', 'Docker', 'Git', 'CI/CD']",6
100477,Backend Software Engineer,Skyline Software Labs,"Bengaluru, Karnataka, India",We are seeking a talented Backend Software Engineer who is passionate about delivering results. Responsibilities include: develop and maintain microservices deployed on Kubernetes; set up CI/CD pipelines to automate testing and deployment; design and build scalable REST APIs using Java and Spring Boot. Requirements: understanding of CI/CD pipelines and version control with Git; solid experience with Java and Spring Boot. This is a great opportunity to make an impact in a fast-paced environment.,Mid level (3-5 years),High School Diploma,"INR 400,000-800,000",Full-time,"['Java', 'Kubernetes', 'Git', 'CI/CD', 'Spring Boot']",5
100478,Frontend Developer,Crestview Realty,"Vancouver, Canada","We are looking for a motivated Frontend Developer to join our growing team. Responsibilities include: write unit tests with Jest to ensure code reliability; manage application state using Redux; build responsive, accessible user interfaces using React and TypeScript. Requirements: strong command of JavaScript, HTML, and CSS; experience collaborating with designers using tools like Figma. We offer a collaborative environment and opportunities for professional growth.",Lead (8-12 years),PhD or equivalent research experience,"USD 160,000-220,000",Full-time,"['JavaScript', 'React', 'Figma']",3
100479,Business Analyst,Falconview Aerospace,"Austin, TX, USA",We are looking for a motivated Business Analyst to join our growing team. Responsibilities include: gather and document business requirements from stakeholders; build reports and dashboards in Power BI to support decision-making; analyze data using SQL and Excel to identify process improvements. Requirements: strong SQL and Excel skills for data analysis; familiarity with Agile delivery and documentation practices. We value continuous learning and provide support for career development.,Entry level (0-1 years),Diploma or equivalent professional certification,"USD 110,000-160,000",Part-time,"['SQL', 'Power BI', 'Excel', 'Agile']",4
100480,Financial Analyst,Pinecrest Energy,"Mumbai, Maharashtra, India",Join us as a Financial Analyst and help drive our team's success. Responsibilities include: build financial models to support budgeting and forecasting; prepare monthly financial reporting and variance analysis; ensure reporting complies with GAAP standards. Requirements: understanding of GAAP and risk analysis principles; familiarity with SQL and Power BI for financial reporting. This is a great opportunity to make an impact in a fast-paced environment.,Senior (5-8 years),Diploma or equivalent professional certification,"INR 1,600,000-2,800,000",Full-time,"['SQL', 'Power BI']",2
100481,Backend Software Engineer,Pinecrest Energy,"Amsterdam, Netherlands","We are seeking a talented Backend Software Engineer who is passionate about delivering results. Responsibilities include: set up CI/CD pipelines to automate testing and deployment; design and build scalable REST APIs using Java and Spring Boot; write clean, testable code and participate in code reviews using Git. Requirements: solid experience with Java and Spring Boot; practical knowledge of Docker and Kubernetes for containerized deployments. We value continuous learning and provide support for career development.",Mid level (3-5 years),"Master's Degree in Data Science, Statistics, or related field","EUR 55,000-90,000",Internship,"['Java', 'Kubernetes', 'Docker', 'Git', 'CI/CD', 'Spring Boot']",6
100482,Backend Software Engineer,Solstice Pharma,"Toronto, Canada",We are looking for a motivated Backend Software Engineer to join our growing team. Responsibilities include: set up CI/CD pipelines to automate testing and deployment; develop and maintain microservices deployed on Kubernetes; optimize PostgreSQL queries for performance at scale. Requirements: understanding of CI/CD pipelines and version control with Git; solid experience with Java and Spring Boot. We value continuous learning and provide support for career development.,Mid level (3-5 years),Master's Degree,"USD 110,000-160,000",Part-time,"['SQL', 'Java', 'Kubernetes', 'Git', 'CI/CD', 'Spring Boot']",6
100483,Product Manager,Fernwood Digital,"Sydney, Australia",Our company is hiring an experienced Product Manager to support key initiatives. Responsibilities include: own the product roadmap and prioritize features based on user research; work with engineering and design teams in an Agile environment using Jira; analyze product data to inform strategic decisions. Requirements: excellent stakeholder management and cross-functional leadership abilities; experience owning product strategy and roadmap planning. We value continuous learning and provide support for career development.,Junior (1-3 years),Bachelor's Degree in Computer Science or related field,"USD 45,000-75,000",Full-time,"['Jira', 'Agile']",2
100484,Product Manager,Zenith Marketing House,"Toronto, Canada",We are looking for a motivated Product Manager to join our growing team. Responsibilities include: run A/B tests to validate product hypotheses; own the product roadmap and prioritize features based on user research; work with engineering and design teams in an Agile environment using Jira. Requirements: experience owning product strategy and roadmap planning; excellent stakeholder management and cross-functional leadership abilities. This is a great opportunity to make an impact in a fast-paced environment.,Entry level (0-1 years),High School Diploma,"INR 800,000-1,600,000",Internship,"['Jira', 'Agile']",2
100485,Supply Chain Coordinator,Granite Construction Group,"Amsterdam, Netherlands",We are looking for a motivated Supply Chain Coordinator to join our growing team. Responsibilities include: work with SAP to manage procurement and vendor management processes; identify opportunities for process improvement and cost analysis; support demand planning to optimize stock levels. Requirements: experience in logistics coordination and inventory management; hands-on knowledge of SAP or similar ERP systems. We offer a collaborative environment and opportunities for professional growth.,Lead (8-12 years),Master's Degree,"USD 75,000-110,000",Full-time,['SAP'],1
100486,DevOps Engineer,Quartz Data Systems,"Sydney, Australia",We are looking for a motivated DevOps Engineer to join our growing team. Responsibilities include: automate configuration management with Ansible; build and maintain CI/CD pipelines with Jenkins; containerize applications using Docker and orchestrate them with Kubernetes. Requirements: strong experience with AWS and infrastructure-as-code tools like Terraform; familiarity with monitoring and logging tools. We offer a collaborative environment and opportunities for professional growth.,Junior (1-3 years),High School Diploma,"INR 400,000-800,000",Full-time,"['AWS', 'Kubernetes', 'Docker', 'CI/CD']",4
100487,Product Manager,Delta Freight Solutions,"Dubai, UAE",Join us as a Product Manager and help drive our team's success. Responsibilities include: run A/B tests to validate product hypotheses; own the product roadmap and prioritize features based on user research; communicate product strategy to stakeholders across the organization. Requirements: familiarity with Agile methodologies and tools like Jira; excellent stakeholder management and cross-functional leadership abilities. This role offers competitive benefits and a flexible work culture.,Junior (1-3 years),PhD or equivalent research experience,"INR 800,000-1,600,000",Full-time,"['Jira', 'Agile']",2
100488,Data Scientist,Pinecrest Energy,"Delhi, India","Join us as a Data Scientist and help drive our team's success. Responsibilities include: analyze large datasets using Python and SQL to extract actionable insights; design and evaluate A/B tests to measure product impact; collaborate with engineering teams to productionize models using TensorFlow or PyTorch. Requirements: hands-on experience with pandas, scikit-learn, and statistical modeling techniques; experience with data visualization tools like Tableau or Power BI. This role offers competitive benefits and a flexible work culture.",Entry level (0-1 years),Master's Degree in Business Administration (MBA),"USD 110,000-160,000",Full-time,"['Python', 'SQL', 'Power BI', 'Tableau', 'TensorFlow', 'PyTorch', 'Pandas', 'Scikit-learn']",8
100489,Business Analyst,BluePeak Technologies,"Chennai, Tamil Nadu, India",We are looking for a motivated Business Analyst to join our growing team. Responsibilities include: build reports and dashboards in Power BI to support decision-making; gather and document business requirements from stakeholders; work closely with Agile teams to translate requirements into user stories. Requirements: experience in requirements gathering and process mapping; excellent stakeholder management and problem-solving skills. We offer a collaborative environment and opportunities for professional growth.,Executive (12+ years),PhD or equivalent research experience,"USD 110,000-160,000",Full-time,"['Power BI', 'Agile']",2
100490,UX/UI Designer,Crestview Realty,Singapore,Our company is hiring an experienced UX/UI Designer to support key initiatives. Responsibilities include: create wireframes and interactive prototypes using Figma; build and maintain a consistent design system across products; collaborate with product and engineering teams on interaction design. Requirements: understanding of accessibility and visual design principles; proficiency in Figma or Adobe XD. This role offers competitive benefits and a flexible work culture.,Senior (5-8 years),Diploma or equivalent professional certification,"USD 110,000-160,000",Contract,['Figma'],1
100491,Frontend Developer,Delta Freight Solutions,"Bengaluru, Karnataka, India","We are looking for a motivated Frontend Developer to join our growing team. Responsibilities include: manage application state using Redux; optimize bundle size and performance using Webpack; translate Figma designs into pixel-perfect HTML and CSS. Requirements: strong command of JavaScript, HTML, and CSS; familiarity with responsive design principles across devices. This role offers competitive benefits and a flexible work culture.",Executive (12+ years),Diploma or equivalent professional certification,"EUR 35,000-55,000",Full-time,"['JavaScript', 'Figma']",2
100492,DevOps Engineer,Orbital Systems,"Berlin, Germany",Our company is hiring an experienced DevOps Engineer to support key initiatives. Responsibilities include: automate configuration management with Ansible; build and maintain CI/CD pipelines with Jenkins; set up monitoring and alerting to ensure system reliability. Requirements: strong experience with AWS and infrastructure-as-code tools like Terraform; familiarity with monitoring and logging tools. We offer a collaborative environment and opportunities for professional growth.,Lead (8-12 years),"Master's Degree in Data Science, Statistics, or related field","GBP 45,000-75,000",Temporary,"['AWS', 'CI/CD']",2
100493,Frontend Developer,Amber Foods Co,"Vancouver, Canada",We are seeking a talented Frontend Developer who is passionate about delivering results. Responsibilities include: manage application state using Redux; translate Figma designs into pixel-perfect HTML and CSS; write unit tests with Jest to ensure code reliability. Requirements: familiarity with responsive design principles across devices; hands-on experience with React and modern frontend tooling. This is a great opportunity to make an impact in a fast-paced environment.,Junior (1-3 years),High School Diploma,"USD 45,000-75,000",Full-time,"['React', 'Figma']",2
100494,Data Scientist,Orbital Systems,"Bengaluru, Karnataka, India","Join us as a Data Scientist and help drive our team's success. Responsibilities include: create dashboards and visualizations to communicate findings to stakeholders; build and deploy machine learning models to solve business problems; collaborate with engineering teams to productionize models using TensorFlow or PyTorch. Requirements: hands-on experience with pandas, scikit-learn, and statistical modeling techniques; familiarity with deep learning frameworks such as TensorFlow or PyTorch. This is a great opportunity to make an impact in a fast-paced environment.",Junior (1-3 years),Bachelor's Degree in Computer Science or related field,"USD 45,000-75,000",Internship,"['TensorFlow', 'PyTorch', 'Pandas', 'Scikit-learn', 'Machine Learning', 'Deep Learning']",6
100495,Business Analyst,Pinecrest Energy,"Seattle, WA, USA",We are looking for a motivated Business Analyst to join our growing team. Responsibilities include: create process maps to visualize current and future state workflows; analyze data using SQL and Excel to identify process improvements; gather and document business requirements from stakeholders. Requirements: strong SQL and Excel skills for data analysis; familiarity with Agile delivery and documentation practices. This is a great opportunity to make an impact in a fast-paced environment.,Executive (12+ years),"Master's Degree in Data Science, Statistics, or related field","USD 160,000-220,000",Full-time,"['SQL', 'Excel', 'Agile']",3
100496,DevOps Engineer,Cascade Cloud Inc,"San Francisco, CA, USA",Join us as a DevOps Engineer and help drive our team's success. Responsibilities include: build and maintain CI/CD pipelines with Jenkins; set up monitoring and alerting to ensure system reliability; containerize applications using Docker and orchestrate them with Kubernetes. Requirements: familiarity with monitoring and logging tools; strong experience with AWS and infrastructure-as-code tools like Terraform. This is a great opportunity to make an impact in a fast-paced environment.,Lead (8-12 years),Diploma or equivalent professional certification,"USD 45,000-75,000",Full-time,"['AWS', 'Kubernetes', 'Docker', 'CI/CD']",4
100497,Human Resources Business Partner,Cobalt Retail Group,"Toronto, Canada",Our company is hiring an experienced Human Resources Business Partner to support key initiatives. Responsibilities include: handle employee relations issues and conflict resolution; manage the employee onboarding process end to end; partner with department leaders on talent acquisition and workforce planning. Requirements: experience in talent acquisition and employee relations; working knowledge of HRIS systems and performance management processes. This role offers competitive benefits and a flexible work culture.,Executive (12+ years),"Master's Degree in Data Science, Statistics, or related field","INR 400,000-800,000",Part-time,[],0
100498,Backend Software Engineer,Granite Construction Group,"Toronto, Canada","We are seeking a talented Backend Software Engineer who is passionate about delivering results. Responsibilities include: optimize PostgreSQL queries for performance at scale; develop and maintain microservices deployed on Kubernetes; write clean, testable code and participate in code reviews using Git. Requirements: practical knowledge of Docker and Kubernetes for containerized deployments; experience working with AWS cloud services. This role offers competitive benefits and a flexible work culture.",Junior (1-3 years),"Master's Degree in Data Science, Statistics, or related field","USD 160,000-220,000",Full-time,"['SQL', 'AWS', 'Kubernetes', 'Docker', 'Git']",5
100499,Backend Software Engineer,Lumen Insurance,"Berlin, Germany","We are seeking a talented Backend Software Engineer who is passionate about delivering results. Responsibilities include: design and build scalable REST APIs using Java and Spring Boot; set up CI/CD pipelines to automate testing and deployment; write clean, testable code and participate in code reviews using Git. Requirements: practical knowledge of Docker and Kubernetes for containerized deployments; solid experience with Java and Spring Boot. We value continuous learning and provide support for career development.",Junior (1-3 years),Diploma or equivalent professional certification,"GBP 28,000-45,000",Full-time,"['Java', 'Kubernetes', 'Docker', 'Git', 'CI/CD', 'Spring Boot']",6
100500,Financial Analyst,Pinecrest Energy,"San Francisco, CA, USA",We are looking for a motivated Financial Analyst to join our growing team. Responsibilities include: create dashboards in Power BI to track key financial metrics; build financial models to support budgeting and forecasting; ensure reporting complies with GAAP standards. Requirements: understanding of GAAP and risk analysis principles; familiarity with SQL and Power BI for financial reporting. We offer a collaborative environment and opportunities for professional growth.,Lead (8-12 years),Bachelor's Degree in Computer Science or related field,"EUR 35,000-55,000",Contract,"['SQL', 'Power BI']",2
100501,Financial Analyst,Anchor Bank Corp,"London, United Kingdom",Join us as a Financial Analyst and help drive our team's success. Responsibilities include: prepare monthly financial reporting and variance analysis; build financial models to support budgeting and forecasting; use SQL to extract and analyze financial data from internal systems. Requirements: advanced Excel skills including financial modeling; familiarity with SQL and Power BI for financial reporting. This is a great opportunity to make an impact in a fast-paced environment.,Executive (12+ years),Bachelor's Degree,"GBP 28,000-45,000",Full-time,"['SQL', 'Power BI', 'Excel']",3
100502,DevOps Engineer,Cobalt Retail Group,"Boston, MA, USA",Join us as a DevOps Engineer and help drive our team's success. Responsibilities include: containerize applications using Docker and orchestrate them with Kubernetes; build and maintain CI/CD pipelines with Jenkins; set up monitoring and alerting to ensure system reliability. Requirements: familiarity with monitoring and logging tools; experience building CI/CD pipelines and automation scripts in Python. We offer a collaborative environment and opportunities for professional growth.,Executive (12+ years),Bachelor's Degree,"USD 45,000-75,000",Full-time,"['Python', 'Kubernetes', 'Docker', 'CI/CD']",4
100503,Product Manager,Silverline Consulting,"Chennai, Tamil Nadu, India",Join us as a Product Manager and help drive our team's success. Responsibilities include: own the product roadmap and prioritize features based on user research; communicate product strategy to stakeholders across the organization; work with engineering and design teams in an Agile environment using Jira. Requirements: strong data analysis and prioritization skills; excellent stakeholder management and cross-functional leadership abilities. We offer a collaborative environment and opportunities for professional growth.,Senior (5-8 years),Bachelor's Degree in Computer Science or related field,"INR 800,000-1,600,000",Contract,"['Jira', 'Agile']",2
100504,Digital Marketing Specialist,Lumen Insurance,"Austin, TX, USA",We are looking for a motivated Digital Marketing Specialist to join our growing team. Responsibilities include: run A/B tests to optimize conversion rates on landing pages; analyze campaign performance using Google Analytics; create engaging content for email marketing and social media channels. Requirements: proven experience with SEO and Google Analytics; strong copywriting skills for content and email marketing. We value continuous learning and provide support for career development.,Lead (8-12 years),Master's Degree,"EUR 55,000-90,000",Full-time,[],0
100505,Data Scientist,Orbital Systems,"London, United Kingdom","We are seeking a talented Data Scientist who is passionate about delivering results. Responsibilities include: analyze large datasets using Python and SQL to extract actionable insights; build and deploy machine learning models to solve business problems; design and evaluate A/B tests to measure product impact. Requirements: hands-on experience with pandas, scikit-learn, and statistical modeling techniques; strong proficiency in Python and SQL. We value continuous learning and provide support for career development.",Lead (8-12 years),High School Diploma,"INR 800,000-1,600,000",Full-time,"['Python', 'SQL', 'Pandas', 'Scikit-learn', 'Machine Learning']",5
100506,DevOps Engineer,Zenith Marketing House,"Hyderabad, Telangana, India","We are seeking a talented DevOps Engineer who is passionate about delivering results. Responsibilities include: containerize applications using Docker and orchestrate them with Kubernetes; set up monitoring and alerting to ensure system reliability; automate configuration management with Ansible. Requirements: familiarity with monitoring and logging tools; hands-on knowledge of Docker, Kubernetes, and Linux administration. We offer a collaborative environment and opportunities for professional growth.",Executive (12+ years),Master's Degree,"USD 160,000-220,000",Full-time,"['Kubernetes', 'Docker']",2
100507,Backend Software Engineer,Ironwood Manufacturing,"Boston, MA, USA","We are seeking a talented Backend Software Engineer who is passionate about delivering results. Responsibilities include: set up CI/CD pipelines to automate testing and deployment; write clean, testable code and participate in code reviews using Git; optimize PostgreSQL queries for performance at scale. Requirements: solid experience with Java and Spring Boot; understanding of CI/CD pipelines and version control with Git. This is a great opportunity to make an impact in a fast-paced environment.",Lead (8-12 years),Bachelor's Degree,"GBP 28,000-45,000",Full-time,"['SQL', 'Java', 'Git', 'CI/CD', 'Spring Boot']",5
100508,Backend Software Engineer,Fernwood Digital,"London, United Kingdom","Our company is hiring an experienced Backend Software Engineer to support key initiatives. Responsibilities include: write clean, testable code and participate in code reviews using Git; design and build scalable REST APIs using Java and Spring Boot; optimize PostgreSQL queries for performance at scale. Requirements: practical knowledge of Docker and Kubernetes for containerized deployments; understanding of CI/CD pipelines and version control with Git. This role offers competitive benefits and a flexible work culture.",Mid level (3-5 years),Bachelor's Degree,"USD 75,000-110,000",Contract,"['SQL', 'Java', 'Kubernetes', 'Docker', 'Git', 'CI/CD', 'Spring Boot']",7
100509,DevOps Engineer,Anchor Bank Corp,"Sydney, Australia","We are seeking a talented DevOps Engineer who is passionate about delivering results. Responsibilities include: automate configuration management with Ansible; set up monitoring and alerting to ensure system reliability; containerize applications using Docker and orchestrate them with Kubernetes. Requirements: strong experience with AWS and infrastructure-as-code tools like Terraform; hands-on knowledge of Docker, Kubernetes, and Linux administration. This role offers competitive benefits and a flexible work culture.",Senior (5-8 years),Bachelor's Degree in Computer Science or related field,"GBP 28,000-45,000",Full-time,"['AWS', 'Kubernetes', 'Docker']",3
100510,Backend Software Engineer,Nimbus Analytics,"San Francisco, CA, USA","We are seeking a talented Backend Software Engineer who is passionate about delivering results. Responsibilities include: write clean, testable code and participate in code reviews using Git; set up CI/CD pipelines to automate testing and deployment; optimize PostgreSQL queries for performance at scale. Requirements: understanding of CI/CD pipelines and version control with Git; practical knowledge of Docker and Kubernetes for containerized deployments. We value continuous learning and provide support for career development.",Lead (8-12 years),"Master's Degree in Data Science, Statistics, or related field","INR 1,600,000-2,800,000",Contract,"['SQL', 'Kubernetes', 'Docker', 'Git', 'CI/CD']",5
100511,Business Analyst,Cobalt Retail Group,"Chicago, IL, USA",We are seeking a talented Business Analyst who is passionate about delivering results. Responsibilities include: create process maps to visualize current and future state workflows; gather and document business requirements from stakeholders; build reports and dashboards in Power BI to support decision-making. Requirements: familiarity with Agile delivery and documentation practices; strong SQL and Excel skills for data analysis. This is a great opportunity to make an impact in a fast-paced environment.,Mid level (3-5 years),Master's Degree,"GBP 28,000-45,000",Full-time,"['SQL', 'Power BI', 'Excel', 'Agile']",4
100512,Frontend Developer,Delta Freight Solutions,"Delhi, India","Our company is hiring an experienced Frontend Developer to support key initiatives. Responsibilities include: translate Figma designs into pixel-perfect HTML and CSS; optimize bundle size and performance using Webpack; build responsive, accessible user interfaces using React and TypeScript. Requirements: strong command of JavaScript, HTML, and CSS; hands-on experience with React and modern frontend tooling. This role offers competitive benefits and a flexible work culture.",Mid level (3-5 years),Bachelor's Degree in Computer Science or related field,"USD 110,000-160,000",Part-time,"['JavaScript', 'React', 'Figma']",3
100513,Product Manager,Skyline Software Labs,"Boston, MA, USA",We are seeking a talented Product Manager who is passionate about delivering results. Responsibilities include: run A/B tests to validate product hypotheses; work with engineering and design teams in an Agile environment using Jira; analyze product data to inform strategic decisions. Requirements: excellent stakeholder management and cross-functional leadership abilities; strong data analysis and prioritization skills. This role offers competitive benefits and a flexible work culture.,Lead (8-12 years),High School Diploma,"EUR 55,000-90,000",Full-time,"['Jira', 'Agile']",2
100514,Customer Support Specialist,Harbor & Co,"Hyderabad, Telangana, India","Join us as a Customer Support Specialist and help drive our team's success. Responsibilities include: maintain accurate records in the CRM software; troubleshoot product issues and escalate complex cases when needed; respond to customer inquiries via email, live chat, and ticketing systems like Zendesk. Requirements: strong communication and conflict resolution skills; experience using CRM software to track customer interactions. We value continuous learning and provide support for career development.",Senior (5-8 years),Diploma or equivalent professional certification,"USD 110,000-160,000",Internship,[],0
100515,Product Manager,Willowbrook Hospitality,"Chicago, IL, USA",Join us as a Product Manager and help drive our team's success. Responsibilities include: run A/B tests to validate product hypotheses; own the product roadmap and prioritize features based on user research; communicate product strategy to stakeholders across the organization. Requirements: excellent stakeholder management and cross-functional leadership abilities; experience owning product strategy and roadmap planning. This role offers competitive benefits and a flexible work culture.,Lead (8-12 years),Bachelor's Degree in Computer Science or related field,"EUR 35,000-55,000",Internship,[],0
100516,Supply Chain Coordinator,Zenith Marketing House,"Hyderabad, Telangana, India",We are seeking a talented Supply Chain Coordinator who is passionate about delivering results. Responsibilities include: coordinate inventory management and shipment tracking across warehouses; support demand planning to optimize stock levels; communicate with logistics partners to ensure timely deliveries. Requirements: hands-on knowledge of SAP or similar ERP systems; strong Excel skills for demand planning and cost analysis. This role offers competitive benefits and a flexible work culture.,Senior (5-8 years),Master's Degree,"GBP 28,000-45,000",Full-time,"['Excel', 'SAP']",2
100517,Digital Marketing Specialist,Vertex Financial Services,"Mumbai, Maharashtra, India",Join us as a Digital Marketing Specialist and help drive our team's success. Responsibilities include: manage paid advertising campaigns across Google Ads and social media; create engaging content for email marketing and social media channels; run A/B tests to optimize conversion rates on landing pages. Requirements: proven experience with SEO and Google Analytics; strong copywriting skills for content and email marketing. We value continuous learning and provide support for career development.,Senior (5-8 years),Bachelor's Degree,"GBP 45,000-75,000",Full-time,[],0
100518,Financial Analyst,Cobalt Retail Group,"Manchester, United Kingdom",We are seeking a talented Financial Analyst who is passionate about delivering results. Responsibilities include: use SQL to extract and analyze financial data from internal systems; ensure reporting complies with GAAP standards; prepare monthly financial reporting and variance analysis. Requirements: advanced Excel skills including financial modeling; understanding of GAAP and risk analysis principles. This is a great opportunity to make an impact in a fast-paced environment.,Mid level (3-5 years),High School Diploma,"INR 400,000-800,000",Full-time,"['SQL', 'Excel']",2
100519,UX/UI Designer,Lumen Insurance,"Toronto, Canada",Our company is hiring an experienced UX/UI Designer to support key initiatives. Responsibilities include: ensure designs meet accessibility standards; conduct user research and usability testing to inform design decisions; collaborate with product and engineering teams on interaction design. Requirements: proficiency in Figma or Adobe XD; understanding of accessibility and visual design principles. This is a great opportunity to make an impact in a fast-paced environment.,Executive (12+ years),PhD or equivalent research experience,"INR 1,600,000-2,800,000",Full-time,['Figma'],1
100520,Customer Support Specialist,Prism Media Group,"Pune, Maharashtra, India",We are looking for a motivated Customer Support Specialist to join our growing team. Responsibilities include: build strong product knowledge to resolve issues efficiently; maintain accurate records in the CRM software; troubleshoot product issues and escalate complex cases when needed. Requirements: familiarity with ticketing systems such as Zendesk; strong communication and conflict resolution skills. This is a great opportunity to make an impact in a fast-paced environment.,Lead (8-12 years),PhD or equivalent research experience,"USD 75,000-110,000",Internship,[],0
100521,UX/UI Designer,Pinecrest Energy,"Chennai, Tamil Nadu, India",Join us as a UX/UI Designer and help drive our team's success. Responsibilities include: conduct user research and usability testing to inform design decisions; build and maintain a consistent design system across products; collaborate with product and engineering teams on interaction design. Requirements: experience conducting user research and usability testing; proficiency in Figma or Adobe XD. This is a great opportunity to make an impact in a fast-paced environment.,Senior (5-8 years),Master's Degree in Business Administration (MBA),"GBP 45,000-75,000",Full-time,['Figma'],1
100522,DevOps Engineer,Nimbus Analytics,"Mumbai, Maharashtra, India","We are seeking a talented DevOps Engineer who is passionate about delivering results. Responsibilities include: automate configuration management with Ansible; build and maintain CI/CD pipelines with Jenkins; set up monitoring and alerting to ensure system reliability. Requirements: hands-on knowledge of Docker, Kubernetes, and Linux administration; strong experience with AWS and infrastructure-as-code tools like Terraform. We offer a collaborative environment and opportunities for professional growth.",Mid level (3-5 years),Diploma or equivalent professional certification,"USD 75,000-110,000",Full-time,"['AWS', 'Kubernetes', 'Docker', 'CI/CD']",4
100523,Digital Marketing Specialist,Redwood Robotics,"Pune, Maharashtra, India",Join us as a Digital Marketing Specialist and help drive our team's success. Responsibilities include: analyze campaign performance using Google Analytics; create engaging content for email marketing and social media channels; run A/B tests to optimize conversion rates on landing pages. Requirements: proven experience with SEO and Google Analytics; hands-on experience running PPC advertising campaigns. We offer a collaborative environment and opportunities for professional growth.,Mid level (3-5 years),Diploma or equivalent professional certification,"EUR 35,000-55,000",Full-time,[],0
100524,Digital Marketing Specialist,Meridian Health Solutions,Singapore,We are seeking a talented Digital Marketing Specialist who is passionate about delivering results. Responsibilities include: manage paid advertising campaigns across Google Ads and social media; plan and execute SEO strategies to improve organic search rankings; run A/B tests to optimize conversion rates on landing pages. Requirements: strong copywriting skills for content and email marketing; hands-on experience running PPC advertising campaigns. We value continuous learning and provide support for career development.,Mid level (3-5 years),Diploma or equivalent professional certification,"USD 110,000-160,000",Full-time,[],0
100525,Data Scientist,Harbor & Co,"Chicago, IL, USA","Our company is hiring an experienced Data Scientist to support key initiatives. Responsibilities include: build and deploy machine learning models to solve business problems; analyze large datasets using Python and SQL to extract actionable insights; design and evaluate A/B tests to measure product impact. Requirements: familiarity with deep learning frameworks such as TensorFlow or PyTorch; hands-on experience with pandas, scikit-learn, and statistical modeling techniques. We value continuous learning and provide support for career development.",Entry level (0-1 years),Master's Degree,"EUR 55,000-90,000",Full-time,"['Python', 'SQL', 'TensorFlow', 'PyTorch', 'Pandas', 'Scikit-learn', 'Machine Learning', 'Deep Learning']",8
100526,Digital Marketing Specialist,Amber Foods Co,"Boston, MA, USA",We are looking for a motivated Digital Marketing Specialist to join our growing team. Responsibilities include: manage paid advertising campaigns across Google Ads and social media; analyze campaign performance using Google Analytics; run A/B tests to optimize conversion rates on landing pages. Requirements: familiarity with marketing automation tools such as HubSpot; hands-on experience running PPC advertising campaigns. We value continuous learning and provide support for career development.,Lead (8-12 years),"Master's Degree in Data Science, Statistics, or related field","USD 110,000-160,000",Full-time,[],0
100527,Frontend Developer,Orbital Systems,"New York, NY, USA","We are looking for a motivated Frontend Developer to join our growing team. Responsibilities include: write unit tests with Jest to ensure code reliability; optimize bundle size and performance using Webpack; build responsive, accessible user interfaces using React and TypeScript. Requirements: strong command of JavaScript, HTML, and CSS; experience collaborating with designers using tools like Figma. We offer a collaborative environment and opportunities for professional growth.",Junior (1-3 years),Master's Degree,"GBP 45,000-75,000",Full-time,"['JavaScript', 'React', 'Figma']",3
100528,Product Manager,Ironwood Manufacturing,"Chicago, IL, USA",We are seeking a talented Product Manager who is passionate about delivering results. Responsibilities include: work with engineering and design teams in an Agile environment using Jira; run A/B tests to validate product hypotheses; own the product roadmap and prioritize features based on user research. Requirements: experience owning product strategy and roadmap planning; excellent stakeholder management and cross-functional leadership abilities. This role offers competitive benefits and a flexible work culture.,Junior (1-3 years),Diploma or equivalent professional certification,"EUR 35,000-55,000",Full-time,"['Jira', 'Agile']",2
100529,UX/UI Designer,Cobalt Retail Group,"San Francisco, CA, USA",Join us as a UX/UI Designer and help drive our team's success. Responsibilities include: conduct user research and usability testing to inform design decisions; ensure designs meet accessibility standards; collaborate with product and engineering teams on interaction design. Requirements: understanding of accessibility and visual design principles; proficiency in Figma or Adobe XD. We offer a collaborative environment and opportunities for professional growth.,Junior (1-3 years),Bachelor's Degree in Computer Science or related field,"USD 75,000-110,000",Full-time,['Figma'],1
100530,DevOps Engineer,Orbital Systems,"Bengaluru, Karnataka, India",We are looking for a motivated DevOps Engineer to join our growing team. Responsibilities include: containerize applications using Docker and orchestrate them with Kubernetes; manage cloud infrastructure on AWS using Terraform; automate configuration management with Ansible. Requirements: experience building CI/CD pipelines and automation scripts in Python; familiarity with monitoring and logging tools. We offer a collaborative environment and opportunities for professional growth.,Lead (8-12 years),High School Diploma,"GBP 28,000-45,000",Contract,"['Python', 'AWS', 'Kubernetes', 'Docker', 'CI/CD']",5
100531,Backend Software Engineer,Bramble Retailers,"Hyderabad, Telangana, India",We are seeking a talented Backend Software Engineer who is passionate about delivering results. Responsibilities include: design and build scalable REST APIs using Java and Spring Boot; optimize PostgreSQL queries for performance at scale; set up CI/CD pipelines to automate testing and deployment. Requirements: experience working with AWS cloud services; understanding of CI/CD pipelines and version control with Git. We value continuous learning and provide support for career development.,Junior (1-3 years),Master's Degree,"USD 110,000-160,000",Internship,"['SQL', 'Java', 'AWS', 'Git', 'CI/CD', 'Spring Boot']",6
100532,Human Resources Business Partner,Meridian Health Solutions,"Berlin, Germany",We are looking for a motivated Human Resources Business Partner to join our growing team. Responsibilities include: partner with department leaders on talent acquisition and workforce planning; ensure labor law compliance across all HR processes; handle employee relations issues and conflict resolution. Requirements: working knowledge of HRIS systems and performance management processes; strong stakeholder management and communication skills. This role offers competitive benefits and a flexible work culture.,Lead (8-12 years),Master's Degree,"GBP 45,000-75,000",Contract,[],0
100533,Digital Marketing Specialist,Meridian Health Solutions,"Amsterdam, Netherlands",Join us as a Digital Marketing Specialist and help drive our team's success. Responsibilities include: analyze campaign performance using Google Analytics; manage paid advertising campaigns across Google Ads and social media; create engaging content for email marketing and social media channels. Requirements: proven experience with SEO and Google Analytics; familiarity with marketing automation tools such as HubSpot. We value continuous learning and provide support for career development.,Executive (12+ years),Bachelor's Degree,"USD 160,000-220,000",Full-time,[],0
100534,Financial Analyst,Lumen Insurance,"New York, NY, USA","We are looking for a motivated Financial Analyst to join our growing team. Responsibilities include: create dashboards in Power BI to track key financial metrics; build financial models to support budgeting and forecasting; use SQL to extract and analyze financial data from internal systems. Requirements: experience with forecasting, budgeting, and variance analysis; understanding of GAAP and risk analysis principles. We value continuous learning and provide support for career development.",Senior (5-8 years),Bachelor's Degree,"INR 800,000-1,600,000",Full-time,"['SQL', 'Power BI']",2
100535,UX/UI Designer,Harbor & Co,"Amsterdam, Netherlands",We are looking for a motivated UX/UI Designer to join our growing team. Responsibilities include: collaborate with product and engineering teams on interaction design; build and maintain a consistent design system across products; create wireframes and interactive prototypes using Figma. Requirements: experience conducting user research and usability testing; understanding of accessibility and visual design principles. This is a great opportunity to make an impact in a fast-paced environment.,Entry level (0-1 years),"Master's Degree in Data Science, Statistics, or related field","GBP 28,000-45,000",Part-time,['Figma'],1
100536,DevOps Engineer,Zenith Marketing House,"Manchester, United Kingdom",Join us as a DevOps Engineer and help drive our team's success. Responsibilities include: containerize applications using Docker and orchestrate them with Kubernetes; build and maintain CI/CD pipelines with Jenkins; manage cloud infrastructure on AWS using Terraform. Requirements: familiarity with monitoring and logging tools; experience building CI/CD pipelines and automation scripts in Python. We offer a collaborative environment and opportunities for professional growth.,Senior (5-8 years),Master's Degree,"USD 75,000-110,000",Full-time,"['Python', 'AWS', 'Kubernetes', 'Docker', 'CI/CD']",5
100537,Financial Analyst,Silverline Consulting,"Berlin, Germany","Join us as a Financial Analyst and help drive our team's success. Responsibilities include: create dashboards in Power BI to track key financial metrics; build financial models to support budgeting and forecasting; use SQL to extract and analyze financial data from internal systems. Requirements: experience with forecasting, budgeting, and variance analysis; advanced Excel skills including financial modeling. We value continuous learning and provide support for career development.",Entry level (0-1 years),Bachelor's Degree,"USD 110,000-160,000",Full-time,"['SQL', 'Power BI', 'Excel']",3
100538,DevOps Engineer,Prism Media Group,"New York, NY, USA",Join us as a DevOps Engineer and help drive our team's success. Responsibilities include: automate configuration management with Ansible; containerize applications using Docker and orchestrate them with Kubernetes; set up monitoring and alerting to ensure system reliability. Requirements: experience building CI/CD pipelines and automation scripts in Python; familiarity with monitoring and logging tools. This is a great opportunity to make an impact in a fast-paced environment.,Senior (5-8 years),Bachelor's Degree,"USD 160,000-220,000",Full-time,"['Python', 'Kubernetes', 'Docker', 'CI/CD']",4
100539,Human Resources Business Partner,Redwood Robotics,Remote,We are seeking a talented Human Resources Business Partner who is passionate about delivering results. Responsibilities include: manage the employee onboarding process end to end; support performance management cycles and compensation planning; partner with department leaders on talent acquisition and workforce planning. Requirements: experience in talent acquisition and employee relations; working knowledge of HRIS systems and performance management processes. This is a great opportunity to make an impact in a fast-paced environment.,Senior (5-8 years),Diploma or equivalent professional certification,"GBP 45,000-75,000",Full-time,[],0
100540,Product Manager,Northgate Logistics,"Sydney, Australia",We are looking for a motivated Product Manager to join our growing team. Responsibilities include: analyze product data to inform strategic decisions; own the product roadmap and prioritize features based on user research; communicate product strategy to stakeholders across the organization. Requirements: excellent stakeholder management and cross-functional leadership abilities; strong data analysis and prioritization skills. We value continuous learning and provide support for career development.,Entry level (0-1 years),Bachelor's Degree,"USD 45,000-75,000",Internship,[],0
100541,Frontend Developer,Harbor & Co,"Dubai, UAE",Our company is hiring an experienced Frontend Developer to support key initiatives. Responsibilities include: manage application state using Redux; write unit tests with Jest to ensure code reliability; translate Figma designs into pixel-perfect HTML and CSS. Requirements: familiarity with responsive design principles across devices; experience collaborating with designers using tools like Figma. We value continuous learning and provide support for career development.,Entry level (0-1 years),Diploma or equivalent professional certification,"GBP 28,000-45,000",Full-time,['Figma'],1
100542,Customer Support Specialist,Zenith Marketing House,"Mumbai, Maharashtra, India",Join us as a Customer Support Specialist and help drive our team's success. Responsibilities include: build strong product knowledge to resolve issues efficiently; maintain accurate records in the CRM software; troubleshoot product issues and escalate complex cases when needed. Requirements: experience using CRM software to track customer interactions; familiarity with ticketing systems such as Zendesk. We offer a collaborative environment and opportunities for professional growth.,Entry level (0-1 years),PhD or equivalent research experience,"USD 75,000-110,000",Internship,[],0
100543,Data Scientist,Meridian Health Solutions,"Amsterdam, Netherlands","Join us as a Data Scientist and help drive our team's success. Responsibilities include: analyze large datasets using Python and SQL to extract actionable insights; design and evaluate A/B tests to measure product impact; collaborate with engineering teams to productionize models using TensorFlow or PyTorch. Requirements: experience with data visualization tools like Tableau or Power BI; hands-on experience with pandas, scikit-learn, and statistical modeling techniques. We offer a collaborative environment and opportunities for professional growth.",Mid level (3-5 years),Bachelor's Degree in Computer Science or related field,"GBP 28,000-45,000",Full-time,"['Python', 'SQL', 'Power BI', 'Tableau', 'TensorFlow', 'PyTorch', 'Pandas', 'Scikit-learn']",8
100544,Business Analyst,Amber Foods Co,"Vancouver, Canada",Our company is hiring an experienced Business Analyst to support key initiatives. Responsibilities include: work closely with Agile teams to translate requirements into user stories; gather and document business requirements from stakeholders; analyze data using SQL and Excel to identify process improvements. Requirements: familiarity with Agile delivery and documentation practices; strong SQL and Excel skills for data analysis. This is a great opportunity to make an impact in a fast-paced environment.,Executive (12+ years),Diploma or equivalent professional certification,"GBP 28,000-45,000",Full-time,"['SQL', 'Excel', 'Agile']",3
100545,Business Analyst,Amber Foods Co,"Boston, MA, USA",We are looking for a motivated Business Analyst to join our growing team. Responsibilities include: work closely with Agile teams to translate requirements into user stories; gather and document business requirements from stakeholders; build reports and dashboards in Power BI to support decision-making. Requirements: familiarity with Agile delivery and documentation practices; strong SQL and Excel skills for data analysis. We offer a collaborative environment and opportunities for professional growth.,Mid level (3-5 years),"Master's Degree in Data Science, Statistics, or related field","USD 45,000-75,000",Part-time,"['SQL', 'Power BI', 'Excel', 'Agile']",4
100546,Supply Chain Coordinator,Prism Media Group,"London, United Kingdom",We are seeking a talented Supply Chain Coordinator who is passionate about delivering results. Responsibilities include: coordinate inventory management and shipment tracking across warehouses; work with SAP to manage procurement and vendor management processes; communicate with logistics partners to ensure timely deliveries. Requirements: hands-on knowledge of SAP or similar ERP systems; strong Excel skills for demand planning and cost analysis. We value continuous learning and provide support for career development.,Mid level (3-5 years),"Master's Degree in Data Science, Statistics, or related field","INR 1,600,000-2,800,000",Full-time,"['Excel', 'SAP']",2
100547,Business Analyst,Fernwood Digital,"Pune, Maharashtra, India",We are looking for a motivated Business Analyst to join our growing team. Responsibilities include: work closely with Agile teams to translate requirements into user stories; create process maps to visualize current and future state workflows; gather and document business requirements from stakeholders. Requirements: excellent stakeholder management and problem-solving skills; familiarity with Agile delivery and documentation practices. This is a great opportunity to make an impact in a fast-paced environment.,Entry level (0-1 years),"Master's Degree in Data Science, Statistics, or related field","USD 110,000-160,000",Contract,['Agile'],1
100548,Business Analyst,Anchor Bank Corp,"Manchester, United Kingdom",We are looking for a motivated Business Analyst to join our growing team. Responsibilities include: create process maps to visualize current and future state workflows; build reports and dashboards in Power BI to support decision-making; work closely with Agile teams to translate requirements into user stories. Requirements: excellent stakeholder management and problem-solving skills; strong SQL and Excel skills for data analysis. We offer a collaborative environment and opportunities for professional growth.,Executive (12+ years),Diploma or equivalent professional certification,"EUR 35,000-55,000",Full-time,"['SQL', 'Power BI', 'Excel', 'Agile']",4
100549,Product Manager,Orbital Systems,Remote,We are seeking a talented Product Manager who is passionate about delivering results. Responsibilities include: run A/B tests to validate product hypotheses; analyze product data to inform strategic decisions; own the product roadmap and prioritize features based on user research. Requirements: excellent stakeholder management and cross-functional leadership abilities; strong data analysis and prioritization skills. We offer a collaborative environment and opportunities for professional growth.,Senior (5-8 years),"Master's Degree in Data Science, Statistics, or related field","USD 110,000-160,000",Full-time,[],0
100550,Customer Support Specialist,Vertex Financial Services,"Chicago, IL, USA","We are looking for a motivated Customer Support Specialist to join our growing team. Responsibilities include: handle escalation management for high-priority customer concerns; respond to customer inquiries via email, live chat, and ticketing systems like Zendesk; maintain accurate records in the CRM software. Requirements: strong communication and conflict resolution skills; familiarity with ticketing systems such as Zendesk. We offer a collaborative environment and opportunities for professional growth.",Mid level (3-5 years),PhD or equivalent research experience,"USD 160,000-220,000",Full-time,[],0
100551,Business Analyst,Bramble Retailers,"Berlin, Germany",We are seeking a talented Business Analyst who is passionate about delivering results. Responsibilities include: work closely with Agile teams to translate requirements into user stories; create process maps to visualize current and future state workflows; analyze data using SQL and Excel to identify process improvements. Requirements: familiarity with Agile delivery and documentation practices; experience in requirements gathering and process mapping. This is a great opportunity to make an impact in a fast-paced environment.,Junior (1-3 years),"Master's Degree in Data Science, Statistics, or related field","USD 75,000-110,000",Full-time,"['SQL', 'Excel', 'Agile']",3
100552,Financial Analyst,Skyline Software Labs,"Dubai, UAE","Our company is hiring an experienced Financial Analyst to support key initiatives. Responsibilities include: ensure reporting complies with GAAP standards; create dashboards in Power BI to track key financial metrics; build financial models to support budgeting and forecasting. Requirements: understanding of GAAP and risk analysis principles; experience with forecasting, budgeting, and variance analysis. This is a great opportunity to make an impact in a fast-paced environment.",Executive (12+ years),Bachelor's Degree in Computer Science or related field,"USD 45,000-75,000",Full-time,['Power BI'],1
100553,Business Analyst,Falconview Aerospace,"Sydney, Australia",Our company is hiring an experienced Business Analyst to support key initiatives. Responsibilities include: analyze data using SQL and Excel to identify process improvements; work closely with Agile teams to translate requirements into user stories; create process maps to visualize current and future state workflows. Requirements: familiarity with Agile delivery and documentation practices; strong SQL and Excel skills for data analysis. This is a great opportunity to make an impact in a fast-paced environment.,Junior (1-3 years),"Master's Degree in Data Science, Statistics, or related field","GBP 28,000-45,000",Full-time,"['SQL', 'Excel', 'Agile']",3
100554,Human Resources Business Partner,Granite Construction Group,"Pune, Maharashtra, India",Our company is hiring an experienced Human Resources Business Partner to support key initiatives. Responsibilities include: handle employee relations issues and conflict resolution; manage the employee onboarding process end to end; support performance management cycles and compensation planning. Requirements: working knowledge of HRIS systems and performance management processes; experience in talent acquisition and employee relations. This role offers competitive benefits and a flexible work culture.,Senior (5-8 years),Master's Degree in Business Administration (MBA),"INR 400,000-800,000",Full-time,[],0
100555,DevOps Engineer,Nimbus Analytics,"San Francisco, CA, USA","Join us as a DevOps Engineer and help drive our team's success. Responsibilities include: automate configuration management with Ansible; manage cloud infrastructure on AWS using Terraform; set up monitoring and alerting to ensure system reliability. Requirements: hands-on knowledge of Docker, Kubernetes, and Linux administration; familiarity with monitoring and logging tools. This role offers competitive benefits and a flexible work culture.",Mid level (3-5 years),Diploma or equivalent professional certification,"GBP 28,000-45,000",Contract,"['AWS', 'Kubernetes', 'Docker']",3
100556,Data Scientist,Skyline Software Labs,"Austin, TX, USA",We are looking for a motivated Data Scientist to join our growing team. Responsibilities include: build and deploy machine learning models to solve business problems; create dashboards and visualizations to communicate findings to stakeholders; analyze large datasets using Python and SQL to extract actionable insights. Requirements: familiarity with deep learning frameworks such as TensorFlow or PyTorch; strong proficiency in Python and SQL. This is a great opportunity to make an impact in a fast-paced environment.,Junior (1-3 years),High School Diploma,"GBP 28,000-45,000",Full-time,"['Python', 'SQL', 'TensorFlow', 'PyTorch', 'Machine Learning', 'Deep Learning']",6
100557,Human Resources Business Partner,Amber Foods Co,Remote,We are looking for a motivated Human Resources Business Partner to join our growing team. Responsibilities include: ensure labor law compliance across all HR processes; partner with department leaders on talent acquisition and workforce planning; handle employee relations issues and conflict resolution. Requirements: strong stakeholder management and communication skills; working knowledge of HRIS systems and performance management processes. We offer a collaborative environment and opportunities for professional growth.,Senior (5-8 years),Bachelor's Degree in Computer Science or related field,"USD 160,000-220,000",Contract,[],0
100558,DevOps Engineer,Delta Freight Solutions,"Hyderabad, Telangana, India","Join us as a DevOps Engineer and help drive our team's success. Responsibilities include: build and maintain CI/CD pipelines with Jenkins; automate configuration management with Ansible; manage cloud infrastructure on AWS using Terraform. Requirements: hands-on knowledge of Docker, Kubernetes, and Linux administration; strong experience with AWS and infrastructure-as-code tools like Terraform. This role offers competitive benefits and a flexible work culture.",Mid level (3-5 years),"Master's Degree in Data Science, Statistics, or related field","EUR 35,000-55,000",Part-time,"['AWS', 'Kubernetes', 'Docker', 'CI/CD']",4
100559,DevOps Engineer,Skyline Software Labs,"Toronto, Canada","We are seeking a talented DevOps Engineer who is passionate about delivering results. Responsibilities include: manage cloud infrastructure on AWS using Terraform; containerize applications using Docker and orchestrate them with Kubernetes; automate configuration management with Ansible. Requirements: familiarity with monitoring and logging tools; hands-on knowledge of Docker, Kubernetes, and Linux administration. This role offers competitive benefits and a flexible work culture.",Lead (8-12 years),High School Diploma,"GBP 28,000-45,000",Full-time,"['AWS', 'Kubernetes', 'Docker']",3
100560,Digital Marketing Specialist,Willowbrook Hospitality,"Chennai, Tamil Nadu, India",We are looking for a motivated Digital Marketing Specialist to join our growing team. Responsibilities include: run A/B tests to optimize conversion rates on landing pages; plan and execute SEO strategies to improve organic search rankings; analyze campaign performance using Google Analytics. Requirements: proven experience with SEO and Google Analytics; strong copywriting skills for content and email marketing. This role offers competitive benefits and a flexible work culture.,Executive (12+ years),"Master's Degree in Data Science, Statistics, or related field","INR 400,000-800,000",Full-time,[],0
100561,Digital Marketing Specialist,Zenith Marketing House,"London, United Kingdom",We are looking for a motivated Digital Marketing Specialist to join our growing team. Responsibilities include: run A/B tests to optimize conversion rates on landing pages; manage paid advertising campaigns across Google Ads and social media; create engaging content for email marketing and social media channels. Requirements: familiarity with marketing automation tools such as HubSpot; proven experience with SEO and Google Analytics. This is a great opportunity to make an impact in a fast-paced environment.,Executive (12+ years),"Master's Degree in Data Science, Statistics, or related field","EUR 55,000-90,000",Full-time,[],0
100562,Digital Marketing Specialist,Harbor & Co,"Pune, Maharashtra, India",Our company is hiring an experienced Digital Marketing Specialist to support key initiatives. Responsibilities include: create engaging content for email marketing and social media channels; analyze campaign performance using Google Analytics; run A/B tests to optimize conversion rates on landing pages. Requirements: familiarity with marketing automation tools such as HubSpot; proven experience with SEO and Google Analytics. We value continuous learning and provide support for career development.,Junior (1-3 years),Master's Degree in Business Administration (MBA),"USD 160,000-220,000",Internship,[],0
100563,Backend Software Engineer,Solstice Pharma,"Vancouver, Canada","We are looking for a motivated Backend Software Engineer to join our growing team. Responsibilities include: develop and maintain microservices deployed on Kubernetes; write clean, testable code and participate in code reviews using Git; set up CI/CD pipelines to automate testing and deployment. Requirements: solid experience with Java and Spring Boot; practical knowledge of Docker and Kubernetes for containerized deployments. This is a great opportunity to make an impact in a fast-paced environment.",Senior (5-8 years),"Master's Degree in Data Science, Statistics, or related field","INR 1,600,000-2,800,000",Full-time,"['Java', 'Kubernetes', 'Docker', 'Git', 'CI/CD', 'Spring Boot']",6
100564,Business Analyst,Falconview Aerospace,"Amsterdam, Netherlands",Our company is hiring an experienced Business Analyst to support key initiatives. Responsibilities include: build reports and dashboards in Power BI to support decision-making; analyze data using SQL and Excel to identify process improvements; gather and document business requirements from stakeholders. Requirements: excellent stakeholder management and problem-solving skills; experience in requirements gathering and process mapping. We value continuous learning and provide support for career development.,Senior (5-8 years),High School Diploma,"USD 45,000-75,000",Part-time,"['SQL', 'Power BI', 'Excel']",3
100565,Human Resources Business Partner,Pinecrest Energy,"Pune, Maharashtra, India",Join us as a Human Resources Business Partner and help drive our team's success. Responsibilities include: handle employee relations issues and conflict resolution; support performance management cycles and compensation planning; manage the employee onboarding process end to end. Requirements: working knowledge of HRIS systems and performance management processes; understanding of labor law compliance requirements. This role offers competitive benefits and a flexible work culture.,Junior (1-3 years),Bachelor's Degree in Computer Science or related field,"EUR 35,000-55,000",Full-time,[],0
100566,Supply Chain Coordinator,Pinecrest Energy,"Seattle, WA, USA",We are seeking a talented Supply Chain Coordinator who is passionate about delivering results. Responsibilities include: work with SAP to manage procurement and vendor management processes; identify opportunities for process improvement and cost analysis; communicate with logistics partners to ensure timely deliveries. Requirements: hands-on knowledge of SAP or similar ERP systems; experience in logistics coordination and inventory management. We offer a collaborative environment and opportunities for professional growth.,Junior (1-3 years),Bachelor's Degree,"INR 1,600,000-2,800,000",Contract,['SAP'],1
100567,Customer Support Specialist,Crestview Realty,"Dubai, UAE","We are seeking a talented Customer Support Specialist who is passionate about delivering results. Responsibilities include: troubleshoot product issues and escalate complex cases when needed; respond to customer inquiries via email, live chat, and ticketing systems like Zendesk; handle escalation management for high-priority customer concerns. Requirements: experience using CRM software to track customer interactions; strong communication and conflict resolution skills. We value continuous learning and provide support for career development.",Entry level (0-1 years),Diploma or equivalent professional certification,"USD 160,000-220,000",Full-time,[],0
100568,Frontend Developer,Fernwood Digital,"Boston, MA, USA","Join us as a Frontend Developer and help drive our team's success. Responsibilities include: write unit tests with Jest to ensure code reliability; optimize bundle size and performance using Webpack; build responsive, accessible user interfaces using React and TypeScript. Requirements: hands-on experience with React and modern frontend tooling; familiarity with responsive design principles across devices. This role offers competitive benefits and a flexible work culture.",Lead (8-12 years),Bachelor's Degree,"USD 45,000-75,000",Full-time,['React'],1
100569,DevOps Engineer,Granite Construction Group,"Austin, TX, USA","Join us as a DevOps Engineer and help drive our team's success. Responsibilities include: build and maintain CI/CD pipelines with Jenkins; set up monitoring and alerting to ensure system reliability; automate configuration management with Ansible. Requirements: hands-on knowledge of Docker, Kubernetes, and Linux administration; familiarity with monitoring and logging tools. This role offers competitive benefits and a flexible work culture.",Senior (5-8 years),PhD or equivalent research experience,"USD 110,000-160,000",Full-time,"['Kubernetes', 'Docker', 'CI/CD']",3
100570,Financial Analyst,Bramble Retailers,"Chennai, Tamil Nadu, India",Join us as a Financial Analyst and help drive our team's success. Responsibilities include: prepare monthly financial reporting and variance analysis; use SQL to extract and analyze financial data from internal systems; create dashboards in Power BI to track key financial metrics. Requirements: understanding of GAAP and risk analysis principles; advanced Excel skills including financial modeling. We offer a collaborative environment and opportunities for professional growth.,Mid level (3-5 years),Master's Degree,"EUR 35,000-55,000",Full-time,"['SQL', 'Power BI', 'Excel']",3
100571,Product Manager,Cobalt Retail Group,"Seattle, WA, USA",Join us as a Product Manager and help drive our team's success. Responsibilities include: communicate product strategy to stakeholders across the organization; run A/B tests to validate product hypotheses; own the product roadmap and prioritize features based on user research. Requirements: experience owning product strategy and roadmap planning; strong data analysis and prioritization skills. We offer a collaborative environment and opportunities for professional growth.,Senior (5-8 years),Master's Degree,"INR 1,600,000-2,800,000",Temporary,[],0
100572,Data Scientist,Prism Media Group,"San Francisco, CA, USA",We are seeking a talented Data Scientist who is passionate about delivering results. Responsibilities include: create dashboards and visualizations to communicate findings to stakeholders; collaborate with engineering teams to productionize models using TensorFlow or PyTorch; analyze large datasets using Python and SQL to extract actionable insights. Requirements: experience with data visualization tools like Tableau or Power BI; familiarity with deep learning frameworks such as TensorFlow or PyTorch. We value continuous learning and provide support for career development.,Mid level (3-5 years),High School Diploma,"USD 45,000-75,000",Full-time,"['Python', 'SQL', 'Power BI', 'Tableau', 'TensorFlow', 'PyTorch', 'Deep Learning']",7
100573,Frontend Developer,Willowbrook Hospitality,"Amsterdam, Netherlands","Join us as a Frontend Developer and help drive our team's success. Responsibilities include: manage application state using Redux; write unit tests with Jest to ensure code reliability; build responsive, accessible user interfaces using React and TypeScript. Requirements: strong command of JavaScript, HTML, and CSS; hands-on experience with React and modern frontend tooling. This is a great opportunity to make an impact in a fast-paced environment.",Junior (1-3 years),Master's Degree in Business Administration (MBA),"USD 110,000-160,000",Full-time,"['JavaScript', 'React']",2
100574,Frontend Developer,Skyline Software Labs,"Hyderabad, Telangana, India",We are seeking a talented Frontend Developer who is passionate about delivering results. Responsibilities include: write unit tests with Jest to ensure code reliability; manage application state using Redux; translate Figma designs into pixel-perfect HTML and CSS. Requirements: familiarity with responsive design principles across devices; experience collaborating with designers using tools like Figma. We value continuous learning and provide support for career development.,Junior (1-3 years),Diploma or equivalent professional certification,"INR 400,000-800,000",Full-time,['Figma'],1
100575,Financial Analyst,Willowbrook Hospitality,"Delhi, India",Join us as a Financial Analyst and help drive our team's success. Responsibilities include: build financial models to support budgeting and forecasting; prepare monthly financial reporting and variance analysis; ensure reporting complies with GAAP standards. Requirements: advanced Excel skills including financial modeling; understanding of GAAP and risk analysis principles. This role offers competitive benefits and a flexible work culture.,Senior (5-8 years),Bachelor's Degree in Computer Science or related field,"GBP 45,000-75,000",Full-time,['Excel'],1
100576,Data Scientist,Redwood Robotics,"Austin, TX, USA","Join us as a Data Scientist and help drive our team's success. Responsibilities include: build and deploy machine learning models to solve business problems; collaborate with engineering teams to productionize models using TensorFlow or PyTorch; analyze large datasets using Python and SQL to extract actionable insights. Requirements: experience with data visualization tools like Tableau or Power BI; hands-on experience with pandas, scikit-learn, and statistical modeling techniques. This is a great opportunity to make an impact in a fast-paced environment.",Senior (5-8 years),PhD or equivalent research experience,"USD 75,000-110,000",Full-time,"['Python', 'SQL', 'Power BI', 'Tableau', 'TensorFlow', 'PyTorch', 'Pandas', 'Scikit-learn', 'Machine Learning']",9
100577,Backend Software Engineer,Granite Construction Group,"Chennai, Tamil Nadu, India","Our company is hiring an experienced Backend Software Engineer to support key initiatives. Responsibilities include: develop and maintain microservices deployed on Kubernetes; write clean, testable code and participate in code reviews using Git; set up CI/CD pipelines to automate testing and deployment. Requirements: practical knowledge of Docker and Kubernetes for containerized deployments; experience working with AWS cloud services. We offer a collaborative environment and opportunities for professional growth.",Entry level (0-1 years),Master's Degree,"INR 400,000-800,000",Full-time,"['AWS', 'Kubernetes', 'Docker', 'Git', 'CI/CD']",5
100578,Customer Support Specialist,Riverside EdTech,Singapore,"We are looking for a motivated Customer Support Specialist to join our growing team. Responsibilities include: maintain accurate records in the CRM software; respond to customer inquiries via email, live chat, and ticketing systems like Zendesk; troubleshoot product issues and escalate complex cases when needed. Requirements: prior experience in customer service or technical support; familiarity with ticketing systems such as Zendesk. We value continuous learning and provide support for career development.",Entry level (0-1 years),Master's Degree,"GBP 28,000-45,000",Full-time,[],0
100579,Business Analyst,Nova Payments Inc,"Hyderabad, Telangana, India",Join us as a Business Analyst and help drive our team's success. Responsibilities include: build reports and dashboards in Power BI to support decision-making; work closely with Agile teams to translate requirements into user stories; create process maps to visualize current and future state workflows. Requirements: familiarity with Agile delivery and documentation practices; excellent stakeholder management and problem-solving skills. We offer a collaborative environment and opportunities for professional growth.,Junior (1-3 years),High School Diploma,"USD 75,000-110,000",Contract,"['Power BI', 'Agile']",2
100580,Human Resources Business Partner,BluePeak Technologies,"Sydney, Australia",Our company is hiring an experienced Human Resources Business Partner to support key initiatives. Responsibilities include: manage the employee onboarding process end to end; partner with department leaders on talent acquisition and workforce planning; handle employee relations issues and conflict resolution. Requirements: strong stakeholder management and communication skills; working knowledge of HRIS systems and performance management processes. We offer a collaborative environment and opportunities for professional growth.,Senior (5-8 years),"Master's Degree in Data Science, Statistics, or related field","EUR 35,000-55,000",Full-time,[],0
100581,UX/UI Designer,Fernwood Digital,"Amsterdam, Netherlands",We are seeking a talented UX/UI Designer who is passionate about delivering results. Responsibilities include: create wireframes and interactive prototypes using Figma; ensure designs meet accessibility standards; collaborate with product and engineering teams on interaction design. Requirements: strong portfolio demonstrating wireframing and prototyping skills; understanding of accessibility and visual design principles. This role offers competitive benefits and a flexible work culture.,Senior (5-8 years),Bachelor's Degree,"INR 1,600,000-2,800,000",Internship,['Figma'],1
100582,Frontend Developer,Cascade Cloud Inc,"London, United Kingdom",We are seeking a talented Frontend Developer who is passionate about delivering results. Responsibilities include: write unit tests with Jest to ensure code reliability; optimize bundle size and performance using Webpack; manage application state using Redux. Requirements: familiarity with responsive design principles across devices; experience collaborating with designers using tools like Figma. This role offers competitive benefits and a flexible work culture.,Executive (12+ years),Bachelor's Degree in Computer Science or related field,"USD 75,000-110,000",Full-time,['Figma'],1
100583,Human Resources Business Partner,Amber Foods Co,"Hyderabad, Telangana, India",Join us as a Human Resources Business Partner and help drive our team's success. Responsibilities include: support performance management cycles and compensation planning; ensure labor law compliance across all HR processes; manage the employee onboarding process end to end. Requirements: understanding of labor law compliance requirements; experience in talent acquisition and employee relations. This is a great opportunity to make an impact in a fast-paced environment.,Lead (8-12 years),Master's Degree,"GBP 28,000-45,000",Contract,[],0
100584,Human Resources Business Partner,Delta Freight Solutions,"Delhi, India",We are seeking a talented Human Resources Business Partner who is passionate about delivering results. Responsibilities include: support performance management cycles and compensation planning; manage the employee onboarding process end to end; handle employee relations issues and conflict resolution. Requirements: working knowledge of HRIS systems and performance management processes; understanding of labor law compliance requirements. We offer a collaborative environment and opportunities for professional growth.,Senior (5-8 years),Bachelor's Degree,"USD 45,000-75,000",Full-time,[],0
100585,Digital Marketing Specialist,Silverline Consulting,"Manchester, United Kingdom",Our company is hiring an experienced Digital Marketing Specialist to support key initiatives. Responsibilities include: analyze campaign performance using Google Analytics; manage paid advertising campaigns across Google Ads and social media; run A/B tests to optimize conversion rates on landing pages. Requirements: familiarity with marketing automation tools such as HubSpot; hands-on experience running PPC advertising campaigns. We offer a collaborative environment and opportunities for professional growth.,Senior (5-8 years),Master's Degree in Business Administration (MBA),"USD 110,000-160,000",Full-time,[],0
100586,Customer Support Specialist,Fernwood Digital,"Bengaluru, Karnataka, India",We are looking for a motivated Customer Support Specialist to join our growing team. Responsibilities include: build strong product knowledge to resolve issues efficiently; maintain accurate records in the CRM software; troubleshoot product issues and escalate complex cases when needed. Requirements: strong communication and conflict resolution skills; experience using CRM software to track customer interactions. We offer a collaborative environment and opportunities for professional growth.,Lead (8-12 years),PhD or equivalent research experience,"INR 1,600,000-2,800,000",Full-time,[],0
100587,Customer Support Specialist,Nimbus Analytics,"Hyderabad, Telangana, India","Join us as a Customer Support Specialist and help drive our team's success. Responsibilities include: respond to customer inquiries via email, live chat, and ticketing systems like Zendesk; handle escalation management for high-priority customer concerns; troubleshoot product issues and escalate complex cases when needed. Requirements: strong communication and conflict resolution skills; familiarity with ticketing systems such as Zendesk. This is a great opportunity to make an impact in a fast-paced environment.",Senior (5-8 years),Bachelor's Degree in Computer Science or related field,"USD 110,000-160,000",Part-time,[],0
100588,Supply Chain Coordinator,Silverline Consulting,"Dubai, UAE",Our company is hiring an experienced Supply Chain Coordinator to support key initiatives. Responsibilities include: coordinate inventory management and shipment tracking across warehouses; support demand planning to optimize stock levels; identify opportunities for process improvement and cost analysis. Requirements: experience in logistics coordination and inventory management; hands-on knowledge of SAP or similar ERP systems. We offer a collaborative environment and opportunities for professional growth.,Mid level (3-5 years),Bachelor's Degree in Computer Science or related field,"USD 160,000-220,000",Contract,['SAP'],1
100589,Data Scientist,Cascade Cloud Inc,"Hyderabad, Telangana, India",Join us as a Data Scientist and help drive our team's success. Responsibilities include: create dashboards and visualizations to communicate findings to stakeholders; collaborate with engineering teams to productionize models using TensorFlow or PyTorch; analyze large datasets using Python and SQL to extract actionable insights. Requirements: familiarity with deep learning frameworks such as TensorFlow or PyTorch; experience with data visualization tools like Tableau or Power BI. This is a great opportunity to make an impact in a fast-paced environment.,Executive (12+ years),Diploma or equivalent professional certification,"GBP 28,000-45,000",Full-time,"['Python', 'SQL', 'Power BI', 'Tableau', 'TensorFlow', 'PyTorch', 'Deep Learning']",7
100590,Digital Marketing Specialist,Fernwood Digital,"Chennai, Tamil Nadu, India",Our company is hiring an experienced Digital Marketing Specialist to support key initiatives. Responsibilities include: plan and execute SEO strategies to improve organic search rankings; manage paid advertising campaigns across Google Ads and social media; create engaging content for email marketing and social media channels. Requirements: hands-on experience running PPC advertising campaigns; strong copywriting skills for content and email marketing. This role offers competitive benefits and a flexible work culture.,Junior (1-3 years),Bachelor's Degree,"USD 45,000-75,000",Full-time,[],0
100591,Financial Analyst,Solstice Pharma,"Sydney, Australia",We are seeking a talented Financial Analyst who is passionate about delivering results. Responsibilities include: create dashboards in Power BI to track key financial metrics; prepare monthly financial reporting and variance analysis; ensure reporting complies with GAAP standards. Requirements: understanding of GAAP and risk analysis principles; advanced Excel skills including financial modeling. We offer a collaborative environment and opportunities for professional growth.,Lead (8-12 years),Master's Degree,"USD 75,000-110,000",Contract,"['Power BI', 'Excel']",2
100592,Frontend Developer,Willowbrook Hospitality,"Chennai, Tamil Nadu, India","We are looking for a motivated Frontend Developer to join our growing team. Responsibilities include: write unit tests with Jest to ensure code reliability; translate Figma designs into pixel-perfect HTML and CSS; build responsive, accessible user interfaces using React and TypeScript. Requirements: familiarity with responsive design principles across devices; experience collaborating with designers using tools like Figma. This is a great opportunity to make an impact in a fast-paced environment.",Senior (5-8 years),Diploma or equivalent professional certification,"GBP 28,000-45,000",Part-time,"['React', 'Figma']",2
100593,Data Scientist,Prism Media Group,"Mumbai, Maharashtra, India","Join us as a Data Scientist and help drive our team's success. Responsibilities include: create dashboards and visualizations to communicate findings to stakeholders; design and evaluate A/B tests to measure product impact; build and deploy machine learning models to solve business problems. Requirements: experience with data visualization tools like Tableau or Power BI; hands-on experience with pandas, scikit-learn, and statistical modeling techniques. This is a great opportunity to make an impact in a fast-paced environment.",Executive (12+ years),PhD or equivalent research experience,"INR 1,600,000-2,800,000",Full-time,"['Power BI', 'Tableau', 'Pandas', 'Scikit-learn', 'Machine Learning']",5
100594,Customer Support Specialist,Pinecrest Energy,"Dubai, UAE",We are looking for a motivated Customer Support Specialist to join our growing team. Responsibilities include: build strong product knowledge to resolve issues efficiently; maintain accurate records in the CRM software; handle escalation management for high-priority customer concerns. Requirements: prior experience in customer service or technical support; familiarity with ticketing systems such as Zendesk. This is a great opportunity to make an impact in a fast-paced environment.,Senior (5-8 years),Master's Degree,"USD 45,000-75,000",Internship,[],0
100595,Product Manager,Orbital Systems,"Vancouver, Canada",Join us as a Product Manager and help drive our team's success. Responsibilities include: own the product roadmap and prioritize features based on user research; work with engineering and design teams in an Agile environment using Jira; analyze product data to inform strategic decisions. Requirements: familiarity with Agile methodologies and tools like Jira; excellent stakeholder management and cross-functional leadership abilities. We value continuous learning and provide support for career development.,Executive (12+ years),"Master's Degree in Data Science, Statistics, or related field","GBP 28,000-45,000",Full-time,"['Jira', 'Agile']",2
100596,Product Manager,Northgate Logistics,"Berlin, Germany",Join us as a Product Manager and help drive our team's success. Responsibilities include: work with engineering and design teams in an Agile environment using Jira; run A/B tests to validate product hypotheses; analyze product data to inform strategic decisions. Requirements: excellent stakeholder management and cross-functional leadership abilities; familiarity with Agile methodologies and tools like Jira. We value continuous learning and provide support for career development.,Executive (12+ years),"Master's Degree in Data Science, Statistics, or related field","EUR 35,000-55,000",Full-time,"['Jira', 'Agile']",2
100597,Product Manager,Bramble Retailers,"Delhi, India",Join us as a Product Manager and help drive our team's success. Responsibilities include: work with engineering and design teams in an Agile environment using Jira; communicate product strategy to stakeholders across the organization; own the product roadmap and prioritize features based on user research. Requirements: familiarity with Agile methodologies and tools like Jira; strong data analysis and prioritization skills. This is a great opportunity to make an impact in a fast-paced environment.,Mid level (3-5 years),Bachelor's Degree,"EUR 55,000-90,000",Full-time,"['Jira', 'Agile']",2
100598,Backend Software Engineer,Bramble Retailers,"Manchester, United Kingdom",Our company is hiring an experienced Backend Software Engineer to support key initiatives. Responsibilities include: optimize PostgreSQL queries for performance at scale; design and build scalable REST APIs using Java and Spring Boot; set up CI/CD pipelines to automate testing and deployment. Requirements: experience working with AWS cloud services; practical knowledge of Docker and Kubernetes for containerized deployments. We value continuous learning and provide support for career development.,Senior (5-8 years),Master's Degree in Business Administration (MBA),"USD 160,000-220,000",Internship,"['SQL', 'Java', 'AWS', 'Kubernetes', 'Docker', 'CI/CD', 'Spring Boot']",7
100599,Supply Chain Coordinator,Meridian Health Solutions,"Delhi, India",We are seeking a talented Supply Chain Coordinator who is passionate about delivering results. Responsibilities include: identify opportunities for process improvement and cost analysis; coordinate inventory management and shipment tracking across warehouses; support demand planning to optimize stock levels. Requirements: hands-on knowledge of SAP or similar ERP systems; experience in logistics coordination and inventory management. This role offers competitive benefits and a flexible work culture.,Lead (8-12 years),High School Diploma,"USD 75,000-110,000",Contract,['SAP'],1
100600,Product Manager,Skyline Software Labs,"Seattle, WA, USA",We are looking for a motivated Product Manager to join our growing team. Responsibilities include: own the product roadmap and prioritize features based on user research; analyze product data to inform strategic decisions; work with engineering and design teams in an Agile environment using Jira. Requirements: experience owning product strategy and roadmap planning; excellent stakeholder management and cross-functional leadership abilities. We offer a collaborative environment and opportunities for professional growth.,Entry level (0-1 years),Master's Degree in Business Administration (MBA),"USD 110,000-160,000",Contract,"['Jira', 'Agile']",2
100601,Customer Support Specialist,BluePeak Technologies,"Berlin, Germany",We are seeking a talented Customer Support Specialist who is passionate about delivering results. Responsibilities include: troubleshoot product issues and escalate complex cases when needed; maintain accurate records in the CRM software; build strong product knowledge to resolve issues efficiently. Requirements: experience using CRM software to track customer interactions; strong communication and conflict resolution skills. This is a great opportunity to make an impact in a fast-paced environment.,Executive (12+ years),Bachelor's Degree,"USD 160,000-220,000",Full-time,[],0
100602,UX/UI Designer,Granite Construction Group,"Hyderabad, Telangana, India",We are looking for a motivated UX/UI Designer to join our growing team. Responsibilities include: create wireframes and interactive prototypes using Figma; collaborate with product and engineering teams on interaction design; ensure designs meet accessibility standards. Requirements: strong portfolio demonstrating wireframing and prototyping skills; understanding of accessibility and visual design principles. This is a great opportunity to make an impact in a fast-paced environment.,Mid level (3-5 years),"Master's Degree in Data Science, Statistics, or related field","USD 110,000-160,000",Full-time,['Figma'],1
100603,Human Resources Business Partner,Harbor & Co,"Berlin, Germany",We are seeking a talented Human Resources Business Partner who is passionate about delivering results. Responsibilities include: manage the employee onboarding process end to end; ensure labor law compliance across all HR processes; handle employee relations issues and conflict resolution. Requirements: understanding of labor law compliance requirements; experience in talent acquisition and employee relations. This role offers competitive benefits and a flexible work culture.,Mid level (3-5 years),"Master's Degree in Data Science, Statistics, or related field","INR 1,600,000-2,800,000",Full-time,[],0
100604,Financial Analyst,Lumen Insurance,"Manchester, United Kingdom",Join us as a Financial Analyst and help drive our team's success. Responsibilities include: prepare monthly financial reporting and variance analysis; build financial models to support budgeting and forecasting; use SQL to extract and analyze financial data from internal systems. Requirements: advanced Excel skills including financial modeling; understanding of GAAP and risk analysis principles. We value continuous learning and provide support for career development.,Lead (8-12 years),"Master's Degree in Data Science, Statistics, or related field","USD 45,000-75,000",Contract,"['SQL', 'Excel']",2
100605,Human Resources Business Partner,Cascade Cloud Inc,"Delhi, India",Our company is hiring an experienced Human Resources Business Partner to support key initiatives. Responsibilities include: ensure labor law compliance across all HR processes; partner with department leaders on talent acquisition and workforce planning; handle employee relations issues and conflict resolution. Requirements: strong stakeholder management and communication skills; working knowledge of HRIS systems and performance management processes. This is a great opportunity to make an impact in a fast-paced environment.,Senior (5-8 years),High School Diploma,"EUR 55,000-90,000",Full-time,[],0
100606,Supply Chain Coordinator,Quartz Data Systems,"Amsterdam, Netherlands",We are looking for a motivated Supply Chain Coordinator to join our growing team. Responsibilities include: support demand planning to optimize stock levels; work with SAP to manage procurement and vendor management processes; communicate with logistics partners to ensure timely deliveries. Requirements: experience with vendor management and procurement; hands-on knowledge of SAP or similar ERP systems. This role offers competitive benefits and a flexible work culture.,Executive (12+ years),"Master's Degree in Data Science, Statistics, or related field","INR 800,000-1,600,000",Contract,['SAP'],1
100607,Customer Support Specialist,Delta Freight Solutions,"Dubai, UAE","Join us as a Customer Support Specialist and help drive our team's success. Responsibilities include: troubleshoot product issues and escalate complex cases when needed; maintain accurate records in the CRM software; respond to customer inquiries via email, live chat, and ticketing systems like Zendesk. Requirements: prior experience in customer service or technical support; strong communication and conflict resolution skills. We value continuous learning and provide support for career development.",Executive (12+ years),"Master's Degree in Data Science, Statistics, or related field","EUR 55,000-90,000",Full-time,[],0
100608,Financial Analyst,Falconview Aerospace,"Chennai, Tamil Nadu, India",We are looking for a motivated Financial Analyst to join our growing team. Responsibilities include: ensure reporting complies with GAAP standards; use SQL to extract and analyze financial data from internal systems; create dashboards in Power BI to track key financial metrics. Requirements: familiarity with SQL and Power BI for financial reporting; understanding of GAAP and risk analysis principles. This role offers competitive benefits and a flexible work culture.,Lead (8-12 years),Master's Degree in Business Administration (MBA),"USD 160,000-220,000",Full-time,"['SQL', 'Power BI']",2
100609,Data Scientist,Nimbus Analytics,"Amsterdam, Netherlands",We are looking for a motivated Data Scientist to join our growing team. Responsibilities include: build and deploy machine learning models to solve business problems; design and evaluate A/B tests to measure product impact; analyze large datasets using Python and SQL to extract actionable insights. Requirements: familiarity with deep learning frameworks such as TensorFlow or PyTorch; strong proficiency in Python and SQL. We offer a collaborative environment and opportunities for professional growth.,Junior (1-3 years),Master's Degree in Business Administration (MBA),"INR 1,600,000-2,800,000",Full-time,"['Python', 'SQL', 'TensorFlow', 'PyTorch', 'Machine Learning', 'Deep Learning']",6
100610,Supply Chain Coordinator,Orbital Systems,"Toronto, Canada",We are seeking a talented Supply Chain Coordinator who is passionate about delivering results. Responsibilities include: work with SAP to manage procurement and vendor management processes; communicate with logistics partners to ensure timely deliveries; identify opportunities for process improvement and cost analysis. Requirements: strong Excel skills for demand planning and cost analysis; hands-on knowledge of SAP or similar ERP systems. This role offers competitive benefits and a flexible work culture.,Executive (12+ years),High School Diploma,"GBP 28,000-45,000",Full-time,"['Excel', 'SAP']",2
100611,UX/UI Designer,Cascade Cloud Inc,"Berlin, Germany",Our company is hiring an experienced UX/UI Designer to support key initiatives. Responsibilities include: build and maintain a consistent design system across products; collaborate with product and engineering teams on interaction design; conduct user research and usability testing to inform design decisions. Requirements: proficiency in Figma or Adobe XD; experience conducting user research and usability testing. This is a great opportunity to make an impact in a fast-paced environment.,Entry level (0-1 years),"Master's Degree in Data Science, Statistics, or related field","GBP 45,000-75,000",Part-time,['Figma'],1
100612,Financial Analyst,Fernwood Digital,"Pune, Maharashtra, India",Join us as a Financial Analyst and help drive our team's success. Responsibilities include: build financial models to support budgeting and forecasting; use SQL to extract and analyze financial data from internal systems; create dashboards in Power BI to track key financial metrics. Requirements: understanding of GAAP and risk analysis principles; familiarity with SQL and Power BI for financial reporting. This is a great opportunity to make an impact in a fast-paced environment.,Junior (1-3 years),Diploma or equivalent professional certification,"USD 160,000-220,000",Full-time,"['SQL', 'Power BI']",2
100613,Digital Marketing Specialist,Pinecrest Energy,"Vancouver, Canada",Our company is hiring an experienced Digital Marketing Specialist to support key initiatives. Responsibilities include: manage paid advertising campaigns across Google Ads and social media; run A/B tests to optimize conversion rates on landing pages; create engaging content for email marketing and social media channels. Requirements: familiarity with marketing automation tools such as HubSpot; proven experience with SEO and Google Analytics. We offer a collaborative environment and opportunities for professional growth.,Senior (5-8 years),Diploma or equivalent professional certification,"INR 1,600,000-2,800,000",Full-time,[],0
100614,UX/UI Designer,Vertex Financial Services,"Toronto, Canada",We are seeking a talented UX/UI Designer who is passionate about delivering results. Responsibilities include: conduct user research and usability testing to inform design decisions; collaborate with product and engineering teams on interaction design; ensure designs meet accessibility standards. Requirements: strong portfolio demonstrating wireframing and prototyping skills; proficiency in Figma or Adobe XD. We value continuous learning and provide support for career development.,Executive (12+ years),Bachelor's Degree in Computer Science or related field,"GBP 45,000-75,000",Full-time,['Figma'],1
100615,Data Scientist,Anchor Bank Corp,"Chennai, Tamil Nadu, India","We are seeking a talented Data Scientist who is passionate about delivering results. Responsibilities include: collaborate with engineering teams to productionize models using TensorFlow or PyTorch; build and deploy machine learning models to solve business problems; create dashboards and visualizations to communicate findings to stakeholders. Requirements: hands-on experience with pandas, scikit-learn, and statistical modeling techniques; familiarity with deep learning frameworks such as TensorFlow or PyTorch. This is a great opportunity to make an impact in a fast-paced environment.",Mid level (3-5 years),"Master's Degree in Data Science, Statistics, or related field","INR 400,000-800,000",Full-time,"['TensorFlow', 'PyTorch', 'Pandas', 'Scikit-learn', 'Machine Learning', 'Deep Learning']",6
100616,Data Scientist,Nova Payments Inc,"Chicago, IL, USA","We are looking for a motivated Data Scientist to join our growing team. Responsibilities include: build and deploy machine learning models to solve business problems; design and evaluate A/B tests to measure product impact; create dashboards and visualizations to communicate findings to stakeholders. Requirements: strong proficiency in Python and SQL; hands-on experience with pandas, scikit-learn, and statistical modeling techniques. This is a great opportunity to make an impact in a fast-paced environment.",Junior (1-3 years),Bachelor's Degree in Computer Science or related field,"GBP 28,000-45,000",Contract,"['Python', 'SQL', 'Pandas', 'Scikit-learn', 'Machine Learning']",5
100617,Business Analyst,Harbor & Co,Singapore,Our company is hiring an experienced Business Analyst to support key initiatives. Responsibilities include: analyze data using SQL and Excel to identify process improvements; build reports and dashboards in Power BI to support decision-making; work closely with Agile teams to translate requirements into user stories. Requirements: excellent stakeholder management and problem-solving skills; experience in requirements gathering and process mapping. We value continuous learning and provide support for career development.,Mid level (3-5 years),PhD or equivalent research experience,"GBP 28,000-45,000",Full-time,"['SQL', 'Power BI', 'Excel', 'Agile']",4
100618,Backend Software Engineer,Bramble Retailers,"Dubai, UAE","Join us as a Backend Software Engineer and help drive our team's success. Responsibilities include: write clean, testable code and participate in code reviews using Git; design and build scalable REST APIs using Java and Spring Boot; optimize PostgreSQL queries for performance at scale. Requirements: understanding of CI/CD pipelines and version control with Git; experience working with AWS cloud services. We value continuous learning and provide support for career development.",Senior (5-8 years),PhD or equivalent research experience,"USD 160,000-220,000",Full-time,"['SQL', 'Java', 'AWS', 'Git', 'CI/CD', 'Spring Boot']",6
100619,Supply Chain Coordinator,Fernwood Digital,"Delhi, India",We are looking for a motivated Supply Chain Coordinator to join our growing team. Responsibilities include: communicate with logistics partners to ensure timely deliveries; coordinate inventory management and shipment tracking across warehouses; identify opportunities for process improvement and cost analysis. Requirements: experience in logistics coordination and inventory management; strong Excel skills for demand planning and cost analysis. This role offers competitive benefits and a flexible work culture.,Lead (8-12 years),Master's Degree in Business Administration (MBA),"GBP 45,000-75,000",Part-time,['Excel'],1
100620,Product Manager,Anchor Bank Corp,"Mumbai, Maharashtra, India",We are seeking a talented Product Manager who is passionate about delivering results. Responsibilities include: work with engineering and design teams in an Agile environment using Jira; communicate product strategy to stakeholders across the organization; run A/B tests to validate product hypotheses. Requirements: excellent stakeholder management and cross-functional leadership abilities; experience owning product strategy and roadmap planning. We value continuous learning and provide support for career development.,Lead (8-12 years),Bachelor's Degree in Computer Science or related field,"USD 45,000-75,000",Full-time,"['Jira', 'Agile']",2
100621,Financial Analyst,Pinecrest Energy,"Bengaluru, Karnataka, India","Our company is hiring an experienced Financial Analyst to support key initiatives. Responsibilities include: create dashboards in Power BI to track key financial metrics; build financial models to support budgeting and forecasting; use SQL to extract and analyze financial data from internal systems. Requirements: familiarity with SQL and Power BI for financial reporting; experience with forecasting, budgeting, and variance analysis. We value continuous learning and provide support for career development.",Entry level (0-1 years),"Master's Degree in Data Science, Statistics, or related field","INR 1,600,000-2,800,000",Full-time,"['SQL', 'Power BI']",2
100622,Backend Software Engineer,Orbital Systems,"Hyderabad, Telangana, India",We are seeking a talented Backend Software Engineer who is passionate about delivering results. Responsibilities include: design and build scalable REST APIs using Java and Spring Boot; develop and maintain microservices deployed on Kubernetes; set up CI/CD pipelines to automate testing and deployment. Requirements: understanding of CI/CD pipelines and version control with Git; experience working with AWS cloud services. This role offers competitive benefits and a flexible work culture.,Mid level (3-5 years),Bachelor's Degree in Computer Science or related field,"USD 110,000-160,000",Full-time,"['Java', 'AWS', 'Kubernetes', 'Git', 'CI/CD', 'Spring Boot']",6
100623,Data Scientist,Delta Freight Solutions,"Seattle, WA, USA","Join us as a Data Scientist and help drive our team's success. Responsibilities include: build and deploy machine learning models to solve business problems; design and evaluate A/B tests to measure product impact; create dashboards and visualizations to communicate findings to stakeholders. Requirements: experience with data visualization tools like Tableau or Power BI; hands-on experience with pandas, scikit-learn, and statistical modeling techniques. We value continuous learning and provide support for career development.",Executive (12+ years),High School Diploma,"INR 400,000-800,000",Full-time,"['Power BI', 'Tableau', 'Pandas', 'Scikit-learn', 'Machine Learning']",5
100624,Financial Analyst,Solstice Pharma,"Hyderabad, Telangana, India","Join us as a Financial Analyst and help drive our team's success. Responsibilities include: build financial models to support budgeting and forecasting; use SQL to extract and analyze financial data from internal systems; ensure reporting complies with GAAP standards. Requirements: familiarity with SQL and Power BI for financial reporting; experience with forecasting, budgeting, and variance analysis. This is a great opportunity to make an impact in a fast-paced environment.",Junior (1-3 years),Master's Degree,"GBP 28,000-45,000",Full-time,"['SQL', 'Power BI']",2
100625,Backend Software Engineer,Redwood Robotics,"Mumbai, Maharashtra, India",We are looking for a motivated Backend Software Engineer to join our growing team. Responsibilities include: develop and maintain microservices deployed on Kubernetes; optimize PostgreSQL queries for performance at scale; set up CI/CD pipelines to automate testing and deployment. Requirements: understanding of CI/CD pipelines and version control with Git; practical knowledge of Docker and Kubernetes for containerized deployments. We offer a collaborative environment and opportunities for professional growth.,Junior (1-3 years),High School Diploma,"INR 400,000-800,000",Full-time,"['SQL', 'Kubernetes', 'Docker', 'Git', 'CI/CD']",5
100626,Supply Chain Coordinator,Anchor Bank Corp,"New York, NY, USA",Our company is hiring an experienced Supply Chain Coordinator to support key initiatives. Responsibilities include: work with SAP to manage procurement and vendor management processes; identify opportunities for process improvement and cost analysis; support demand planning to optimize stock levels. Requirements: experience with vendor management and procurement; experience in logistics coordination and inventory management. We offer a collaborative environment and opportunities for professional growth.,Junior (1-3 years),"Master's Degree in Data Science, Statistics, or related field","GBP 45,000-75,000",Contract,['SAP'],1
100627,Product Manager,Solstice Pharma,"Dubai, UAE",Join us as a Product Manager and help drive our team's success. Responsibilities include: run A/B tests to validate product hypotheses; communicate product strategy to stakeholders across the organization; analyze product data to inform strategic decisions. Requirements: excellent stakeholder management and cross-functional leadership abilities; familiarity with Agile methodologies and tools like Jira. This role offers competitive benefits and a flexible work culture.,Junior (1-3 years),High School Diploma,"USD 45,000-75,000",Full-time,"['Jira', 'Agile']",2
100628,Business Analyst,Solstice Pharma,"Berlin, Germany",We are looking for a motivated Business Analyst to join our growing team. Responsibilities include: build reports and dashboards in Power BI to support decision-making; gather and document business requirements from stakeholders; work closely with Agile teams to translate requirements into user stories. Requirements: familiarity with Agile delivery and documentation practices; strong SQL and Excel skills for data analysis. This role offers competitive benefits and a flexible work culture.,Junior (1-3 years),Bachelor's Degree,"INR 400,000-800,000",Full-time,"['SQL', 'Power BI', 'Excel', 'Agile']",4
100629,Business Analyst,Anchor Bank Corp,"Seattle, WA, USA",We are seeking a talented Business Analyst who is passionate about delivering results. Responsibilities include: analyze data using SQL and Excel to identify process improvements; create process maps to visualize current and future state workflows; work closely with Agile teams to translate requirements into user stories. Requirements: strong SQL and Excel skills for data analysis; excellent stakeholder management and problem-solving skills. We value continuous learning and provide support for career development.,Mid level (3-5 years),Master's Degree in Business Administration (MBA),"GBP 28,000-45,000",Contract,"['SQL', 'Excel', 'Agile']",3
100630,Data Scientist,Nova Payments Inc,"Chennai, Tamil Nadu, India","We are looking for a motivated Data Scientist to join our growing team. Responsibilities include: analyze large datasets using Python and SQL to extract actionable insights; collaborate with engineering teams to productionize models using TensorFlow or PyTorch; design and evaluate A/B tests to measure product impact. Requirements: experience with data visualization tools like Tableau or Power BI; hands-on experience with pandas, scikit-learn, and statistical modeling techniques. We offer a collaborative environment and opportunities for professional growth.",Entry level (0-1 years),Diploma or equivalent professional certification,"USD 45,000-75,000",Full-time,"['Python', 'SQL', 'Power BI', 'Tableau', 'TensorFlow', 'PyTorch', 'Pandas', 'Scikit-learn']",8
100631,Supply Chain Coordinator,Crestview Realty,"Pune, Maharashtra, India",We are looking for a motivated Supply Chain Coordinator to join our growing team. Responsibilities include: support demand planning to optimize stock levels; identify opportunities for process improvement and cost analysis; communicate with logistics partners to ensure timely deliveries. Requirements: strong Excel skills for demand planning and cost analysis; hands-on knowledge of SAP or similar ERP systems. This role offers competitive benefits and a flexible work culture.,Executive (12+ years),Diploma or equivalent professional certification,"EUR 55,000-90,000",Full-time,"['Excel', 'SAP']",2
100632,UX/UI Designer,Nimbus Analytics,"Hyderabad, Telangana, India",Our company is hiring an experienced UX/UI Designer to support key initiatives. Responsibilities include: conduct user research and usability testing to inform design decisions; build and maintain a consistent design system across products; collaborate with product and engineering teams on interaction design. Requirements: experience conducting user research and usability testing; strong portfolio demonstrating wireframing and prototyping skills. We offer a collaborative environment and opportunities for professional growth.,Junior (1-3 years),Diploma or equivalent professional certification,"USD 45,000-75,000",Full-time,[],0
100633,Business Analyst,Crestview Realty,"Chicago, IL, USA",We are seeking a talented Business Analyst who is passionate about delivering results. Responsibilities include: gather and document business requirements from stakeholders; create process maps to visualize current and future state workflows; analyze data using SQL and Excel to identify process improvements. Requirements: strong SQL and Excel skills for data analysis; experience in requirements gathering and process mapping. This role offers competitive benefits and a flexible work culture.,Junior (1-3 years),Master's Degree,"GBP 28,000-45,000",Contract,"['SQL', 'Excel']",2
100634,Supply Chain Coordinator,Cascade Cloud Inc,"Hyderabad, Telangana, India",Our company is hiring an experienced Supply Chain Coordinator to support key initiatives. Responsibilities include: communicate with logistics partners to ensure timely deliveries; work with SAP to manage procurement and vendor management processes; coordinate inventory management and shipment tracking across warehouses. Requirements: hands-on knowledge of SAP or similar ERP systems; strong Excel skills for demand planning and cost analysis. We offer a collaborative environment and opportunities for professional growth.,Lead (8-12 years),Diploma or equivalent professional certification,"USD 110,000-160,000",Contract,"['Excel', 'SAP']",2
100635,Frontend Developer,Skyline Software Labs,Singapore,"We are looking for a motivated Frontend Developer to join our growing team. Responsibilities include: optimize bundle size and performance using Webpack; manage application state using Redux; write unit tests with Jest to ensure code reliability. Requirements: experience collaborating with designers using tools like Figma; strong command of JavaScript, HTML, and CSS. This is a great opportunity to make an impact in a fast-paced environment.",Lead (8-12 years),Master's Degree in Business Administration (MBA),"USD 160,000-220,000",Contract,"['JavaScript', 'Figma']",2
100636,Supply Chain Coordinator,Amber Foods Co,"Sydney, Australia",We are seeking a talented Supply Chain Coordinator who is passionate about delivering results. Responsibilities include: coordinate inventory management and shipment tracking across warehouses; identify opportunities for process improvement and cost analysis; work with SAP to manage procurement and vendor management processes. Requirements: strong Excel skills for demand planning and cost analysis; experience with vendor management and procurement. We offer a collaborative environment and opportunities for professional growth.,Mid level (3-5 years),PhD or equivalent research experience,"INR 1,600,000-2,800,000",Full-time,"['Excel', 'SAP']",2
100637,UX/UI Designer,Northgate Logistics,"Bengaluru, Karnataka, India",We are looking for a motivated UX/UI Designer to join our growing team. Responsibilities include: collaborate with product and engineering teams on interaction design; create wireframes and interactive prototypes using Figma; ensure designs meet accessibility standards. Requirements: strong portfolio demonstrating wireframing and prototyping skills; experience conducting user research and usability testing. We offer a collaborative environment and opportunities for professional growth.,Senior (5-8 years),Diploma or equivalent professional certification,"INR 800,000-1,600,000",Full-time,['Figma'],1
100638,UX/UI Designer,Northgate Logistics,"Manchester, United Kingdom",We are seeking a talented UX/UI Designer who is passionate about delivering results. Responsibilities include: build and maintain a consistent design system across products; conduct user research and usability testing to inform design decisions; ensure designs meet accessibility standards. Requirements: strong portfolio demonstrating wireframing and prototyping skills; understanding of accessibility and visual design principles. This is a great opportunity to make an impact in a fast-paced environment.,Junior (1-3 years),Master's Degree,"USD 110,000-160,000",Internship,[],0
100639,Financial Analyst,Bramble Retailers,"Mumbai, Maharashtra, India",Our company is hiring an experienced Financial Analyst to support key initiatives. Responsibilities include: build financial models to support budgeting and forecasting; create dashboards in Power BI to track key financial metrics; ensure reporting complies with GAAP standards. Requirements: familiarity with SQL and Power BI for financial reporting; advanced Excel skills including financial modeling. We value continuous learning and provide support for career development.,Executive (12+ years),"Master's Degree in Data Science, Statistics, or related field","INR 400,000-800,000",Full-time,"['SQL', 'Power BI', 'Excel']",3
100640,Customer Support Specialist,Bramble Retailers,"San Francisco, CA, USA","Join us as a Customer Support Specialist and help drive our team's success. Responsibilities include: handle escalation management for high-priority customer concerns; respond to customer inquiries via email, live chat, and ticketing systems like Zendesk; build strong product knowledge to resolve issues efficiently. Requirements: prior experience in customer service or technical support; experience using CRM software to track customer interactions. This is a great opportunity to make an impact in a fast-paced environment.",Lead (8-12 years),Diploma or equivalent professional certification,"USD 75,000-110,000",Internship,[],0
100641,Human Resources Business Partner,Willowbrook Hospitality,"Pune, Maharashtra, India",We are seeking a talented Human Resources Business Partner who is passionate about delivering results. Responsibilities include: ensure labor law compliance across all HR processes; support performance management cycles and compensation planning; partner with department leaders on talent acquisition and workforce planning. Requirements: experience in talent acquisition and employee relations; strong stakeholder management and communication skills. We offer a collaborative environment and opportunities for professional growth.,Entry level (0-1 years),Diploma or equivalent professional certification,"USD 45,000-75,000",Contract,[],0
100642,Customer Support Specialist,BluePeak Technologies,"Chicago, IL, USA","Join us as a Customer Support Specialist and help drive our team's success. Responsibilities include: troubleshoot product issues and escalate complex cases when needed; respond to customer inquiries via email, live chat, and ticketing systems like Zendesk; handle escalation management for high-priority customer concerns. Requirements: experience using CRM software to track customer interactions; familiarity with ticketing systems such as Zendesk. This is a great opportunity to make an impact in a fast-paced environment.",Senior (5-8 years),Bachelor's Degree,"EUR 35,000-55,000",Contract,[],0
100643,Business Analyst,Delta Freight Solutions,"Hyderabad, Telangana, India",We are seeking a talented Business Analyst who is passionate about delivering results. Responsibilities include: work closely with Agile teams to translate requirements into user stories; analyze data using SQL and Excel to identify process improvements; gather and document business requirements from stakeholders. Requirements: experience in requirements gathering and process mapping; excellent stakeholder management and problem-solving skills. We offer a collaborative environment and opportunities for professional growth.,Executive (12+ years),High School Diploma,"GBP 28,000-45,000",Full-time,"['SQL', 'Excel', 'Agile']",3
100644,Business Analyst,Bramble Retailers,"New York, NY, USA",Join us as a Business Analyst and help drive our team's success. Responsibilities include: build reports and dashboards in Power BI to support decision-making; work closely with Agile teams to translate requirements into user stories; gather and document business requirements from stakeholders. Requirements: strong SQL and Excel skills for data analysis; experience in requirements gathering and process mapping. We offer a collaborative environment and opportunities for professional growth.,Junior (1-3 years),Master's Degree in Business Administration (MBA),"INR 800,000-1,600,000",Internship,"['SQL', 'Power BI', 'Excel', 'Agile']",4
100645,Data Scientist,Cobalt Retail Group,"Chicago, IL, USA","Our company is hiring an experienced Data Scientist to support key initiatives. Responsibilities include: analyze large datasets using Python and SQL to extract actionable insights; collaborate with engineering teams to productionize models using TensorFlow or PyTorch; create dashboards and visualizations to communicate findings to stakeholders. Requirements: familiarity with deep learning frameworks such as TensorFlow or PyTorch; hands-on experience with pandas, scikit-learn, and statistical modeling techniques. We value continuous learning and provide support for career development.",Lead (8-12 years),"Master's Degree in Data Science, Statistics, or related field","INR 400,000-800,000",Full-time,"['Python', 'SQL', 'TensorFlow', 'PyTorch', 'Pandas', 'Scikit-learn', 'Deep Learning']",7
100646,Data Scientist,Anchor Bank Corp,Singapore,"We are looking for a motivated Data Scientist to join our growing team. Responsibilities include: collaborate with engineering teams to productionize models using TensorFlow or PyTorch; design and evaluate A/B tests to measure product impact; build and deploy machine learning models to solve business problems. Requirements: hands-on experience with pandas, scikit-learn, and statistical modeling techniques; familiarity with deep learning frameworks such as TensorFlow or PyTorch. This role offers competitive benefits and a flexible work culture.",Junior (1-3 years),High School Diploma,"USD 160,000-220,000",Full-time,"['TensorFlow', 'PyTorch', 'Pandas', 'Scikit-learn', 'Machine Learning', 'Deep Learning']",6
100647,Backend Software Engineer,Prism Media Group,"New York, NY, USA","We are seeking a talented Backend Software Engineer who is passionate about delivering results. Responsibilities include: optimize PostgreSQL queries for performance at scale; write clean, testable code and participate in code reviews using Git; set up CI/CD pipelines to automate testing and deployment. Requirements: experience working with AWS cloud services; practical knowledge of Docker and Kubernetes for containerized deployments. We value continuous learning and provide support for career development.",Executive (12+ years),Diploma or equivalent professional certification,"EUR 35,000-55,000",Full-time,"['SQL', 'AWS', 'Kubernetes', 'Docker', 'Git', 'CI/CD']",6
100648,Frontend Developer,Orbital Systems,"Toronto, Canada","We are looking for a motivated Frontend Developer to join our growing team. Responsibilities include: translate Figma designs into pixel-perfect HTML and CSS; optimize bundle size and performance using Webpack; write unit tests with Jest to ensure code reliability. Requirements: hands-on experience with React and modern frontend tooling; strong command of JavaScript, HTML, and CSS. This is a great opportunity to make an impact in a fast-paced environment.",Entry level (0-1 years),Diploma or equivalent professional certification,"USD 160,000-220,000",Contract,"['JavaScript', 'React', 'Figma']",3
100649,UX/UI Designer,Riverside EdTech,"Seattle, WA, USA",Our company is hiring an experienced UX/UI Designer to support key initiatives. Responsibilities include: conduct user research and usability testing to inform design decisions; build and maintain a consistent design system across products; ensure designs meet accessibility standards. Requirements: strong portfolio demonstrating wireframing and prototyping skills; proficiency in Figma or Adobe XD. We offer a collaborative environment and opportunities for professional growth.,Senior (5-8 years),Master's Degree,"INR 1,600,000-2,800,000",Contract,['Figma'],1
100650,Customer Support Specialist,Orbital Systems,"Chennai, Tamil Nadu, India",We are looking for a motivated Customer Support Specialist to join our growing team. Responsibilities include: troubleshoot product issues and escalate complex cases when needed; handle escalation management for high-priority customer concerns; build strong product knowledge to resolve issues efficiently. Requirements: familiarity with ticketing systems such as Zendesk; prior experience in customer service or technical support. We value continuous learning and provide support for career development.,Junior (1-3 years),"Master's Degree in Data Science, Statistics, or related field","USD 45,000-75,000",Full-time,[],0
100651,UX/UI Designer,Meridian Health Solutions,"Seattle, WA, USA",We are looking for a motivated UX/UI Designer to join our growing team. Responsibilities include: create wireframes and interactive prototypes using Figma; build and maintain a consistent design system across products; conduct user research and usability testing to inform design decisions. Requirements: strong portfolio demonstrating wireframing and prototyping skills; experience conducting user research and usability testing. This role offers competitive benefits and a flexible work culture.,Junior (1-3 years),Bachelor's Degree in Computer Science or related field,"USD 160,000-220,000",Contract,['Figma'],1
100652,Financial Analyst,Crestview Realty,"Hyderabad, Telangana, India","Our company is hiring an experienced Financial Analyst to support key initiatives. Responsibilities include: use SQL to extract and analyze financial data from internal systems; ensure reporting complies with GAAP standards; create dashboards in Power BI to track key financial metrics. Requirements: experience with forecasting, budgeting, and variance analysis; familiarity with SQL and Power BI for financial reporting. This is a great opportunity to make an impact in a fast-paced environment.",Junior (1-3 years),Master's Degree in Business Administration (MBA),"GBP 28,000-45,000",Full-time,"['SQL', 'Power BI']",2
100653,UX/UI Designer,Fernwood Digital,"Hyderabad, Telangana, India",Join us as a UX/UI Designer and help drive our team's success. Responsibilities include: build and maintain a consistent design system across products; ensure designs meet accessibility standards; collaborate with product and engineering teams on interaction design. Requirements: understanding of accessibility and visual design principles; experience conducting user research and usability testing. This role offers competitive benefits and a flexible work culture.,Junior (1-3 years),Master's Degree,"USD 160,000-220,000",Full-time,[],0
100654,Data Scientist,Riverside EdTech,"Dubai, UAE",We are seeking a talented Data Scientist who is passionate about delivering results. Responsibilities include: analyze large datasets using Python and SQL to extract actionable insights; build and deploy machine learning models to solve business problems; design and evaluate A/B tests to measure product impact. Requirements: familiarity with deep learning frameworks such as TensorFlow or PyTorch; strong proficiency in Python and SQL. This is a great opportunity to make an impact in a fast-paced environment.,Lead (8-12 years),Master's Degree in Business Administration (MBA),"USD 110,000-160,000",Full-time,"['Python', 'SQL', 'TensorFlow', 'PyTorch', 'Machine Learning', 'Deep Learning']",6
100655,DevOps Engineer,Falconview Aerospace,"Pune, Maharashtra, India",Join us as a DevOps Engineer and help drive our team's success. Responsibilities include: set up monitoring and alerting to ensure system reliability; containerize applications using Docker and orchestrate them with Kubernetes; build and maintain CI/CD pipelines with Jenkins. Requirements: familiarity with monitoring and logging tools; strong experience with AWS and infrastructure-as-code tools like Terraform. We value continuous learning and provide support for career development.,Executive (12+ years),Bachelor's Degree,"USD 110,000-160,000",Contract,"['AWS', 'Kubernetes', 'Docker', 'CI/CD']",4
100656,UX/UI Designer,Ironwood Manufacturing,"Berlin, Germany",We are seeking a talented UX/UI Designer who is passionate about delivering results. Responsibilities include: ensure designs meet accessibility standards; collaborate with product and engineering teams on interaction design; build and maintain a consistent design system across products. Requirements: strong portfolio demonstrating wireframing and prototyping skills; understanding of accessibility and visual design principles. This role offers competitive benefits and a flexible work culture.,Executive (12+ years),Diploma or equivalent professional certification,"GBP 28,000-45,000",Full-time,[],0
100657,DevOps Engineer,Silverline Consulting,"San Francisco, CA, USA",Our company is hiring an experienced DevOps Engineer to support key initiatives. Responsibilities include: containerize applications using Docker and orchestrate them with Kubernetes; set up monitoring and alerting to ensure system reliability; automate configuration management with Ansible. Requirements: strong experience with AWS and infrastructure-as-code tools like Terraform; familiarity with monitoring and logging tools. We offer a collaborative environment and opportunities for professional growth.,Mid level (3-5 years),PhD or equivalent research experience,"INR 1,600,000-2,800,000",Full-time,"['AWS', 'Kubernetes', 'Docker']",3
100658,Digital Marketing Specialist,Silverline Consulting,"Berlin, Germany",We are seeking a talented Digital Marketing Specialist who is passionate about delivering results. Responsibilities include: create engaging content for email marketing and social media channels; run A/B tests to optimize conversion rates on landing pages; manage paid advertising campaigns across Google Ads and social media. Requirements: familiarity with marketing automation tools such as HubSpot; hands-on experience running PPC advertising campaigns. We value continuous learning and provide support for career development.,Lead (8-12 years),High School Diploma,"GBP 28,000-45,000",Full-time,[],0
100659,Product Manager,Prism Media Group,"Austin, TX, USA",We are seeking a talented Product Manager who is passionate about delivering results. Responsibilities include: own the product roadmap and prioritize features based on user research; run A/B tests to validate product hypotheses; communicate product strategy to stakeholders across the organization. Requirements: strong data analysis and prioritization skills; excellent stakeholder management and cross-functional leadership abilities. We offer a collaborative environment and opportunities for professional growth.,Junior (1-3 years),Diploma or equivalent professional certification,"USD 160,000-220,000",Full-time,[],0
100660,Digital Marketing Specialist,Nova Payments Inc,"San Francisco, CA, USA",Our company is hiring an experienced Digital Marketing Specialist to support key initiatives. Responsibilities include: analyze campaign performance using Google Analytics; manage paid advertising campaigns across Google Ads and social media; run A/B tests to optimize conversion rates on landing pages. Requirements: strong copywriting skills for content and email marketing; hands-on experience running PPC advertising campaigns. We value continuous learning and provide support for career development.,Entry level (0-1 years),"Master's Degree in Data Science, Statistics, or related field","USD 45,000-75,000",Full-time,[],0
100661,UX/UI Designer,Solstice Pharma,Remote,We are seeking a talented UX/UI Designer who is passionate about delivering results. Responsibilities include: conduct user research and usability testing to inform design decisions; build and maintain a consistent design system across products; create wireframes and interactive prototypes using Figma. Requirements: experience conducting user research and usability testing; proficiency in Figma or Adobe XD. This is a great opportunity to make an impact in a fast-paced environment.,Junior (1-3 years),Bachelor's Degree in Computer Science or related field,"GBP 45,000-75,000",Contract,['Figma'],1
100662,Business Analyst,Riverside EdTech,"Sydney, Australia",Our company is hiring an experienced Business Analyst to support key initiatives. Responsibilities include: analyze data using SQL and Excel to identify process improvements; work closely with Agile teams to translate requirements into user stories; build reports and dashboards in Power BI to support decision-making. Requirements: strong SQL and Excel skills for data analysis; familiarity with Agile delivery and documentation practices. This is a great opportunity to make an impact in a fast-paced environment.,Executive (12+ years),Bachelor's Degree in Computer Science or related field,"INR 1,600,000-2,800,000",Full-time,"['SQL', 'Power BI', 'Excel', 'Agile']",4
100663,UX/UI Designer,Solstice Pharma,"Toronto, Canada",Join us as a UX/UI Designer and help drive our team's success. Responsibilities include: collaborate with product and engineering teams on interaction design; create wireframes and interactive prototypes using Figma; ensure designs meet accessibility standards. Requirements: understanding of accessibility and visual design principles; experience conducting user research and usability testing. We offer a collaborative environment and opportunities for professional growth.,Entry level (0-1 years),"Master's Degree in Data Science, Statistics, or related field","USD 160,000-220,000",Full-time,['Figma'],1
100664,Human Resources Business Partner,Cobalt Retail Group,Singapore,We are seeking a talented Human Resources Business Partner who is passionate about delivering results. Responsibilities include: handle employee relations issues and conflict resolution; manage the employee onboarding process end to end; support performance management cycles and compensation planning. Requirements: understanding of labor law compliance requirements; strong stakeholder management and communication skills. This is a great opportunity to make an impact in a fast-paced environment.,Mid level (3-5 years),High School Diploma,"GBP 28,000-45,000",Contract,[],0
100665,UX/UI Designer,Zenith Marketing House,"Chicago, IL, USA",Our company is hiring an experienced UX/UI Designer to support key initiatives. Responsibilities include: build and maintain a consistent design system across products; collaborate with product and engineering teams on interaction design; create wireframes and interactive prototypes using Figma. Requirements: proficiency in Figma or Adobe XD; understanding of accessibility and visual design principles. We offer a collaborative environment and opportunities for professional growth.,Entry level (0-1 years),High School Diploma,"USD 110,000-160,000",Full-time,['Figma'],1
100666,Customer Support Specialist,Cascade Cloud Inc,"New York, NY, USA","We are seeking a talented Customer Support Specialist who is passionate about delivering results. Responsibilities include: respond to customer inquiries via email, live chat, and ticketing systems like Zendesk; troubleshoot product issues and escalate complex cases when needed; handle escalation management for high-priority customer concerns. Requirements: familiarity with ticketing systems such as Zendesk; prior experience in customer service or technical support. This is a great opportunity to make an impact in a fast-paced environment.",Mid level (3-5 years),Diploma or equivalent professional certification,"EUR 55,000-90,000",Full-time,[],0
100667,Data Scientist,Meridian Health Solutions,"New York, NY, USA","Our company is hiring an experienced Data Scientist to support key initiatives. Responsibilities include: design and evaluate A/B tests to measure product impact; build and deploy machine learning models to solve business problems; analyze large datasets using Python and SQL to extract actionable insights. Requirements: strong proficiency in Python and SQL; hands-on experience with pandas, scikit-learn, and statistical modeling techniques. We offer a collaborative environment and opportunities for professional growth.",Senior (5-8 years),Master's Degree in Business Administration (MBA),"USD 160,000-220,000",Full-time,"['Python', 'SQL', 'Pandas', 'Scikit-learn', 'Machine Learning']",5
100668,Frontend Developer,Prism Media Group,"Manchester, United Kingdom","Join us as a Frontend Developer and help drive our team's success. Responsibilities include: write unit tests with Jest to ensure code reliability; build responsive, accessible user interfaces using React and TypeScript; translate Figma designs into pixel-perfect HTML and CSS. Requirements: hands-on experience with React and modern frontend tooling; strong command of JavaScript, HTML, and CSS. This role offers competitive benefits and a flexible work culture.",Entry level (0-1 years),Bachelor's Degree in Computer Science or related field,"GBP 45,000-75,000",Full-time,"['JavaScript', 'React', 'Figma']",3
100669,Digital Marketing Specialist,Lumen Insurance,Remote,Our company is hiring an experienced Digital Marketing Specialist to support key initiatives. Responsibilities include: run A/B tests to optimize conversion rates on landing pages; create engaging content for email marketing and social media channels; manage paid advertising campaigns across Google Ads and social media. Requirements: hands-on experience running PPC advertising campaigns; proven experience with SEO and Google Analytics. This role offers competitive benefits and a flexible work culture.,Lead (8-12 years),Master's Degree in Business Administration (MBA),"EUR 35,000-55,000",Full-time,[],0
100670,Product Manager,Fernwood Digital,"London, United Kingdom",Join us as a Product Manager and help drive our team's success. Responsibilities include: analyze product data to inform strategic decisions; communicate product strategy to stakeholders across the organization; run A/B tests to validate product hypotheses. Requirements: experience owning product strategy and roadmap planning; strong data analysis and prioritization skills. We offer a collaborative environment and opportunities for professional growth.,Junior (1-3 years),"Master's Degree in Data Science, Statistics, or related field","EUR 35,000-55,000",Full-time,[],0
100671,Digital Marketing Specialist,Crestview Realty,"Toronto, Canada",Our company is hiring an experienced Digital Marketing Specialist to support key initiatives. Responsibilities include: create engaging content for email marketing and social media channels; manage paid advertising campaigns across Google Ads and social media; plan and execute SEO strategies to improve organic search rankings. Requirements: familiarity with marketing automation tools such as HubSpot; hands-on experience running PPC advertising campaigns. This is a great opportunity to make an impact in a fast-paced environment.,Executive (12+ years),Master's Degree in Business Administration (MBA),"INR 1,600,000-2,800,000",Full-time,[],0
100672,Supply Chain Coordinator,Meridian Health Solutions,Singapore,Our company is hiring an experienced Supply Chain Coordinator to support key initiatives. Responsibilities include: support demand planning to optimize stock levels; communicate with logistics partners to ensure timely deliveries; identify opportunities for process improvement and cost analysis. Requirements: experience in logistics coordination and inventory management; strong Excel skills for demand planning and cost analysis. This role offers competitive benefits and a flexible work culture.,Executive (12+ years),High School Diploma,"USD 160,000-220,000",Full-time,['Excel'],1
100673,Product Manager,Lumen Insurance,"Amsterdam, Netherlands",We are seeking a talented Product Manager who is passionate about delivering results. Responsibilities include: analyze product data to inform strategic decisions; communicate product strategy to stakeholders across the organization; own the product roadmap and prioritize features based on user research. Requirements: strong data analysis and prioritization skills; experience owning product strategy and roadmap planning. We offer a collaborative environment and opportunities for professional growth.,Mid level (3-5 years),Bachelor's Degree,"USD 75,000-110,000",Full-time,[],0
100674,Product Manager,Nimbus Analytics,"Pune, Maharashtra, India",We are seeking a talented Product Manager who is passionate about delivering results. Responsibilities include: analyze product data to inform strategic decisions; work with engineering and design teams in an Agile environment using Jira; communicate product strategy to stakeholders across the organization. Requirements: experience owning product strategy and roadmap planning; excellent stakeholder management and cross-functional leadership abilities. We value continuous learning and provide support for career development.,Executive (12+ years),Diploma or equivalent professional certification,"INR 1,600,000-2,800,000",Full-time,"['Jira', 'Agile']",2
100675,Backend Software Engineer,Quartz Data Systems,"Chennai, Tamil Nadu, India","Join us as a Backend Software Engineer and help drive our team's success. Responsibilities include: design and build scalable REST APIs using Java and Spring Boot; optimize PostgreSQL queries for performance at scale; write clean, testable code and participate in code reviews using Git. Requirements: practical knowledge of Docker and Kubernetes for containerized deployments; experience working with AWS cloud services. This is a great opportunity to make an impact in a fast-paced environment.",Executive (12+ years),Diploma or equivalent professional certification,"GBP 28,000-45,000",Full-time,"['SQL', 'Java', 'AWS', 'Kubernetes', 'Docker', 'Git', 'Spring Boot']",7
100676,Frontend Developer,Redwood Robotics,"Austin, TX, USA","We are looking for a motivated Frontend Developer to join our growing team. Responsibilities include: translate Figma designs into pixel-perfect HTML and CSS; manage application state using Redux; build responsive, accessible user interfaces using React and TypeScript. Requirements: experience collaborating with designers using tools like Figma; strong command of JavaScript, HTML, and CSS. We offer a collaborative environment and opportunities for professional growth.",Junior (1-3 years),High School Diploma,"EUR 35,000-55,000",Contract,"['JavaScript', 'React', 'Figma']",3
100677,Supply Chain Coordinator,Riverside EdTech,"Mumbai, Maharashtra, India",Our company is hiring an experienced Supply Chain Coordinator to support key initiatives. Responsibilities include: work with SAP to manage procurement and vendor management processes; coordinate inventory management and shipment tracking across warehouses; support demand planning to optimize stock levels. Requirements: hands-on knowledge of SAP or similar ERP systems; experience with vendor management and procurement. We offer a collaborative environment and opportunities for professional growth.,Junior (1-3 years),Diploma or equivalent professional certification,"INR 800,000-1,600,000",Full-time,['SAP'],1
100678,Supply Chain Coordinator,Bramble Retailers,"Berlin, Germany",We are seeking a talented Supply Chain Coordinator who is passionate about delivering results. Responsibilities include: identify opportunities for process improvement and cost analysis; coordinate inventory management and shipment tracking across warehouses; support demand planning to optimize stock levels. Requirements: experience in logistics coordination and inventory management; experience with vendor management and procurement. This is a great opportunity to make an impact in a fast-paced environment.,Executive (12+ years),Bachelor's Degree,"INR 1,600,000-2,800,000",Full-time,[],0
100679,DevOps Engineer,Nova Payments Inc,"San Francisco, CA, USA",We are looking for a motivated DevOps Engineer to join our growing team. Responsibilities include: automate configuration management with Ansible; manage cloud infrastructure on AWS using Terraform; set up monitoring and alerting to ensure system reliability. Requirements: experience building CI/CD pipelines and automation scripts in Python; strong experience with AWS and infrastructure-as-code tools like Terraform. We offer a collaborative environment and opportunities for professional growth.,Junior (1-3 years),Master's Degree,"USD 75,000-110,000",Full-time,"['Python', 'AWS', 'CI/CD']",3
100680,DevOps Engineer,Willowbrook Hospitality,"Hyderabad, Telangana, India",We are looking for a motivated DevOps Engineer to join our growing team. Responsibilities include: automate configuration management with Ansible; manage cloud infrastructure on AWS using Terraform; build and maintain CI/CD pipelines with Jenkins. Requirements: experience building CI/CD pipelines and automation scripts in Python; familiarity with monitoring and logging tools. This role offers competitive benefits and a flexible work culture.,Executive (12+ years),Bachelor's Degree in Computer Science or related field,"USD 110,000-160,000",Contract,"['Python', 'AWS', 'CI/CD']",3
100681,Business Analyst,Vertex Financial Services,"Amsterdam, Netherlands",Our company is hiring an experienced Business Analyst to support key initiatives. Responsibilities include: gather and document business requirements from stakeholders; create process maps to visualize current and future state workflows; analyze data using SQL and Excel to identify process improvements. Requirements: strong SQL and Excel skills for data analysis; experience in requirements gathering and process mapping. This is a great opportunity to make an impact in a fast-paced environment.,Senior (5-8 years),Bachelor's Degree,"USD 160,000-220,000",Full-time,"['SQL', 'Excel']",2
100682,Supply Chain Coordinator,Prism Media Group,"Mumbai, Maharashtra, India",We are seeking a talented Supply Chain Coordinator who is passionate about delivering results. Responsibilities include: communicate with logistics partners to ensure timely deliveries; support demand planning to optimize stock levels; coordinate inventory management and shipment tracking across warehouses. Requirements: experience in logistics coordination and inventory management; experience with vendor management and procurement. This is a great opportunity to make an impact in a fast-paced environment.,Senior (5-8 years),Master's Degree,"USD 75,000-110,000",Full-time,[],0
100683,Digital Marketing Specialist,Riverside EdTech,"Dubai, UAE",We are looking for a motivated Digital Marketing Specialist to join our growing team. Responsibilities include: run A/B tests to optimize conversion rates on landing pages; analyze campaign performance using Google Analytics; create engaging content for email marketing and social media channels. Requirements: familiarity with marketing automation tools such as HubSpot; strong copywriting skills for content and email marketing. This role offers competitive benefits and a flexible work culture.,Entry level (0-1 years),Bachelor's Degree in Computer Science or related field,"INR 400,000-800,000",Full-time,[],0
100684,Human Resources Business Partner,Meridian Health Solutions,"Sydney, Australia",Join us as a Human Resources Business Partner and help drive our team's success. Responsibilities include: partner with department leaders on talent acquisition and workforce planning; handle employee relations issues and conflict resolution; ensure labor law compliance across all HR processes. Requirements: understanding of labor law compliance requirements; working knowledge of HRIS systems and performance management processes. This role offers competitive benefits and a flexible work culture.,Executive (12+ years),"Master's Degree in Data Science, Statistics, or related field","EUR 55,000-90,000",Part-time,[],0
100685,Customer Support Specialist,Pinecrest Energy,"Mumbai, Maharashtra, India",Our company is hiring an experienced Customer Support Specialist to support key initiatives. Responsibilities include: build strong product knowledge to resolve issues efficiently; troubleshoot product issues and escalate complex cases when needed; maintain accurate records in the CRM software. Requirements: prior experience in customer service or technical support; experience using CRM software to track customer interactions. This role offers competitive benefits and a flexible work culture.,Lead (8-12 years),Bachelor's Degree,"INR 400,000-800,000",Full-time,[],0
100686,Human Resources Business Partner,Redwood Robotics,"Chicago, IL, USA",We are looking for a motivated Human Resources Business Partner to join our growing team. Responsibilities include: manage the employee onboarding process end to end; support performance management cycles and compensation planning; handle employee relations issues and conflict resolution. Requirements: strong stakeholder management and communication skills; experience in talent acquisition and employee relations. We value continuous learning and provide support for career development.,Senior (5-8 years),Master's Degree,"EUR 55,000-90,000",Full-time,[],0
100687,Human Resources Business Partner,Crestview Realty,"Bengaluru, Karnataka, India",Our company is hiring an experienced Human Resources Business Partner to support key initiatives. Responsibilities include: handle employee relations issues and conflict resolution; ensure labor law compliance across all HR processes; partner with department leaders on talent acquisition and workforce planning. Requirements: working knowledge of HRIS systems and performance management processes; strong stakeholder management and communication skills. We offer a collaborative environment and opportunities for professional growth.,Senior (5-8 years),Master's Degree in Business Administration (MBA),"USD 45,000-75,000",Full-time,[],0
100688,Supply Chain Coordinator,Northgate Logistics,Remote,We are seeking a talented Supply Chain Coordinator who is passionate about delivering results. Responsibilities include: work with SAP to manage procurement and vendor management processes; identify opportunities for process improvement and cost analysis; support demand planning to optimize stock levels. Requirements: experience in logistics coordination and inventory management; experience with vendor management and procurement. This is a great opportunity to make an impact in a fast-paced environment.,Junior (1-3 years),PhD or equivalent research experience,"GBP 45,000-75,000",Full-time,['SAP'],1
100689,Backend Software Engineer,Vertex Financial Services,"Bengaluru, Karnataka, India",We are looking for a motivated Backend Software Engineer to join our growing team. Responsibilities include: develop and maintain microservices deployed on Kubernetes; optimize PostgreSQL queries for performance at scale; design and build scalable REST APIs using Java and Spring Boot. Requirements: solid experience with Java and Spring Boot; practical knowledge of Docker and Kubernetes for containerized deployments. This is a great opportunity to make an impact in a fast-paced environment.,Junior (1-3 years),Master's Degree,"USD 110,000-160,000",Full-time,"['SQL', 'Java', 'Kubernetes', 'Docker', 'Spring Boot']",5
100690,Digital Marketing Specialist,Meridian Health Solutions,"New York, NY, USA",We are seeking a talented Digital Marketing Specialist who is passionate about delivering results. Responsibilities include: run A/B tests to optimize conversion rates on landing pages; create engaging content for email marketing and social media channels; analyze campaign performance using Google Analytics. Requirements: hands-on experience running PPC advertising campaigns; familiarity with marketing automation tools such as HubSpot. This is a great opportunity to make an impact in a fast-paced environment.,Junior (1-3 years),Master's Degree,"INR 400,000-800,000",Full-time,[],0
100691,Backend Software Engineer,Ironwood Manufacturing,"London, United Kingdom",Join us as a Backend Software Engineer and help drive our team's success. Responsibilities include: develop and maintain microservices deployed on Kubernetes; set up CI/CD pipelines to automate testing and deployment; design and build scalable REST APIs using Java and Spring Boot. Requirements: understanding of CI/CD pipelines and version control with Git; practical knowledge of Docker and Kubernetes for containerized deployments. We offer a collaborative environment and opportunities for professional growth.,Senior (5-8 years),Diploma or equivalent professional certification,"INR 1,600,000-2,800,000",Full-time,"['Java', 'Kubernetes', 'Docker', 'Git', 'CI/CD', 'Spring Boot']",6
100692,Digital Marketing Specialist,Delta Freight Solutions,"Amsterdam, Netherlands",Join us as a Digital Marketing Specialist and help drive our team's success. Responsibilities include: create engaging content for email marketing and social media channels; analyze campaign performance using Google Analytics; manage paid advertising campaigns across Google Ads and social media. Requirements: strong copywriting skills for content and email marketing; hands-on experience running PPC advertising campaigns. This is a great opportunity to make an impact in a fast-paced environment.,Executive (12+ years),Bachelor's Degree in Computer Science or related field,"INR 400,000-800,000",Full-time,[],0
100693,Backend Software Engineer,Prism Media Group,"Chennai, Tamil Nadu, India","We are looking for a motivated Backend Software Engineer to join our growing team. Responsibilities include: design and build scalable REST APIs using Java and Spring Boot; write clean, testable code and participate in code reviews using Git; develop and maintain microservices deployed on Kubernetes. Requirements: understanding of CI/CD pipelines and version control with Git; practical knowledge of Docker and Kubernetes for containerized deployments. This is a great opportunity to make an impact in a fast-paced environment.",Junior (1-3 years),Bachelor's Degree in Computer Science or related field,"USD 160,000-220,000",Part-time,"['Java', 'Kubernetes', 'Docker', 'Git', 'CI/CD', 'Spring Boot']",6
100694,UX/UI Designer,Ironwood Manufacturing,"London, United Kingdom",We are looking for a motivated UX/UI Designer to join our growing team. Responsibilities include: conduct user research and usability testing to inform design decisions; collaborate with product and engineering teams on interaction design; build and maintain a consistent design system across products. Requirements: proficiency in Figma or Adobe XD; strong portfolio demonstrating wireframing and prototyping skills. This is a great opportunity to make an impact in a fast-paced environment.,Executive (12+ years),Bachelor's Degree,"INR 1,600,000-2,800,000",Full-time,['Figma'],1
100695,Digital Marketing Specialist,Riverside EdTech,"Boston, MA, USA",Join us as a Digital Marketing Specialist and help drive our team's success. Responsibilities include: create engaging content for email marketing and social media channels; manage paid advertising campaigns across Google Ads and social media; plan and execute SEO strategies to improve organic search rankings. Requirements: familiarity with marketing automation tools such as HubSpot; proven experience with SEO and Google Analytics. We value continuous learning and provide support for career development.,Senior (5-8 years),"Master's Degree in Data Science, Statistics, or related field","USD 45,000-75,000",Full-time,[],0
100696,Supply Chain Coordinator,Quartz Data Systems,Remote,Join us as a Supply Chain Coordinator and help drive our team's success. Responsibilities include: work with SAP to manage procurement and vendor management processes; support demand planning to optimize stock levels; coordinate inventory management and shipment tracking across warehouses. Requirements: hands-on knowledge of SAP or similar ERP systems; experience in logistics coordination and inventory management. We offer a collaborative environment and opportunities for professional growth.,Executive (12+ years),Bachelor's Degree in Computer Science or related field,"INR 400,000-800,000",Full-time,['SAP'],1
100697,Backend Software Engineer,Crestview Realty,"London, United Kingdom",Our company is hiring an experienced Backend Software Engineer to support key initiatives. Responsibilities include: set up CI/CD pipelines to automate testing and deployment; develop and maintain microservices deployed on Kubernetes; optimize PostgreSQL queries for performance at scale. Requirements: experience working with AWS cloud services; understanding of CI/CD pipelines and version control with Git. We value continuous learning and provide support for career development.,Lead (8-12 years),Bachelor's Degree,"GBP 45,000-75,000",Full-time,"['SQL', 'AWS', 'Kubernetes', 'Git', 'CI/CD']",5
100698,Customer Support Specialist,Zenith Marketing House,Remote,"We are looking for a motivated Customer Support Specialist to join our growing team. Responsibilities include: respond to customer inquiries via email, live chat, and ticketing systems like Zendesk; maintain accurate records in the CRM software; handle escalation management for high-priority customer concerns. Requirements: strong communication and conflict resolution skills; experience using CRM software to track customer interactions. This role offers competitive benefits and a flexible work culture.",Lead (8-12 years),Master's Degree in Business Administration (MBA),"INR 1,600,000-2,800,000",Contract,[],0
100699,UX/UI Designer,Cascade Cloud Inc,"Chicago, IL, USA",We are looking for a motivated UX/UI Designer to join our growing team. Responsibilities include: conduct user research and usability testing to inform design decisions; collaborate with product and engineering teams on interaction design; build and maintain a consistent design system across products. Requirements: understanding of accessibility and visual design principles; experience conducting user research and usability testing. We value continuous learning and provide support for career development.,Junior (1-3 years),Diploma or equivalent professional certification,"USD 45,000-75,000",Full-time,[],0
100700,UX/UI Designer,Lumen Insurance,"Delhi, India",Join us as a UX/UI Designer and help drive our team's success. Responsibilities include: create wireframes and interactive prototypes using Figma; conduct user research and usability testing to inform design decisions; ensure designs meet accessibility standards. Requirements: proficiency in Figma or Adobe XD; strong portfolio demonstrating wireframing and prototyping skills. This role offers competitive benefits and a flexible work culture.,Junior (1-3 years),Bachelor's Degree in Computer Science or related field,"USD 160,000-220,000",Full-time,['Figma'],1
100701,Data Scientist,Falconview Aerospace,"Delhi, India","Join us as a Data Scientist and help drive our team's success. Responsibilities include: create dashboards and visualizations to communicate findings to stakeholders; build and deploy machine learning models to solve business problems; design and evaluate A/B tests to measure product impact. Requirements: hands-on experience with pandas, scikit-learn, and statistical modeling techniques; strong proficiency in Python and SQL. We value continuous learning and provide support for career development.",Junior (1-3 years),Master's Degree in Business Administration (MBA),"INR 1,600,000-2,800,000",Contract,"['Python', 'SQL', 'Pandas', 'Scikit-learn', 'Machine Learning']",5
100702,Backend Software Engineer,Cascade Cloud Inc,"Hyderabad, Telangana, India","Our company is hiring an experienced Backend Software Engineer to support key initiatives. Responsibilities include: set up CI/CD pipelines to automate testing and deployment; optimize PostgreSQL queries for performance at scale; write clean, testable code and participate in code reviews using Git. Requirements: solid experience with Java and Spring Boot; understanding of CI/CD pipelines and version control with Git. We offer a collaborative environment and opportunities for professional growth.",Mid level (3-5 years),High School Diploma,"EUR 35,000-55,000",Full-time,"['SQL', 'Java', 'Git', 'CI/CD', 'Spring Boot']",5
100703,Digital Marketing Specialist,Riverside EdTech,"Mumbai, Maharashtra, India",We are looking for a motivated Digital Marketing Specialist to join our growing team. Responsibilities include: create engaging content for email marketing and social media channels; analyze campaign performance using Google Analytics; manage paid advertising campaigns across Google Ads and social media. Requirements: familiarity with marketing automation tools such as HubSpot; hands-on experience running PPC advertising campaigns. This is a great opportunity to make an impact in a fast-paced environment.,Entry level (0-1 years),Bachelor's Degree,"USD 160,000-220,000",Full-time,[],0
100704,Human Resources Business Partner,Ironwood Manufacturing,Remote,Join us as a Human Resources Business Partner and help drive our team's success. Responsibilities include: support performance management cycles and compensation planning; partner with department leaders on talent acquisition and workforce planning; manage the employee onboarding process end to end. Requirements: strong stakeholder management and communication skills; experience in talent acquisition and employee relations. We offer a collaborative environment and opportunities for professional growth.,Mid level (3-5 years),Master's Degree,"INR 800,000-1,600,000",Contract,[],0
100705,Product Manager,Granite Construction Group,"London, United Kingdom",We are looking for a motivated Product Manager to join our growing team. Responsibilities include: communicate product strategy to stakeholders across the organization; run A/B tests to validate product hypotheses; analyze product data to inform strategic decisions. Requirements: familiarity with Agile methodologies and tools like Jira; excellent stakeholder management and cross-functional leadership abilities. This is a great opportunity to make an impact in a fast-paced environment.,Junior (1-3 years),High School Diploma,"EUR 35,000-55,000",Part-time,"['Jira', 'Agile']",2
100706,Business Analyst,Amber Foods Co,Remote,Our company is hiring an experienced Business Analyst to support key initiatives. Responsibilities include: gather and document business requirements from stakeholders; create process maps to visualize current and future state workflows; work closely with Agile teams to translate requirements into user stories. Requirements: familiarity with Agile delivery and documentation practices; experience in requirements gathering and process mapping. We value continuous learning and provide support for career development.,Lead (8-12 years),PhD or equivalent research experience,"EUR 55,000-90,000",Contract,['Agile'],1
100707,Supply Chain Coordinator,Silverline Consulting,"San Francisco, CA, USA",Join us as a Supply Chain Coordinator and help drive our team's success. Responsibilities include: identify opportunities for process improvement and cost analysis; coordinate inventory management and shipment tracking across warehouses; support demand planning to optimize stock levels. Requirements: experience with vendor management and procurement; hands-on knowledge of SAP or similar ERP systems. This role offers competitive benefits and a flexible work culture.,Senior (5-8 years),Bachelor's Degree,"INR 800,000-1,600,000",Full-time,['SAP'],1
100708,UX/UI Designer,Cobalt Retail Group,"Berlin, Germany",Join us as a UX/UI Designer and help drive our team's success. Responsibilities include: conduct user research and usability testing to inform design decisions; build and maintain a consistent design system across products; collaborate with product and engineering teams on interaction design. Requirements: understanding of accessibility and visual design principles; strong portfolio demonstrating wireframing and prototyping skills. This is a great opportunity to make an impact in a fast-paced environment.,Executive (12+ years),High School Diploma,"USD 110,000-160,000",Contract,[],0
100709,Backend Software Engineer,Redwood Robotics,Remote,"We are looking for a motivated Backend Software Engineer to join our growing team. Responsibilities include: design and build scalable REST APIs using Java and Spring Boot; set up CI/CD pipelines to automate testing and deployment; write clean, testable code and participate in code reviews using Git. Requirements: solid experience with Java and Spring Boot; understanding of CI/CD pipelines and version control with Git. We value continuous learning and provide support for career development.",Junior (1-3 years),Master's Degree,"USD 110,000-160,000",Full-time,"['Java', 'Git', 'CI/CD', 'Spring Boot']",4
100710,Financial Analyst,Riverside EdTech,"Austin, TX, USA",We are looking for a motivated Financial Analyst to join our growing team. Responsibilities include: prepare monthly financial reporting and variance analysis; create dashboards in Power BI to track key financial metrics; build financial models to support budgeting and forecasting. Requirements: familiarity with SQL and Power BI for financial reporting; advanced Excel skills including financial modeling. We offer a collaborative environment and opportunities for professional growth.,Mid level (3-5 years),Diploma or equivalent professional certification,"EUR 55,000-90,000",Full-time,"['SQL', 'Power BI', 'Excel']",3
100711,Supply Chain Coordinator,Prism Media Group,"London, United Kingdom",Join us as a Supply Chain Coordinator and help drive our team's success. Responsibilities include: work with SAP to manage procurement and vendor management processes; communicate with logistics partners to ensure timely deliveries; identify opportunities for process improvement and cost analysis. Requirements: experience in logistics coordination and inventory management; hands-on knowledge of SAP or similar ERP systems. We offer a collaborative environment and opportunities for professional growth.,Executive (12+ years),PhD or equivalent research experience,"EUR 55,000-90,000",Internship,['SAP'],1
100712,Backend Software Engineer,Fernwood Digital,"Seattle, WA, USA","We are seeking a talented Backend Software Engineer who is passionate about delivering results. Responsibilities include: develop and maintain microservices deployed on Kubernetes; write clean, testable code and participate in code reviews using Git; optimize PostgreSQL queries for performance at scale. Requirements: solid experience with Java and Spring Boot; practical knowledge of Docker and Kubernetes for containerized deployments. We offer a collaborative environment and opportunities for professional growth.",Junior (1-3 years),Bachelor's Degree,"EUR 35,000-55,000",Part-time,"['SQL', 'Java', 'Kubernetes', 'Docker', 'Git', 'Spring Boot']",6
100713,Business Analyst,Zenith Marketing House,"New York, NY, USA",Our company is hiring an experienced Business Analyst to support key initiatives. Responsibilities include: work closely with Agile teams to translate requirements into user stories; analyze data using SQL and Excel to identify process improvements; gather and document business requirements from stakeholders. Requirements: excellent stakeholder management and problem-solving skills; experience in requirements gathering and process mapping. This is a great opportunity to make an impact in a fast-paced environment.,Senior (5-8 years),"Master's Degree in Data Science, Statistics, or related field","INR 800,000-1,600,000",Contract,"['SQL', 'Excel', 'Agile']",3
100714,Human Resources Business Partner,Cobalt Retail Group,"Chicago, IL, USA",We are seeking a talented Human Resources Business Partner who is passionate about delivering results. Responsibilities include: manage the employee onboarding process end to end; partner with department leaders on talent acquisition and workforce planning; handle employee relations issues and conflict resolution. Requirements: strong stakeholder management and communication skills; working knowledge of HRIS systems and performance management processes. We offer a collaborative environment and opportunities for professional growth.,Senior (5-8 years),Diploma or equivalent professional certification,"USD 110,000-160,000",Contract,[],0
100715,Digital Marketing Specialist,Granite Construction Group,Singapore,Join us as a Digital Marketing Specialist and help drive our team's success. Responsibilities include: plan and execute SEO strategies to improve organic search rankings; analyze campaign performance using Google Analytics; run A/B tests to optimize conversion rates on landing pages. Requirements: hands-on experience running PPC advertising campaigns; strong copywriting skills for content and email marketing. This role offers competitive benefits and a flexible work culture.,Junior (1-3 years),Diploma or equivalent professional certification,"INR 400,000-800,000",Full-time,[],0
100716,UX/UI Designer,Falconview Aerospace,"Bengaluru, Karnataka, India",We are seeking a talented UX/UI Designer who is passionate about delivering results. Responsibilities include: create wireframes and interactive prototypes using Figma; conduct user research and usability testing to inform design decisions; build and maintain a consistent design system across products. Requirements: understanding of accessibility and visual design principles; proficiency in Figma or Adobe XD. This is a great opportunity to make an impact in a fast-paced environment.,Junior (1-3 years),Diploma or equivalent professional certification,"INR 1,600,000-2,800,000",Internship,['Figma'],1
100717,Supply Chain Coordinator,Redwood Robotics,"Boston, MA, USA",We are seeking a talented Supply Chain Coordinator who is passionate about delivering results. Responsibilities include: support demand planning to optimize stock levels; work with SAP to manage procurement and vendor management processes; communicate with logistics partners to ensure timely deliveries. Requirements: experience with vendor management and procurement; experience in logistics coordination and inventory management. This role offers competitive benefits and a flexible work culture.,Senior (5-8 years),Bachelor's Degree,"GBP 45,000-75,000",Part-time,['SAP'],1
100718,Human Resources Business Partner,Riverside EdTech,Singapore,Our company is hiring an experienced Human Resources Business Partner to support key initiatives. Responsibilities include: ensure labor law compliance across all HR processes; manage the employee onboarding process end to end; support performance management cycles and compensation planning. Requirements: understanding of labor law compliance requirements; working knowledge of HRIS systems and performance management processes. This role offers competitive benefits and a flexible work culture.,Entry level (0-1 years),Master's Degree in Business Administration (MBA),"GBP 28,000-45,000",Contract,[],0
100719,DevOps Engineer,Vertex Financial Services,"New York, NY, USA","We are looking for a motivated DevOps Engineer to join our growing team. Responsibilities include: build and maintain CI/CD pipelines with Jenkins; automate configuration management with Ansible; set up monitoring and alerting to ensure system reliability. Requirements: hands-on knowledge of Docker, Kubernetes, and Linux administration; strong experience with AWS and infrastructure-as-code tools like Terraform. We offer a collaborative environment and opportunities for professional growth.",Entry level (0-1 years),"Master's Degree in Data Science, Statistics, or related field","EUR 35,000-55,000",Part-time,"['AWS', 'Kubernetes', 'Docker', 'CI/CD']",4
100720,Human Resources Business Partner,Redwood Robotics,"Delhi, India",Join us as a Human Resources Business Partner and help drive our team's success. Responsibilities include: manage the employee onboarding process end to end; support performance management cycles and compensation planning; partner with department leaders on talent acquisition and workforce planning. Requirements: experience in talent acquisition and employee relations; understanding of labor law compliance requirements. This role offers competitive benefits and a flexible work culture.,Entry level (0-1 years),"Master's Degree in Data Science, Statistics, or related field","EUR 35,000-55,000",Internship,[],0
100721,Financial Analyst,Redwood Robotics,"Chicago, IL, USA","We are looking for a motivated Financial Analyst to join our growing team. Responsibilities include: create dashboards in Power BI to track key financial metrics; ensure reporting complies with GAAP standards; prepare monthly financial reporting and variance analysis. Requirements: understanding of GAAP and risk analysis principles; experience with forecasting, budgeting, and variance analysis. We offer a collaborative environment and opportunities for professional growth.",Junior (1-3 years),PhD or equivalent research experience,"EUR 55,000-90,000",Full-time,['Power BI'],1
100722,Backend Software Engineer,Orbital Systems,"Pune, Maharashtra, India","Join us as a Backend Software Engineer and help drive our team's success. Responsibilities include: write clean, testable code and participate in code reviews using Git; design and build scalable REST APIs using Java and Spring Boot; optimize PostgreSQL queries for performance at scale. Requirements: practical knowledge of Docker and Kubernetes for containerized deployments; understanding of CI/CD pipelines and version control with Git. This is a great opportunity to make an impact in a fast-paced environment.",Executive (12+ years),Master's Degree,"USD 45,000-75,000",Full-time,"['SQL', 'Java', 'Kubernetes', 'Docker', 'Git', 'CI/CD', 'Spring Boot']",7
100723,Supply Chain Coordinator,Quartz Data Systems,"Manchester, United Kingdom",We are looking for a motivated Supply Chain Coordinator to join our growing team. Responsibilities include: communicate with logistics partners to ensure timely deliveries; work with SAP to manage procurement and vendor management processes; identify opportunities for process improvement and cost analysis. Requirements: experience in logistics coordination and inventory management; hands-on knowledge of SAP or similar ERP systems. This is a great opportunity to make an impact in a fast-paced environment.,Junior (1-3 years),Bachelor's Degree,"INR 800,000-1,600,000",Full-time,['SAP'],1
100724,Backend Software Engineer,Anchor Bank Corp,Singapore,We are looking for a motivated Backend Software Engineer to join our growing team. Responsibilities include: develop and maintain microservices deployed on Kubernetes; optimize PostgreSQL queries for performance at scale; design and build scalable REST APIs using Java and Spring Boot. Requirements: understanding of CI/CD pipelines and version control with Git; practical knowledge of Docker and Kubernetes for containerized deployments. We offer a collaborative environment and opportunities for professional growth.,Executive (12+ years),Bachelor's Degree,"USD 160,000-220,000",Full-time,"['SQL', 'Java', 'Kubernetes', 'Docker', 'Git', 'CI/CD', 'Spring Boot']",7
100725,Data Scientist,Cobalt Retail Group,Singapore,"We are seeking a talented Data Scientist who is passionate about delivering results. Responsibilities include: build and deploy machine learning models to solve business problems; create dashboards and visualizations to communicate findings to stakeholders; collaborate with engineering teams to productionize models using TensorFlow or PyTorch. Requirements: familiarity with deep learning frameworks such as TensorFlow or PyTorch; hands-on experience with pandas, scikit-learn, and statistical modeling techniques. This role offers competitive benefits and a flexible work culture.",Junior (1-3 years),Bachelor's Degree,"GBP 45,000-75,000",Full-time,"['TensorFlow', 'PyTorch', 'Pandas', 'Scikit-learn', 'Machine Learning', 'Deep Learning']",6
100726,Financial Analyst,Amber Foods Co,"Mumbai, Maharashtra, India",Join us as a Financial Analyst and help drive our team's success. Responsibilities include: prepare monthly financial reporting and variance analysis; create dashboards in Power BI to track key financial metrics; use SQL to extract and analyze financial data from internal systems. Requirements: familiarity with SQL and Power BI for financial reporting; understanding of GAAP and risk analysis principles. We value continuous learning and provide support for career development.,Entry level (0-1 years),Master's Degree in Business Administration (MBA),"EUR 55,000-90,000",Full-time,"['SQL', 'Power BI']",2
100727,Business Analyst,Zenith Marketing House,"Berlin, Germany",We are looking for a motivated Business Analyst to join our growing team. Responsibilities include: analyze data using SQL and Excel to identify process improvements; work closely with Agile teams to translate requirements into user stories; build reports and dashboards in Power BI to support decision-making. Requirements: strong SQL and Excel skills for data analysis; experience in requirements gathering and process mapping. This role offers competitive benefits and a flexible work culture.,Entry level (0-1 years),High School Diploma,"USD 160,000-220,000",Full-time,"['SQL', 'Power BI', 'Excel', 'Agile']",4
100728,Business Analyst,Ironwood Manufacturing,"Austin, TX, USA",We are seeking a talented Business Analyst who is passionate about delivering results. Responsibilities include: create process maps to visualize current and future state workflows; build reports and dashboards in Power BI to support decision-making; work closely with Agile teams to translate requirements into user stories. Requirements: strong SQL and Excel skills for data analysis; excellent stakeholder management and problem-solving skills. This is a great opportunity to make an impact in a fast-paced environment.,Lead (8-12 years),PhD or equivalent research experience,"USD 75,000-110,000",Full-time,"['SQL', 'Power BI', 'Excel', 'Agile']",4
100729,Backend Software Engineer,Skyline Software Labs,Remote,"Our company is hiring an experienced Backend Software Engineer to support key initiatives. Responsibilities include: design and build scalable REST APIs using Java and Spring Boot; write clean, testable code and participate in code reviews using Git; set up CI/CD pipelines to automate testing and deployment. Requirements: practical knowledge of Docker and Kubernetes for containerized deployments; experience working with AWS cloud services. We value continuous learning and provide support for career development.",Executive (12+ years),Bachelor's Degree in Computer Science or related field,"GBP 45,000-75,000",Full-time,"['Java', 'AWS', 'Kubernetes', 'Docker', 'Git', 'CI/CD', 'Spring Boot']",7
100730,Business Analyst,Amber Foods Co,"Sydney, Australia",Our company is hiring an experienced Business Analyst to support key initiatives. Responsibilities include: create process maps to visualize current and future state workflows; build reports and dashboards in Power BI to support decision-making; analyze data using SQL and Excel to identify process improvements. Requirements: experience in requirements gathering and process mapping; familiarity with Agile delivery and documentation practices. This role offers competitive benefits and a flexible work culture.,Lead (8-12 years),Bachelor's Degree in Computer Science or related field,"INR 1,600,000-2,800,000",Contract,"['SQL', 'Power BI', 'Excel', 'Agile']",4
100731,Backend Software Engineer,Skyline Software Labs,"Hyderabad, Telangana, India","We are seeking a talented Backend Software Engineer who is passionate about delivering results. Responsibilities include: design and build scalable REST APIs using Java and Spring Boot; write clean, testable code and participate in code reviews using Git; develop and maintain microservices deployed on Kubernetes. Requirements: experience working with AWS cloud services; solid experience with Java and Spring Boot. This role offers competitive benefits and a flexible work culture.",Executive (12+ years),PhD or equivalent research experience,"USD 75,000-110,000",Full-time,"['Java', 'AWS', 'Kubernetes', 'Git', 'Spring Boot']",5
100732,Digital Marketing Specialist,Nimbus Analytics,"Hyderabad, Telangana, India",We are looking for a motivated Digital Marketing Specialist to join our growing team. Responsibilities include: manage paid advertising campaigns across Google Ads and social media; analyze campaign performance using Google Analytics; create engaging content for email marketing and social media channels. Requirements: familiarity with marketing automation tools such as HubSpot; proven experience with SEO and Google Analytics. We value continuous learning and provide support for career development.,Junior (1-3 years),PhD or equivalent research experience,"USD 75,000-110,000",Full-time,[],0
100733,UX/UI Designer,Pinecrest Energy,"Chicago, IL, USA",Our company is hiring an experienced UX/UI Designer to support key initiatives. Responsibilities include: build and maintain a consistent design system across products; collaborate with product and engineering teams on interaction design; conduct user research and usability testing to inform design decisions. Requirements: experience conducting user research and usability testing; understanding of accessibility and visual design principles. This is a great opportunity to make an impact in a fast-paced environment.,Lead (8-12 years),Bachelor's Degree,"USD 45,000-75,000",Full-time,[],0
100734,Product Manager,Pinecrest Energy,"Chennai, Tamil Nadu, India",Our company is hiring an experienced Product Manager to support key initiatives. Responsibilities include: work with engineering and design teams in an Agile environment using Jira; analyze product data to inform strategic decisions; run A/B tests to validate product hypotheses. Requirements: strong data analysis and prioritization skills; experience owning product strategy and roadmap planning. We value continuous learning and provide support for career development.,Executive (12+ years),Bachelor's Degree in Computer Science or related field,"EUR 55,000-90,000",Full-time,"['Jira', 'Agile']",2
100735,UX/UI Designer,Riverside EdTech,"San Francisco, CA, USA",Join us as a UX/UI Designer and help drive our team's success. Responsibilities include: build and maintain a consistent design system across products; collaborate with product and engineering teams on interaction design; ensure designs meet accessibility standards. Requirements: experience conducting user research and usability testing; proficiency in Figma or Adobe XD. This is a great opportunity to make an impact in a fast-paced environment.,Senior (5-8 years),Diploma or equivalent professional certification,"USD 110,000-160,000",Full-time,['Figma'],1
100736,Customer Support Specialist,Quartz Data Systems,"San Francisco, CA, USA","We are seeking a talented Customer Support Specialist who is passionate about delivering results. Responsibilities include: respond to customer inquiries via email, live chat, and ticketing systems like Zendesk; handle escalation management for high-priority customer concerns; build strong product knowledge to resolve issues efficiently. Requirements: familiarity with ticketing systems such as Zendesk; prior experience in customer service or technical support. This role offers competitive benefits and a flexible work culture.",Entry level (0-1 years),Master's Degree in Business Administration (MBA),"INR 1,600,000-2,800,000",Full-time,[],0
100737,Business Analyst,BluePeak Technologies,"Pune, Maharashtra, India",Join us as a Business Analyst and help drive our team's success. Responsibilities include: work closely with Agile teams to translate requirements into user stories; analyze data using SQL and Excel to identify process improvements; build reports and dashboards in Power BI to support decision-making. Requirements: excellent stakeholder management and problem-solving skills; familiarity with Agile delivery and documentation practices. We offer a collaborative environment and opportunities for professional growth.,Lead (8-12 years),Diploma or equivalent professional certification,"USD 45,000-75,000",Part-time,"['SQL', 'Power BI', 'Excel', 'Agile']",4
100738,Financial Analyst,Nimbus Analytics,"Dubai, UAE",We are seeking a talented Financial Analyst who is passionate about delivering results. Responsibilities include: prepare monthly financial reporting and variance analysis; build financial models to support budgeting and forecasting; use SQL to extract and analyze financial data from internal systems. Requirements: understanding of GAAP and risk analysis principles; advanced Excel skills including financial modeling. This role offers competitive benefits and a flexible work culture.,Executive (12+ years),High School Diploma,"INR 1,600,000-2,800,000",Full-time,"['SQL', 'Excel']",2
100739,Frontend Developer,Fernwood Digital,"Boston, MA, USA","Join us as a Frontend Developer and help drive our team's success. Responsibilities include: write unit tests with Jest to ensure code reliability; optimize bundle size and performance using Webpack; build responsive, accessible user interfaces using React and TypeScript. Requirements: familiarity with responsive design principles across devices; strong command of JavaScript, HTML, and CSS. We value continuous learning and provide support for career development.",Lead (8-12 years),"Master's Degree in Data Science, Statistics, or related field","USD 45,000-75,000",Contract,"['JavaScript', 'React']",2
100740,Supply Chain Coordinator,Northgate Logistics,"Amsterdam, Netherlands",Join us as a Supply Chain Coordinator and help drive our team's success. Responsibilities include: support demand planning to optimize stock levels; communicate with logistics partners to ensure timely deliveries; coordinate inventory management and shipment tracking across warehouses. Requirements: experience in logistics coordination and inventory management; strong Excel skills for demand planning and cost analysis. This is a great opportunity to make an impact in a fast-paced environment.,Entry level (0-1 years),Master's Degree in Business Administration (MBA),"INR 400,000-800,000",Contract,['Excel'],1
100741,DevOps Engineer,Nova Payments Inc,"Chicago, IL, USA","Join us as a DevOps Engineer and help drive our team's success. Responsibilities include: manage cloud infrastructure on AWS using Terraform; containerize applications using Docker and orchestrate them with Kubernetes; set up monitoring and alerting to ensure system reliability. Requirements: familiarity with monitoring and logging tools; hands-on knowledge of Docker, Kubernetes, and Linux administration. We value continuous learning and provide support for career development.",Executive (12+ years),High School Diploma,"GBP 28,000-45,000",Internship,"['AWS', 'Kubernetes', 'Docker']",3
100742,Human Resources Business Partner,Orbital Systems,"Mumbai, Maharashtra, India",We are seeking a talented Human Resources Business Partner who is passionate about delivering results. Responsibilities include: partner with department leaders on talent acquisition and workforce planning; ensure labor law compliance across all HR processes; manage the employee onboarding process end to end. Requirements: understanding of labor law compliance requirements; experience in talent acquisition and employee relations. We offer a collaborative environment and opportunities for professional growth.,Executive (12+ years),Bachelor's Degree in Computer Science or related field,"INR 1,600,000-2,800,000",Full-time,[],0
100743,Customer Support Specialist,Anchor Bank Corp,"Chennai, Tamil Nadu, India",We are seeking a talented Customer Support Specialist who is passionate about delivering results. Responsibilities include: troubleshoot product issues and escalate complex cases when needed; build strong product knowledge to resolve issues efficiently; handle escalation management for high-priority customer concerns. Requirements: strong communication and conflict resolution skills; familiarity with ticketing systems such as Zendesk. We value continuous learning and provide support for career development.,Senior (5-8 years),High School Diploma,"USD 110,000-160,000",Full-time,[],0
100744,Financial Analyst,Willowbrook Hospitality,"Delhi, India",Join us as a Financial Analyst and help drive our team's success. Responsibilities include: prepare monthly financial reporting and variance analysis; ensure reporting complies with GAAP standards; create dashboards in Power BI to track key financial metrics. Requirements: understanding of GAAP and risk analysis principles; advanced Excel skills including financial modeling. We value continuous learning and provide support for career development.,Mid level (3-5 years),Bachelor's Degree,"GBP 28,000-45,000",Full-time,"['Power BI', 'Excel']",2
100745,UX/UI Designer,Vertex Financial Services,"Hyderabad, Telangana, India",Join us as a UX/UI Designer and help drive our team's success. Responsibilities include: build and maintain a consistent design system across products; conduct user research and usability testing to inform design decisions; collaborate with product and engineering teams on interaction design. Requirements: proficiency in Figma or Adobe XD; understanding of accessibility and visual design principles. We value continuous learning and provide support for career development.,Entry level (0-1 years),Bachelor's Degree in Computer Science or related field,"INR 1,600,000-2,800,000",Full-time,['Figma'],1
100746,Backend Software Engineer,Lumen Insurance,"Vancouver, Canada",Join us as a Backend Software Engineer and help drive our team's success. Responsibilities include: optimize PostgreSQL queries for performance at scale; set up CI/CD pipelines to automate testing and deployment; design and build scalable REST APIs using Java and Spring Boot. Requirements: solid experience with Java and Spring Boot; understanding of CI/CD pipelines and version control with Git. We offer a collaborative environment and opportunities for professional growth.,Executive (12+ years),Bachelor's Degree in Computer Science or related field,"INR 800,000-1,600,000",Full-time,"['SQL', 'Java', 'Git', 'CI/CD', 'Spring Boot']",5
100747,Frontend Developer,Cobalt Retail Group,"Boston, MA, USA","We are seeking a talented Frontend Developer who is passionate about delivering results. Responsibilities include: write unit tests with Jest to ensure code reliability; build responsive, accessible user interfaces using React and TypeScript; translate Figma designs into pixel-perfect HTML and CSS. Requirements: experience collaborating with designers using tools like Figma; hands-on experience with React and modern frontend tooling. We value continuous learning and provide support for career development.",Executive (12+ years),Master's Degree,"USD 45,000-75,000",Full-time,"['React', 'Figma']",2
100748,Product Manager,Fernwood Digital,"Manchester, United Kingdom",We are seeking a talented Product Manager who is passionate about delivering results. Responsibilities include: own the product roadmap and prioritize features based on user research; run A/B tests to validate product hypotheses; analyze product data to inform strategic decisions. Requirements: familiarity with Agile methodologies and tools like Jira; strong data analysis and prioritization skills. This is a great opportunity to make an impact in a fast-paced environment.,Junior (1-3 years),Bachelor's Degree in Computer Science or related field,"USD 160,000-220,000",Full-time,"['Jira', 'Agile']",2
100749,DevOps Engineer,Redwood Robotics,"Hyderabad, Telangana, India",Our company is hiring an experienced DevOps Engineer to support key initiatives. Responsibilities include: build and maintain CI/CD pipelines with Jenkins; manage cloud infrastructure on AWS using Terraform; automate configuration management with Ansible. Requirements: familiarity with monitoring and logging tools; strong experience with AWS and infrastructure-as-code tools like Terraform. We value continuous learning and provide support for career development.,Lead (8-12 years),Bachelor's Degree in Computer Science or related field,"USD 160,000-220,000",Part-time,"['AWS', 'CI/CD']",2
100750,DevOps Engineer,Nova Payments Inc,"Chennai, Tamil Nadu, India",We are looking for a motivated DevOps Engineer to join our growing team. Responsibilities include: automate configuration management with Ansible; set up monitoring and alerting to ensure system reliability; containerize applications using Docker and orchestrate them with Kubernetes. Requirements: experience building CI/CD pipelines and automation scripts in Python; familiarity with monitoring and logging tools. This role offers competitive benefits and a flexible work culture.,Lead (8-12 years),Master's Degree,"USD 75,000-110,000",Full-time,"['Python', 'Kubernetes', 'Docker', 'CI/CD']",4
100751,DevOps Engineer,Prism Media Group,"Manchester, United Kingdom","We are looking for a motivated DevOps Engineer to join our growing team. Responsibilities include: containerize applications using Docker and orchestrate them with Kubernetes; manage cloud infrastructure on AWS using Terraform; build and maintain CI/CD pipelines with Jenkins. Requirements: experience building CI/CD pipelines and automation scripts in Python; hands-on knowledge of Docker, Kubernetes, and Linux administration. We value continuous learning and provide support for career development.",Lead (8-12 years),PhD or equivalent research experience,"EUR 55,000-90,000",Full-time,"['Python', 'AWS', 'Kubernetes', 'Docker', 'CI/CD']",5
100752,UX/UI Designer,Lumen Insurance,"San Francisco, CA, USA",We are looking for a motivated UX/UI Designer to join our growing team. Responsibilities include: conduct user research and usability testing to inform design decisions; build and maintain a consistent design system across products; ensure designs meet accessibility standards. Requirements: experience conducting user research and usability testing; proficiency in Figma or Adobe XD. We value continuous learning and provide support for career development.,Entry level (0-1 years),Bachelor's Degree in Computer Science or related field,"USD 45,000-75,000",Full-time,['Figma'],1
100753,Business Analyst,Orbital Systems,"Manchester, United Kingdom",We are seeking a talented Business Analyst who is passionate about delivering results. Responsibilities include: gather and document business requirements from stakeholders; work closely with Agile teams to translate requirements into user stories; create process maps to visualize current and future state workflows. Requirements: experience in requirements gathering and process mapping; familiarity with Agile delivery and documentation practices. This role offers competitive benefits and a flexible work culture.,Senior (5-8 years),"Master's Degree in Data Science, Statistics, or related field","INR 800,000-1,600,000",Full-time,['Agile'],1
100754,Human Resources Business Partner,Ironwood Manufacturing,"Boston, MA, USA",We are seeking a talented Human Resources Business Partner who is passionate about delivering results. Responsibilities include: manage the employee onboarding process end to end; support performance management cycles and compensation planning; partner with department leaders on talent acquisition and workforce planning. Requirements: experience in talent acquisition and employee relations; understanding of labor law compliance requirements. We offer a collaborative environment and opportunities for professional growth.,Lead (8-12 years),"Master's Degree in Data Science, Statistics, or related field","USD 160,000-220,000",Part-time,[],0
100755,Data Scientist,Pinecrest Energy,"Sydney, Australia",We are looking for a motivated Data Scientist to join our growing team. Responsibilities include: create dashboards and visualizations to communicate findings to stakeholders; design and evaluate A/B tests to measure product impact; analyze large datasets using Python and SQL to extract actionable insights. Requirements: experience with data visualization tools like Tableau or Power BI; strong proficiency in Python and SQL. This role offers competitive benefits and a flexible work culture.,Junior (1-3 years),Diploma or equivalent professional certification,"USD 75,000-110,000",Contract,"['Python', 'SQL', 'Power BI', 'Tableau']",4
100756,Data Scientist,Cobalt Retail Group,"New York, NY, USA","We are seeking a talented Data Scientist who is passionate about delivering results. Responsibilities include: design and evaluate A/B tests to measure product impact; collaborate with engineering teams to productionize models using TensorFlow or PyTorch; create dashboards and visualizations to communicate findings to stakeholders. Requirements: strong proficiency in Python and SQL; hands-on experience with pandas, scikit-learn, and statistical modeling techniques. We offer a collaborative environment and opportunities for professional growth.",Executive (12+ years),Master's Degree in Business Administration (MBA),"GBP 45,000-75,000",Full-time,"['Python', 'SQL', 'TensorFlow', 'PyTorch', 'Pandas', 'Scikit-learn']",6
100757,Product Manager,Lumen Insurance,"Berlin, Germany",We are seeking a talented Product Manager who is passionate about delivering results. Responsibilities include: work with engineering and design teams in an Agile environment using Jira; run A/B tests to validate product hypotheses; own the product roadmap and prioritize features based on user research. Requirements: experience owning product strategy and roadmap planning; strong data analysis and prioritization skills. This role offers competitive benefits and a flexible work culture.,Lead (8-12 years),High School Diploma,"USD 110,000-160,000",Internship,"['Jira', 'Agile']",2
100758,UX/UI Designer,Solstice Pharma,"London, United Kingdom",Join us as a UX/UI Designer and help drive our team's success. Responsibilities include: ensure designs meet accessibility standards; collaborate with product and engineering teams on interaction design; build and maintain a consistent design system across products. Requirements: understanding of accessibility and visual design principles; proficiency in Figma or Adobe XD. We value continuous learning and provide support for career development.,Lead (8-12 years),Bachelor's Degree,"USD 110,000-160,000",Full-time,['Figma'],1
100759,DevOps Engineer,Meridian Health Solutions,"Mumbai, Maharashtra, India","Join us as a DevOps Engineer and help drive our team's success. Responsibilities include: set up monitoring and alerting to ensure system reliability; containerize applications using Docker and orchestrate them with Kubernetes; build and maintain CI/CD pipelines with Jenkins. Requirements: hands-on knowledge of Docker, Kubernetes, and Linux administration; familiarity with monitoring and logging tools. We value continuous learning and provide support for career development.",Junior (1-3 years),High School Diploma,"GBP 45,000-75,000",Full-time,"['Kubernetes', 'Docker', 'CI/CD']",3
100760,Customer Support Specialist,Orbital Systems,"Delhi, India","We are looking for a motivated Customer Support Specialist to join our growing team. Responsibilities include: troubleshoot product issues and escalate complex cases when needed; maintain accurate records in the CRM software; respond to customer inquiries via email, live chat, and ticketing systems like Zendesk. Requirements: strong communication and conflict resolution skills; prior experience in customer service or technical support. This role offers competitive benefits and a flexible work culture.",Lead (8-12 years),Master's Degree,"INR 400,000-800,000",Full-time,[],0
100761,DevOps Engineer,Zenith Marketing House,"Hyderabad, Telangana, India","We are looking for a motivated DevOps Engineer to join our growing team. Responsibilities include: set up monitoring and alerting to ensure system reliability; containerize applications using Docker and orchestrate them with Kubernetes; automate configuration management with Ansible. Requirements: hands-on knowledge of Docker, Kubernetes, and Linux administration; familiarity with monitoring and logging tools. We value continuous learning and provide support for career development.",Mid level (3-5 years),"Master's Degree in Data Science, Statistics, or related field","INR 800,000-1,600,000",Full-time,"['Kubernetes', 'Docker']",2
100762,Human Resources Business Partner,BluePeak Technologies,"Sydney, Australia",Our company is hiring an experienced Human Resources Business Partner to support key initiatives. Responsibilities include: handle employee relations issues and conflict resolution; partner with department leaders on talent acquisition and workforce planning; ensure labor law compliance across all HR processes. Requirements: experience in talent acquisition and employee relations; strong stakeholder management and communication skills. This is a great opportunity to make an impact in a fast-paced environment.,Mid level (3-5 years),Master's Degree,"INR 400,000-800,000",Contract,[],0
100763,Supply Chain Coordinator,Skyline Software Labs,"Sydney, Australia",Our company is hiring an experienced Supply Chain Coordinator to support key initiatives. Responsibilities include: support demand planning to optimize stock levels; communicate with logistics partners to ensure timely deliveries; coordinate inventory management and shipment tracking across warehouses. Requirements: experience with vendor management and procurement; experience in logistics coordination and inventory management. This is a great opportunity to make an impact in a fast-paced environment.,Lead (8-12 years),Master's Degree,"GBP 28,000-45,000",Full-time,[],0
100764,DevOps Engineer,Falconview Aerospace,"Manchester, United Kingdom","Our company is hiring an experienced DevOps Engineer to support key initiatives. Responsibilities include: automate configuration management with Ansible; build and maintain CI/CD pipelines with Jenkins; manage cloud infrastructure on AWS using Terraform. Requirements: hands-on knowledge of Docker, Kubernetes, and Linux administration; experience building CI/CD pipelines and automation scripts in Python. This is a great opportunity to make an impact in a fast-paced environment.",Senior (5-8 years),Bachelor's Degree,"GBP 28,000-45,000",Full-time,"['Python', 'AWS', 'Kubernetes', 'Docker', 'CI/CD']",5
100765,UX/UI Designer,Meridian Health Solutions,"Sydney, Australia",Join us as a UX/UI Designer and help drive our team's success. Responsibilities include: ensure designs meet accessibility standards; create wireframes and interactive prototypes using Figma; conduct user research and usability testing to inform design decisions. Requirements: proficiency in Figma or Adobe XD; strong portfolio demonstrating wireframing and prototyping skills. This is a great opportunity to make an impact in a fast-paced environment.,Mid level (3-5 years),Bachelor's Degree in Computer Science or related field,"USD 110,000-160,000",Full-time,['Figma'],1
100766,DevOps Engineer,Silverline Consulting,"Sydney, Australia",We are looking for a motivated DevOps Engineer to join our growing team. Responsibilities include: automate configuration management with Ansible; set up monitoring and alerting to ensure system reliability; manage cloud infrastructure on AWS using Terraform. Requirements: strong experience with AWS and infrastructure-as-code tools like Terraform; familiarity with monitoring and logging tools. We offer a collaborative environment and opportunities for professional growth.,Entry level (0-1 years),Bachelor's Degree in Computer Science or related field,"USD 45,000-75,000",Temporary,['AWS'],1
100767,Frontend Developer,Northgate Logistics,"Pune, Maharashtra, India","We are looking for a motivated Frontend Developer to join our growing team. Responsibilities include: optimize bundle size and performance using Webpack; manage application state using Redux; write unit tests with Jest to ensure code reliability. Requirements: strong command of JavaScript, HTML, and CSS; experience collaborating with designers using tools like Figma. This role offers competitive benefits and a flexible work culture.",Executive (12+ years),High School Diploma,"USD 45,000-75,000",Full-time,"['JavaScript', 'Figma']",2
100768,Product Manager,Riverside EdTech,Singapore,Join us as a Product Manager and help drive our team's success. Responsibilities include: work with engineering and design teams in an Agile environment using Jira; communicate product strategy to stakeholders across the organization; own the product roadmap and prioritize features based on user research. Requirements: strong data analysis and prioritization skills; excellent stakeholder management and cross-functional leadership abilities. We offer a collaborative environment and opportunities for professional growth.,Junior (1-3 years),Master's Degree in Business Administration (MBA),"INR 800,000-1,600,000",Contract,"['Jira', 'Agile']",2
100769,Data Scientist,Solstice Pharma,"Bengaluru, Karnataka, India",Join us as a Data Scientist and help drive our team's success. Responsibilities include: analyze large datasets using Python and SQL to extract actionable insights; build and deploy machine learning models to solve business problems; collaborate with engineering teams to productionize models using TensorFlow or PyTorch. Requirements: strong proficiency in Python and SQL; experience with data visualization tools like Tableau or Power BI. This is a great opportunity to make an impact in a fast-paced environment.,Mid level (3-5 years),Bachelor's Degree,"GBP 45,000-75,000",Full-time,"['Python', 'SQL', 'Power BI', 'Tableau', 'TensorFlow', 'PyTorch', 'Machine Learning']",7
100770,Financial Analyst,Cobalt Retail Group,"Boston, MA, USA","We are looking for a motivated Financial Analyst to join our growing team. Responsibilities include: create dashboards in Power BI to track key financial metrics; prepare monthly financial reporting and variance analysis; build financial models to support budgeting and forecasting. Requirements: experience with forecasting, budgeting, and variance analysis; advanced Excel skills including financial modeling. We value continuous learning and provide support for career development.",Junior (1-3 years),PhD or equivalent research experience,"EUR 55,000-90,000",Full-time,"['Power BI', 'Excel']",2
100771,Human Resources Business Partner,Fernwood Digital,"Dubai, UAE",Our company is hiring an experienced Human Resources Business Partner to support key initiatives. Responsibilities include: manage the employee onboarding process end to end; support performance management cycles and compensation planning; handle employee relations issues and conflict resolution. Requirements: strong stakeholder management and communication skills; understanding of labor law compliance requirements. This role offers competitive benefits and a flexible work culture.,Mid level (3-5 years),Bachelor's Degree,"USD 45,000-75,000",Full-time,[],0
100772,Supply Chain Coordinator,Lumen Insurance,"Chennai, Tamil Nadu, India",We are seeking a talented Supply Chain Coordinator who is passionate about delivering results. Responsibilities include: support demand planning to optimize stock levels; coordinate inventory management and shipment tracking across warehouses; work with SAP to manage procurement and vendor management processes. Requirements: experience with vendor management and procurement; strong Excel skills for demand planning and cost analysis. We value continuous learning and provide support for career development.,Executive (12+ years),Master's Degree in Business Administration (MBA),"EUR 35,000-55,000",Contract,"['Excel', 'SAP']",2
100773,Digital Marketing Specialist,Bramble Retailers,"Pune, Maharashtra, India",Our company is hiring an experienced Digital Marketing Specialist to support key initiatives. Responsibilities include: create engaging content for email marketing and social media channels; run A/B tests to optimize conversion rates on landing pages; analyze campaign performance using Google Analytics. Requirements: familiarity with marketing automation tools such as HubSpot; proven experience with SEO and Google Analytics. We offer a collaborative environment and opportunities for professional growth.,Junior (1-3 years),Bachelor's Degree in Computer Science or related field,"INR 800,000-1,600,000",Contract,[],0
100774,Business Analyst,Lumen Insurance,"Austin, TX, USA",Join us as a Business Analyst and help drive our team's success. Responsibilities include: create process maps to visualize current and future state workflows; work closely with Agile teams to translate requirements into user stories; analyze data using SQL and Excel to identify process improvements. Requirements: excellent stakeholder management and problem-solving skills; strong SQL and Excel skills for data analysis. This is a great opportunity to make an impact in a fast-paced environment.,Mid level (3-5 years),Bachelor's Degree in Computer Science or related field,"USD 110,000-160,000",Full-time,"['SQL', 'Excel', 'Agile']",3
100775,Business Analyst,Bramble Retailers,"Sydney, Australia",Join us as a Business Analyst and help drive our team's success. Responsibilities include: work closely with Agile teams to translate requirements into user stories; build reports and dashboards in Power BI to support decision-making; create process maps to visualize current and future state workflows. Requirements: excellent stakeholder management and problem-solving skills; familiarity with Agile delivery and documentation practices. This role offers competitive benefits and a flexible work culture.,Executive (12+ years),Master's Degree,"INR 1,600,000-2,800,000",Full-time,"['Power BI', 'Agile']",2
100776,Financial Analyst,Fernwood Digital,Singapore,"Our company is hiring an experienced Financial Analyst to support key initiatives. Responsibilities include: use SQL to extract and analyze financial data from internal systems; build financial models to support budgeting and forecasting; create dashboards in Power BI to track key financial metrics. Requirements: advanced Excel skills including financial modeling; experience with forecasting, budgeting, and variance analysis. This is a great opportunity to make an impact in a fast-paced environment.",Lead (8-12 years),Master's Degree,"USD 75,000-110,000",Part-time,"['SQL', 'Power BI', 'Excel']",3
100777,Frontend Developer,Nova Payments Inc,"Hyderabad, Telangana, India","We are seeking a talented Frontend Developer who is passionate about delivering results. Responsibilities include: write unit tests with Jest to ensure code reliability; translate Figma designs into pixel-perfect HTML and CSS; manage application state using Redux. Requirements: experience collaborating with designers using tools like Figma; strong command of JavaScript, HTML, and CSS. This role offers competitive benefits and a flexible work culture.",Mid level (3-5 years),"Master's Degree in Data Science, Statistics, or related field","USD 110,000-160,000",Full-time,"['JavaScript', 'Figma']",2
100778,DevOps Engineer,BluePeak Technologies,"Chennai, Tamil Nadu, India",We are looking for a motivated DevOps Engineer to join our growing team. Responsibilities include: automate configuration management with Ansible; containerize applications using Docker and orchestrate them with Kubernetes; manage cloud infrastructure on AWS using Terraform. Requirements: strong experience with AWS and infrastructure-as-code tools like Terraform; experience building CI/CD pipelines and automation scripts in Python. We offer a collaborative environment and opportunities for professional growth.,Executive (12+ years),Bachelor's Degree in Computer Science or related field,"INR 1,600,000-2,800,000",Full-time,"['Python', 'AWS', 'Kubernetes', 'Docker', 'CI/CD']",5
100779,Product Manager,Solstice Pharma,"Dubai, UAE",Our company is hiring an experienced Product Manager to support key initiatives. Responsibilities include: own the product roadmap and prioritize features based on user research; work with engineering and design teams in an Agile environment using Jira; communicate product strategy to stakeholders across the organization. Requirements: experience owning product strategy and roadmap planning; strong data analysis and prioritization skills. This is a great opportunity to make an impact in a fast-paced environment.,Entry level (0-1 years),Bachelor's Degree in Computer Science or related field,"INR 800,000-1,600,000",Contract,"['Jira', 'Agile']",2
100780,Frontend Developer,Riverside EdTech,"Delhi, India","Join us as a Frontend Developer and help drive our team's success. Responsibilities include: manage application state using Redux; write unit tests with Jest to ensure code reliability; optimize bundle size and performance using Webpack. Requirements: strong command of JavaScript, HTML, and CSS; hands-on experience with React and modern frontend tooling. We offer a collaborative environment and opportunities for professional growth.",Junior (1-3 years),Master's Degree in Business Administration (MBA),"GBP 28,000-45,000",Full-time,"['JavaScript', 'React']",2
100781,Frontend Developer,BluePeak Technologies,"Sydney, Australia",Join us as a Frontend Developer and help drive our team's success. Responsibilities include: write unit tests with Jest to ensure code reliability; optimize bundle size and performance using Webpack; manage application state using Redux. Requirements: familiarity with responsive design principles across devices; experience collaborating with designers using tools like Figma. We value continuous learning and provide support for career development.,Junior (1-3 years),Bachelor's Degree in Computer Science or related field,"USD 45,000-75,000",Full-time,['Figma'],1
100782,UX/UI Designer,Northgate Logistics,"Manchester, United Kingdom",Join us as a UX/UI Designer and help drive our team's success. Responsibilities include: create wireframes and interactive prototypes using Figma; ensure designs meet accessibility standards; collaborate with product and engineering teams on interaction design. Requirements: strong portfolio demonstrating wireframing and prototyping skills; understanding of accessibility and visual design principles. This is a great opportunity to make an impact in a fast-paced environment.,Mid level (3-5 years),Bachelor's Degree,"GBP 45,000-75,000",Internship,['Figma'],1
100783,Frontend Developer,Solstice Pharma,"Amsterdam, Netherlands","We are seeking a talented Frontend Developer who is passionate about delivering results. Responsibilities include: write unit tests with Jest to ensure code reliability; optimize bundle size and performance using Webpack; build responsive, accessible user interfaces using React and TypeScript. Requirements: strong command of JavaScript, HTML, and CSS; hands-on experience with React and modern frontend tooling. This is a great opportunity to make an impact in a fast-paced environment.",Entry level (0-1 years),Diploma or equivalent professional certification,"GBP 28,000-45,000",Full-time,"['JavaScript', 'React']",2
100784,DevOps Engineer,Skyline Software Labs,"Hyderabad, Telangana, India",Our company is hiring an experienced DevOps Engineer to support key initiatives. Responsibilities include: containerize applications using Docker and orchestrate them with Kubernetes; build and maintain CI/CD pipelines with Jenkins; set up monitoring and alerting to ensure system reliability. Requirements: strong experience with AWS and infrastructure-as-code tools like Terraform; familiarity with monitoring and logging tools. This role offers competitive benefits and a flexible work culture.,Mid level (3-5 years),"Master's Degree in Data Science, Statistics, or related field","USD 45,000-75,000",Full-time,"['AWS', 'Kubernetes', 'Docker', 'CI/CD']",4
100785,Business Analyst,Nimbus Analytics,"Chicago, IL, USA",We are seeking a talented Business Analyst who is passionate about delivering results. Responsibilities include: gather and document business requirements from stakeholders; work closely with Agile teams to translate requirements into user stories; create process maps to visualize current and future state workflows. Requirements: excellent stakeholder management and problem-solving skills; experience in requirements gathering and process mapping. We offer a collaborative environment and opportunities for professional growth.,Junior (1-3 years),High School Diploma,"USD 160,000-220,000",Full-time,['Agile'],1
100786,Human Resources Business Partner,Fernwood Digital,"Chicago, IL, USA",Our company is hiring an experienced Human Resources Business Partner to support key initiatives. Responsibilities include: handle employee relations issues and conflict resolution; support performance management cycles and compensation planning; ensure labor law compliance across all HR processes. Requirements: strong stakeholder management and communication skills; experience in talent acquisition and employee relations. We offer a collaborative environment and opportunities for professional growth.,Mid level (3-5 years),Master's Degree in Business Administration (MBA),"INR 1,600,000-2,800,000",Full-time,[],0
100787,Human Resources Business Partner,Lumen Insurance,"Berlin, Germany",Join us as a Human Resources Business Partner and help drive our team's success. Responsibilities include: support performance management cycles and compensation planning; partner with department leaders on talent acquisition and workforce planning; manage the employee onboarding process end to end. Requirements: working knowledge of HRIS systems and performance management processes; experience in talent acquisition and employee relations. This is a great opportunity to make an impact in a fast-paced environment.,Junior (1-3 years),High School Diploma,"EUR 35,000-55,000",Full-time,[],0
100788,Backend Software Engineer,Willowbrook Hospitality,"Sydney, Australia","Our company is hiring an experienced Backend Software Engineer to support key initiatives. Responsibilities include: develop and maintain microservices deployed on Kubernetes; write clean, testable code and participate in code reviews using Git; optimize PostgreSQL queries for performance at scale. Requirements: practical knowledge of Docker and Kubernetes for containerized deployments; understanding of CI/CD pipelines and version control with Git. We value continuous learning and provide support for career development.",Executive (12+ years),Master's Degree,"USD 160,000-220,000",Full-time,"['SQL', 'Kubernetes', 'Docker', 'Git', 'CI/CD']",5
100789,Human Resources Business Partner,Delta Freight Solutions,"Manchester, United Kingdom",Our company is hiring an experienced Human Resources Business Partner to support key initiatives. Responsibilities include: ensure labor law compliance across all HR processes; partner with department leaders on talent acquisition and workforce planning; support performance management cycles and compensation planning. Requirements: understanding of labor law compliance requirements; experience in talent acquisition and employee relations. We offer a collaborative environment and opportunities for professional growth.,Executive (12+ years),PhD or equivalent research experience,"USD 160,000-220,000",Full-time,[],0
100790,Frontend Developer,Riverside EdTech,"Chicago, IL, USA","Join us as a Frontend Developer and help drive our team's success. Responsibilities include: manage application state using Redux; translate Figma designs into pixel-perfect HTML and CSS; write unit tests with Jest to ensure code reliability. Requirements: hands-on experience with React and modern frontend tooling; strong command of JavaScript, HTML, and CSS. We value continuous learning and provide support for career development.",Entry level (0-1 years),Diploma or equivalent professional certification,"USD 75,000-110,000",Full-time,"['JavaScript', 'React', 'Figma']",3
100791,Business Analyst,Ironwood Manufacturing,"Boston, MA, USA",Join us as a Business Analyst and help drive our team's success. Responsibilities include: create process maps to visualize current and future state workflows; build reports and dashboards in Power BI to support decision-making; work closely with Agile teams to translate requirements into user stories. Requirements: strong SQL and Excel skills for data analysis; experience in requirements gathering and process mapping. This is a great opportunity to make an impact in a fast-paced environment.,Junior (1-3 years),Diploma or equivalent professional certification,"INR 400,000-800,000",Full-time,"['SQL', 'Power BI', 'Excel', 'Agile']",4
100792,Data Scientist,Ironwood Manufacturing,"Chicago, IL, USA",We are seeking a talented Data Scientist who is passionate about delivering results. Responsibilities include: create dashboards and visualizations to communicate findings to stakeholders; design and evaluate A/B tests to measure product impact; analyze large datasets using Python and SQL to extract actionable insights. Requirements: strong proficiency in Python and SQL; familiarity with deep learning frameworks such as TensorFlow or PyTorch. This is a great opportunity to make an impact in a fast-paced environment.,Lead (8-12 years),Bachelor's Degree in Computer Science or related field,"GBP 28,000-45,000",Full-time,"['Python', 'SQL', 'TensorFlow', 'PyTorch', 'Deep Learning']",5
100793,Customer Support Specialist,Silverline Consulting,"Austin, TX, USA","We are looking for a motivated Customer Support Specialist to join our growing team. Responsibilities include: troubleshoot product issues and escalate complex cases when needed; respond to customer inquiries via email, live chat, and ticketing systems like Zendesk; build strong product knowledge to resolve issues efficiently. Requirements: prior experience in customer service or technical support; familiarity with ticketing systems such as Zendesk. This is a great opportunity to make an impact in a fast-paced environment.",Executive (12+ years),High School Diploma,"EUR 35,000-55,000",Contract,[],0
100794,Frontend Developer,Pinecrest Energy,"London, United Kingdom","We are looking for a motivated Frontend Developer to join our growing team. Responsibilities include: manage application state using Redux; write unit tests with Jest to ensure code reliability; translate Figma designs into pixel-perfect HTML and CSS. Requirements: experience collaborating with designers using tools like Figma; strong command of JavaScript, HTML, and CSS. We offer a collaborative environment and opportunities for professional growth.",Junior (1-3 years),PhD or equivalent research experience,"GBP 28,000-45,000",Contract,"['JavaScript', 'Figma']",2
100795,Frontend Developer,Falconview Aerospace,"Hyderabad, Telangana, India","Join us as a Frontend Developer and help drive our team's success. Responsibilities include: manage application state using Redux; build responsive, accessible user interfaces using React and TypeScript; translate Figma designs into pixel-perfect HTML and CSS. Requirements: familiarity with responsive design principles across devices; experience collaborating with designers using tools like Figma. This is a great opportunity to make an impact in a fast-paced environment.",Senior (5-8 years),PhD or equivalent research experience,"USD 160,000-220,000",Internship,"['React', 'Figma']",2
100796,DevOps Engineer,Quartz Data Systems,"Vancouver, Canada","Our company is hiring an experienced DevOps Engineer to support key initiatives. Responsibilities include: automate configuration management with Ansible; build and maintain CI/CD pipelines with Jenkins; containerize applications using Docker and orchestrate them with Kubernetes. Requirements: hands-on knowledge of Docker, Kubernetes, and Linux administration; familiarity with monitoring and logging tools. We offer a collaborative environment and opportunities for professional growth.",Senior (5-8 years),High School Diploma,"GBP 45,000-75,000",Full-time,"['Kubernetes', 'Docker', 'CI/CD']",3
100797,Business Analyst,Riverside EdTech,"London, United Kingdom",Our company is hiring an experienced Business Analyst to support key initiatives. Responsibilities include: gather and document business requirements from stakeholders; analyze data using SQL and Excel to identify process improvements; work closely with Agile teams to translate requirements into user stories. Requirements: excellent stakeholder management and problem-solving skills; strong SQL and Excel skills for data analysis. We value continuous learning and provide support for career development.,Mid level (3-5 years),PhD or equivalent research experience,"GBP 28,000-45,000",Full-time,"['SQL', 'Excel', 'Agile']",3
100798,Supply Chain Coordinator,Meridian Health Solutions,"Pune, Maharashtra, India",We are seeking a talented Supply Chain Coordinator who is passionate about delivering results. Responsibilities include: identify opportunities for process improvement and cost analysis; communicate with logistics partners to ensure timely deliveries; support demand planning to optimize stock levels. Requirements: hands-on knowledge of SAP or similar ERP systems; strong Excel skills for demand planning and cost analysis. We value continuous learning and provide support for career development.,Mid level (3-5 years),PhD or equivalent research experience,"USD 75,000-110,000",Full-time,"['Excel', 'SAP']",2
100799,Frontend Developer,Solstice Pharma,"Bengaluru, Karnataka, India",Our company is hiring an experienced Frontend Developer to support key initiatives. Responsibilities include: translate Figma designs into pixel-perfect HTML and CSS; manage application state using Redux; optimize bundle size and performance using Webpack. Requirements: experience collaborating with designers using tools like Figma; hands-on experience with React and modern frontend tooling. This role offers competitive benefits and a flexible work culture.,Senior (5-8 years),"Master's Degree in Data Science, Statistics, or related field","INR 400,000-800,000",Full-time,"['React', 'Figma']",2
100800,UX/UI Designer,Lumen Insurance,"Boston, MA, USA",Our company is hiring an experienced UX/UI Designer to support key initiatives. Responsibilities include: conduct user research and usability testing to inform design decisions; create wireframes and interactive prototypes using Figma; collaborate with product and engineering teams on interaction design. Requirements: experience conducting user research and usability testing; strong portfolio demonstrating wireframing and prototyping skills. This role offers competitive benefits and a flexible work culture.,Lead (8-12 years),PhD or equivalent research experience,"USD 45,000-75,000",Internship,['Figma'],1
100801,Product Manager,Nova Payments Inc,"Chennai, Tamil Nadu, India",Join us as a Product Manager and help drive our team's success. Responsibilities include: run A/B tests to validate product hypotheses; own the product roadmap and prioritize features based on user research; work with engineering and design teams in an Agile environment using Jira. Requirements: familiarity with Agile methodologies and tools like Jira; strong data analysis and prioritization skills. This is a great opportunity to make an impact in a fast-paced environment.,Mid level (3-5 years),Bachelor's Degree,"EUR 55,000-90,000",Full-time,"['Jira', 'Agile']",2
100802,Supply Chain Coordinator,Pinecrest Energy,"Hyderabad, Telangana, India",Our company is hiring an experienced Supply Chain Coordinator to support key initiatives. Responsibilities include: communicate with logistics partners to ensure timely deliveries; identify opportunities for process improvement and cost analysis; coordinate inventory management and shipment tracking across warehouses. Requirements: strong Excel skills for demand planning and cost analysis; experience in logistics coordination and inventory management. This role offers competitive benefits and a flexible work culture.,Executive (12+ years),Master's Degree,"INR 1,600,000-2,800,000",Full-time,['Excel'],1
100803,Supply Chain Coordinator,Pinecrest Energy,"Mumbai, Maharashtra, India",We are seeking a talented Supply Chain Coordinator who is passionate about delivering results. Responsibilities include: communicate with logistics partners to ensure timely deliveries; coordinate inventory management and shipment tracking across warehouses; support demand planning to optimize stock levels. Requirements: experience with vendor management and procurement; strong Excel skills for demand planning and cost analysis. This is a great opportunity to make an impact in a fast-paced environment.,Mid level (3-5 years),High School Diploma,"INR 400,000-800,000",Full-time,['Excel'],1
100804,Financial Analyst,Lumen Insurance,"Boston, MA, USA","We are seeking a talented Financial Analyst who is passionate about delivering results. Responsibilities include: build financial models to support budgeting and forecasting; prepare monthly financial reporting and variance analysis; create dashboards in Power BI to track key financial metrics. Requirements: understanding of GAAP and risk analysis principles; experience with forecasting, budgeting, and variance analysis. This role offers competitive benefits and a flexible work culture.",Lead (8-12 years),PhD or equivalent research experience,"GBP 45,000-75,000",Full-time,['Power BI'],1
100805,Customer Support Specialist,Delta Freight Solutions,"Delhi, India","Join us as a Customer Support Specialist and help drive our team's success. Responsibilities include: maintain accurate records in the CRM software; respond to customer inquiries via email, live chat, and ticketing systems like Zendesk; build strong product knowledge to resolve issues efficiently. Requirements: prior experience in customer service or technical support; experience using CRM software to track customer interactions. We offer a collaborative environment and opportunities for professional growth.",Senior (5-8 years),Master's Degree in Business Administration (MBA),"EUR 55,000-90,000",Full-time,[],0
100806,Business Analyst,Nova Payments Inc,"Manchester, United Kingdom",Join us as a Business Analyst and help drive our team's success. Responsibilities include: work closely with Agile teams to translate requirements into user stories; gather and document business requirements from stakeholders; create process maps to visualize current and future state workflows. Requirements: familiarity with Agile delivery and documentation practices; strong SQL and Excel skills for data analysis. This role offers competitive benefits and a flexible work culture.,Executive (12+ years),Bachelor's Degree,"EUR 55,000-90,000",Full-time,"['SQL', 'Excel', 'Agile']",3
100807,DevOps Engineer,Riverside EdTech,"Toronto, Canada",We are looking for a motivated DevOps Engineer to join our growing team. Responsibilities include: containerize applications using Docker and orchestrate them with Kubernetes; automate configuration management with Ansible; build and maintain CI/CD pipelines with Jenkins. Requirements: familiarity with monitoring and logging tools; strong experience with AWS and infrastructure-as-code tools like Terraform. We value continuous learning and provide support for career development.,Entry level (0-1 years),Master's Degree,"GBP 28,000-45,000",Full-time,"['AWS', 'Kubernetes', 'Docker', 'CI/CD']",4
100808,DevOps Engineer,Anchor Bank Corp,"Chicago, IL, USA",Join us as a DevOps Engineer and help drive our team's success. Responsibilities include: build and maintain CI/CD pipelines with Jenkins; manage cloud infrastructure on AWS using Terraform; set up monitoring and alerting to ensure system reliability. Requirements: strong experience with AWS and infrastructure-as-code tools like Terraform; familiarity with monitoring and logging tools. We offer a collaborative environment and opportunities for professional growth.,Executive (12+ years),Master's Degree in Business Administration (MBA),"INR 400,000-800,000",Full-time,"['AWS', 'CI/CD']",2
100809,Frontend Developer,Bramble Retailers,"Boston, MA, USA","Our company is hiring an experienced Frontend Developer to support key initiatives. Responsibilities include: optimize bundle size and performance using Webpack; write unit tests with Jest to ensure code reliability; build responsive, accessible user interfaces using React and TypeScript. Requirements: experience collaborating with designers using tools like Figma; strong command of JavaScript, HTML, and CSS. This is a great opportunity to make an impact in a fast-paced environment.",Lead (8-12 years),"Master's Degree in Data Science, Statistics, or related field","INR 800,000-1,600,000",Contract,"['JavaScript', 'React', 'Figma']",3
100810,Data Scientist,Bramble Retailers,Singapore,"Join us as a Data Scientist and help drive our team's success. Responsibilities include: design and evaluate A/B tests to measure product impact; analyze large datasets using Python and SQL to extract actionable insights; collaborate with engineering teams to productionize models using TensorFlow or PyTorch. Requirements: hands-on experience with pandas, scikit-learn, and statistical modeling techniques; strong proficiency in Python and SQL. This role offers competitive benefits and a flexible work culture.",Executive (12+ years),PhD or equivalent research experience,"USD 110,000-160,000",Full-time,"['Python', 'SQL', 'TensorFlow', 'PyTorch', 'Pandas', 'Scikit-learn']",6
100811,Customer Support Specialist,Orbital Systems,"Sydney, Australia","Our company is hiring an experienced Customer Support Specialist to support key initiatives. Responsibilities include: maintain accurate records in the CRM software; troubleshoot product issues and escalate complex cases when needed; respond to customer inquiries via email, live chat, and ticketing systems like Zendesk. Requirements: prior experience in customer service or technical support; experience using CRM software to track customer interactions. This is a great opportunity to make an impact in a fast-paced environment.",Senior (5-8 years),Master's Degree in Business Administration (MBA),"GBP 45,000-75,000",Full-time,[],0
100812,Data Scientist,Crestview Realty,Singapore,Join us as a Data Scientist and help drive our team's success. Responsibilities include: build and deploy machine learning models to solve business problems; analyze large datasets using Python and SQL to extract actionable insights; collaborate with engineering teams to productionize models using TensorFlow or PyTorch. Requirements: familiarity with deep learning frameworks such as TensorFlow or PyTorch; strong proficiency in Python and SQL. This role offers competitive benefits and a flexible work culture.,Lead (8-12 years),Bachelor's Degree,"EUR 35,000-55,000",Full-time,"['Python', 'SQL', 'TensorFlow', 'PyTorch', 'Machine Learning', 'Deep Learning']",6
100813,Supply Chain Coordinator,Willowbrook Hospitality,"San Francisco, CA, USA",We are seeking a talented Supply Chain Coordinator who is passionate about delivering results. Responsibilities include: coordinate inventory management and shipment tracking across warehouses; support demand planning to optimize stock levels; communicate with logistics partners to ensure timely deliveries. Requirements: hands-on knowledge of SAP or similar ERP systems; strong Excel skills for demand planning and cost analysis. We offer a collaborative environment and opportunities for professional growth.,Lead (8-12 years),Master's Degree,"INR 1,600,000-2,800,000",Full-time,"['Excel', 'SAP']",2
100814,Supply Chain Coordinator,Pinecrest Energy,"Hyderabad, Telangana, India",Our company is hiring an experienced Supply Chain Coordinator to support key initiatives. Responsibilities include: support demand planning to optimize stock levels; communicate with logistics partners to ensure timely deliveries; coordinate inventory management and shipment tracking across warehouses. Requirements: experience in logistics coordination and inventory management; experience with vendor management and procurement. This is a great opportunity to make an impact in a fast-paced environment.,Lead (8-12 years),Bachelor's Degree,"USD 75,000-110,000",Full-time,[],0
100815,Human Resources Business Partner,Nova Payments Inc,"New York, NY, USA",We are looking for a motivated Human Resources Business Partner to join our growing team. Responsibilities include: support performance management cycles and compensation planning; partner with department leaders on talent acquisition and workforce planning; ensure labor law compliance across all HR processes. Requirements: understanding of labor law compliance requirements; working knowledge of HRIS systems and performance management processes. We value continuous learning and provide support for career development.,Senior (5-8 years),High School Diploma,"INR 1,600,000-2,800,000",Full-time,[],0
100816,Supply Chain Coordinator,Nova Payments Inc,"Toronto, Canada",Our company is hiring an experienced Supply Chain Coordinator to support key initiatives. Responsibilities include: communicate with logistics partners to ensure timely deliveries; coordinate inventory management and shipment tracking across warehouses; identify opportunities for process improvement and cost analysis. Requirements: strong Excel skills for demand planning and cost analysis; hands-on knowledge of SAP or similar ERP systems. This is a great opportunity to make an impact in a fast-paced environment.,Junior (1-3 years),Master's Degree in Business Administration (MBA),"USD 45,000-75,000",Contract,"['Excel', 'SAP']",2
100817,Business Analyst,Delta Freight Solutions,"Amsterdam, Netherlands",Our company is hiring an experienced Business Analyst to support key initiatives. Responsibilities include: work closely with Agile teams to translate requirements into user stories; gather and document business requirements from stakeholders; create process maps to visualize current and future state workflows. Requirements: experience in requirements gathering and process mapping; familiarity with Agile delivery and documentation practices. This role offers competitive benefits and a flexible work culture.,Lead (8-12 years),Master's Degree in Business Administration (MBA),"USD 75,000-110,000",Full-time,['Agile'],1
100818,DevOps Engineer,Granite Construction Group,"Boston, MA, USA","Our company is hiring an experienced DevOps Engineer to support key initiatives. Responsibilities include: build and maintain CI/CD pipelines with Jenkins; manage cloud infrastructure on AWS using Terraform; containerize applications using Docker and orchestrate them with Kubernetes. Requirements: hands-on knowledge of Docker, Kubernetes, and Linux administration; familiarity with monitoring and logging tools. We value continuous learning and provide support for career development.",Junior (1-3 years),High School Diploma,"INR 800,000-1,600,000",Full-time,"['AWS', 'Kubernetes', 'Docker', 'CI/CD']",4
100819,Product Manager,Vertex Financial Services,"Pune, Maharashtra, India",Join us as a Product Manager and help drive our team's success. Responsibilities include: analyze product data to inform strategic decisions; communicate product strategy to stakeholders across the organization; own the product roadmap and prioritize features based on user research. Requirements: strong data analysis and prioritization skills; experience owning product strategy and roadmap planning. This role offers competitive benefits and a flexible work culture.,Lead (8-12 years),Master's Degree in Business Administration (MBA),"GBP 28,000-45,000",Full-time,[],0
100820,Supply Chain Coordinator,Granite Construction Group,"Austin, TX, USA",Our company is hiring an experienced Supply Chain Coordinator to support key initiatives. Responsibilities include: identify opportunities for process improvement and cost analysis; communicate with logistics partners to ensure timely deliveries; work with SAP to manage procurement and vendor management processes. Requirements: experience with vendor management and procurement; strong Excel skills for demand planning and cost analysis. We value continuous learning and provide support for career development.,Entry level (0-1 years),Master's Degree in Business Administration (MBA),"USD 110,000-160,000",Internship,"['Excel', 'SAP']",2
100821,Human Resources Business Partner,Delta Freight Solutions,"Hyderabad, Telangana, India",We are seeking a talented Human Resources Business Partner who is passionate about delivering results. Responsibilities include: handle employee relations issues and conflict resolution; partner with department leaders on talent acquisition and workforce planning; manage the employee onboarding process end to end. Requirements: working knowledge of HRIS systems and performance management processes; experience in talent acquisition and employee relations. We value continuous learning and provide support for career development.,Senior (5-8 years),Master's Degree,"EUR 35,000-55,000",Full-time,[],0
100822,Business Analyst,Lumen Insurance,"Chicago, IL, USA",We are looking for a motivated Business Analyst to join our growing team. Responsibilities include: gather and document business requirements from stakeholders; analyze data using SQL and Excel to identify process improvements; build reports and dashboards in Power BI to support decision-making. Requirements: excellent stakeholder management and problem-solving skills; experience in requirements gathering and process mapping. We value continuous learning and provide support for career development.,Executive (12+ years),"Master's Degree in Data Science, Statistics, or related field","INR 1,600,000-2,800,000",Full-time,"['SQL', 'Power BI', 'Excel']",3
100823,DevOps Engineer,Fernwood Digital,"New York, NY, USA",We are looking for a motivated DevOps Engineer to join our growing team. Responsibilities include: manage cloud infrastructure on AWS using Terraform; containerize applications using Docker and orchestrate them with Kubernetes; automate configuration management with Ansible. Requirements: strong experience with AWS and infrastructure-as-code tools like Terraform; experience building CI/CD pipelines and automation scripts in Python. We value continuous learning and provide support for career development.,Mid level (3-5 years),Bachelor's Degree in Computer Science or related field,"INR 800,000-1,600,000",Full-time,"['Python', 'AWS', 'Kubernetes', 'Docker', 'CI/CD']",5
100824,DevOps Engineer,Silverline Consulting,Singapore,"We are seeking a talented DevOps Engineer who is passionate about delivering results. Responsibilities include: set up monitoring and alerting to ensure system reliability; build and maintain CI/CD pipelines with Jenkins; containerize applications using Docker and orchestrate them with Kubernetes. Requirements: hands-on knowledge of Docker, Kubernetes, and Linux administration; strong experience with AWS and infrastructure-as-code tools like Terraform. We value continuous learning and provide support for career development.",Junior (1-3 years),Bachelor's Degree,"INR 1,600,000-2,800,000",Contract,"['AWS', 'Kubernetes', 'Docker', 'CI/CD']",4
100825,UX/UI Designer,Delta Freight Solutions,Remote,Join us as a UX/UI Designer and help drive our team's success. Responsibilities include: build and maintain a consistent design system across products; ensure designs meet accessibility standards; conduct user research and usability testing to inform design decisions. Requirements: proficiency in Figma or Adobe XD; strong portfolio demonstrating wireframing and prototyping skills. This is a great opportunity to make an impact in a fast-paced environment.,Executive (12+ years),PhD or equivalent research experience,"EUR 55,000-90,000",Full-time,['Figma'],1
100826,Product Manager,BluePeak Technologies,"Austin, TX, USA",We are seeking a talented Product Manager who is passionate about delivering results. Responsibilities include: communicate product strategy to stakeholders across the organization; analyze product data to inform strategic decisions; own the product roadmap and prioritize features based on user research. Requirements: experience owning product strategy and roadmap planning; familiarity with Agile methodologies and tools like Jira. We offer a collaborative environment and opportunities for professional growth.,Entry level (0-1 years),Diploma or equivalent professional certification,"USD 110,000-160,000",Full-time,"['Jira', 'Agile']",2
100827,Supply Chain Coordinator,Bramble Retailers,Singapore,Join us as a Supply Chain Coordinator and help drive our team's success. Responsibilities include: coordinate inventory management and shipment tracking across warehouses; communicate with logistics partners to ensure timely deliveries; work with SAP to manage procurement and vendor management processes. Requirements: experience in logistics coordination and inventory management; experience with vendor management and procurement. This is a great opportunity to make an impact in a fast-paced environment.,Senior (5-8 years),Master's Degree in Business Administration (MBA),"USD 110,000-160,000",Temporary,['SAP'],1
100828,Backend Software Engineer,Solstice Pharma,"Manchester, United Kingdom","Join us as a Backend Software Engineer and help drive our team's success. Responsibilities include: design and build scalable REST APIs using Java and Spring Boot; write clean, testable code and participate in code reviews using Git; develop and maintain microservices deployed on Kubernetes. Requirements: solid experience with Java and Spring Boot; practical knowledge of Docker and Kubernetes for containerized deployments. We value continuous learning and provide support for career development.",Mid level (3-5 years),"Master's Degree in Data Science, Statistics, or related field","INR 800,000-1,600,000",Part-time,"['Java', 'Kubernetes', 'Docker', 'Git', 'Spring Boot']",5
100829,UX/UI Designer,Silverline Consulting,"Vancouver, Canada",We are looking for a motivated UX/UI Designer to join our growing team. Responsibilities include: conduct user research and usability testing to inform design decisions; create wireframes and interactive prototypes using Figma; ensure designs meet accessibility standards. Requirements: strong portfolio demonstrating wireframing and prototyping skills; understanding of accessibility and visual design principles. We offer a collaborative environment and opportunities for professional growth.,Entry level (0-1 years),"Master's Degree in Data Science, Statistics, or related field","EUR 35,000-55,000",Contract,['Figma'],1
100830,Human Resources Business Partner,Granite Construction Group,"Manchester, United Kingdom",We are looking for a motivated Human Resources Business Partner to join our growing team. Responsibilities include: partner with department leaders on talent acquisition and workforce planning; handle employee relations issues and conflict resolution; ensure labor law compliance across all HR processes. Requirements: experience in talent acquisition and employee relations; understanding of labor law compliance requirements. We value continuous learning and provide support for career development.,Entry level (0-1 years),Master's Degree,"INR 800,000-1,600,000",Full-time,[],0
100831,Backend Software Engineer,Skyline Software Labs,"Seattle, WA, USA",Our company is hiring an experienced Backend Software Engineer to support key initiatives. Responsibilities include: optimize PostgreSQL queries for performance at scale; set up CI/CD pipelines to automate testing and deployment; design and build scalable REST APIs using Java and Spring Boot. Requirements: practical knowledge of Docker and Kubernetes for containerized deployments; understanding of CI/CD pipelines and version control with Git. This role offers competitive benefits and a flexible work culture.,Senior (5-8 years),Master's Degree in Business Administration (MBA),"USD 110,000-160,000",Full-time,"['SQL', 'Java', 'Kubernetes', 'Docker', 'Git', 'CI/CD', 'Spring Boot']",7
100832,Business Analyst,Willowbrook Hospitality,"Manchester, United Kingdom",Our company is hiring an experienced Business Analyst to support key initiatives. Responsibilities include: work closely with Agile teams to translate requirements into user stories; build reports and dashboards in Power BI to support decision-making; create process maps to visualize current and future state workflows. Requirements: excellent stakeholder management and problem-solving skills; strong SQL and Excel skills for data analysis. We value continuous learning and provide support for career development.,Executive (12+ years),Bachelor's Degree,"GBP 45,000-75,000",Full-time,"['SQL', 'Power BI', 'Excel', 'Agile']",4
100833,UX/UI Designer,Redwood Robotics,"San Francisco, CA, USA",Our company is hiring an experienced UX/UI Designer to support key initiatives. Responsibilities include: create wireframes and interactive prototypes using Figma; conduct user research and usability testing to inform design decisions; collaborate with product and engineering teams on interaction design. Requirements: understanding of accessibility and visual design principles; strong portfolio demonstrating wireframing and prototyping skills. This role offers competitive benefits and a flexible work culture.,Mid level (3-5 years),Bachelor's Degree,"INR 800,000-1,600,000",Full-time,['Figma'],1
100834,Data Scientist,Amber Foods Co,"New York, NY, USA","We are looking for a motivated Data Scientist to join our growing team. Responsibilities include: design and evaluate A/B tests to measure product impact; analyze large datasets using Python and SQL to extract actionable insights; create dashboards and visualizations to communicate findings to stakeholders. Requirements: familiarity with deep learning frameworks such as TensorFlow or PyTorch; hands-on experience with pandas, scikit-learn, and statistical modeling techniques. This is a great opportunity to make an impact in a fast-paced environment.",Senior (5-8 years),Master's Degree,"GBP 28,000-45,000",Full-time,"['Python', 'SQL', 'TensorFlow', 'PyTorch', 'Pandas', 'Scikit-learn', 'Deep Learning']",7
100835,Supply Chain Coordinator,Cobalt Retail Group,"Berlin, Germany",Join us as a Supply Chain Coordinator and help drive our team's success. Responsibilities include: identify opportunities for process improvement and cost analysis; work with SAP to manage procurement and vendor management processes; communicate with logistics partners to ensure timely deliveries. Requirements: hands-on knowledge of SAP or similar ERP systems; experience in logistics coordination and inventory management. We value continuous learning and provide support for career development.,Junior (1-3 years),Master's Degree,"INR 800,000-1,600,000",Full-time,['SAP'],1
100836,Financial Analyst,Meridian Health Solutions,Remote,"Join us as a Financial Analyst and help drive our team's success. Responsibilities include: build financial models to support budgeting and forecasting; ensure reporting complies with GAAP standards; create dashboards in Power BI to track key financial metrics. Requirements: advanced Excel skills including financial modeling; experience with forecasting, budgeting, and variance analysis. This role offers competitive benefits and a flexible work culture.",Lead (8-12 years),Bachelor's Degree,"USD 110,000-160,000",Full-time,"['Power BI', 'Excel']",2
100837,Digital Marketing Specialist,Nimbus Analytics,"Vancouver, Canada",We are looking for a motivated Digital Marketing Specialist to join our growing team. Responsibilities include: run A/B tests to optimize conversion rates on landing pages; plan and execute SEO strategies to improve organic search rankings; manage paid advertising campaigns across Google Ads and social media. Requirements: familiarity with marketing automation tools such as HubSpot; proven experience with SEO and Google Analytics. This role offers competitive benefits and a flexible work culture.,Senior (5-8 years),"Master's Degree in Data Science, Statistics, or related field","INR 400,000-800,000",Full-time,[],0
100838,Financial Analyst,Anchor Bank Corp,"Manchester, United Kingdom",We are seeking a talented Financial Analyst who is passionate about delivering results. Responsibilities include: build financial models to support budgeting and forecasting; ensure reporting complies with GAAP standards; use SQL to extract and analyze financial data from internal systems. Requirements: understanding of GAAP and risk analysis principles; familiarity with SQL and Power BI for financial reporting. This is a great opportunity to make an impact in a fast-paced environment.,Entry level (0-1 years),Diploma or equivalent professional certification,"INR 400,000-800,000",Full-time,"['SQL', 'Power BI']",2
100839,DevOps Engineer,Harbor & Co,"New York, NY, USA",Join us as a DevOps Engineer and help drive our team's success. Responsibilities include: set up monitoring and alerting to ensure system reliability; automate configuration management with Ansible; manage cloud infrastructure on AWS using Terraform. Requirements: strong experience with AWS and infrastructure-as-code tools like Terraform; experience building CI/CD pipelines and automation scripts in Python. This role offers competitive benefits and a flexible work culture.,Lead (8-12 years),Master's Degree in Business Administration (MBA),"GBP 45,000-75,000",Full-time,"['Python', 'AWS', 'CI/CD']",3
100840,Backend Software Engineer,Northgate Logistics,"Hyderabad, Telangana, India",We are looking for a motivated Backend Software Engineer to join our growing team. Responsibilities include: optimize PostgreSQL queries for performance at scale; design and build scalable REST APIs using Java and Spring Boot; develop and maintain microservices deployed on Kubernetes. Requirements: practical knowledge of Docker and Kubernetes for containerized deployments; experience working with AWS cloud services. This is a great opportunity to make an impact in a fast-paced environment.,Entry level (0-1 years),Master's Degree in Business Administration (MBA),"USD 160,000-220,000",Full-time,"['SQL', 'Java', 'AWS', 'Kubernetes', 'Docker', 'Spring Boot']",6
100841,Financial Analyst,Cascade Cloud Inc,"Hyderabad, Telangana, India",Our company is hiring an experienced Financial Analyst to support key initiatives. Responsibilities include: prepare monthly financial reporting and variance analysis; ensure reporting complies with GAAP standards; create dashboards in Power BI to track key financial metrics. Requirements: familiarity with SQL and Power BI for financial reporting; understanding of GAAP and risk analysis principles. We value continuous learning and provide support for career development.,Executive (12+ years),Master's Degree in Business Administration (MBA),"GBP 28,000-45,000",Full-time,"['SQL', 'Power BI']",2
100842,UX/UI Designer,Nimbus Analytics,"Hyderabad, Telangana, India",Our company is hiring an experienced UX/UI Designer to support key initiatives. Responsibilities include: create wireframes and interactive prototypes using Figma; build and maintain a consistent design system across products; collaborate with product and engineering teams on interaction design. Requirements: strong portfolio demonstrating wireframing and prototyping skills; understanding of accessibility and visual design principles. This role offers competitive benefits and a flexible work culture.,Executive (12+ years),Diploma or equivalent professional certification,"INR 400,000-800,000",Full-time,['Figma'],1
100843,Human Resources Business Partner,Willowbrook Hospitality,"Toronto, Canada",We are seeking a talented Human Resources Business Partner who is passionate about delivering results. Responsibilities include: partner with department leaders on talent acquisition and workforce planning; manage the employee onboarding process end to end; support performance management cycles and compensation planning. Requirements: experience in talent acquisition and employee relations; understanding of labor law compliance requirements. We offer a collaborative environment and opportunities for professional growth.,Entry level (0-1 years),Diploma or equivalent professional certification,"INR 1,600,000-2,800,000",Full-time,[],0
100844,Business Analyst,Ironwood Manufacturing,"Vancouver, Canada",We are looking for a motivated Business Analyst to join our growing team. Responsibilities include: gather and document business requirements from stakeholders; work closely with Agile teams to translate requirements into user stories; create process maps to visualize current and future state workflows. Requirements: familiarity with Agile delivery and documentation practices; experience in requirements gathering and process mapping. This role offers competitive benefits and a flexible work culture.,Senior (5-8 years),Master's Degree,"GBP 28,000-45,000",Full-time,['Agile'],1
100845,Frontend Developer,Riverside EdTech,"Hyderabad, Telangana, India",Join us as a Frontend Developer and help drive our team's success. Responsibilities include: manage application state using Redux; optimize bundle size and performance using Webpack; write unit tests with Jest to ensure code reliability. Requirements: experience collaborating with designers using tools like Figma; hands-on experience with React and modern frontend tooling. We value continuous learning and provide support for career development.,Executive (12+ years),"Master's Degree in Data Science, Statistics, or related field","GBP 28,000-45,000",Full-time,"['React', 'Figma']",2
100846,Product Manager,Nimbus Analytics,"Boston, MA, USA",We are seeking a talented Product Manager who is passionate about delivering results. Responsibilities include: communicate product strategy to stakeholders across the organization; own the product roadmap and prioritize features based on user research; analyze product data to inform strategic decisions. Requirements: excellent stakeholder management and cross-functional leadership abilities; experience owning product strategy and roadmap planning. This role offers competitive benefits and a flexible work culture.,Mid level (3-5 years),Diploma or equivalent professional certification,"USD 75,000-110,000",Full-time,[],0
100847,Human Resources Business Partner,Redwood Robotics,"Mumbai, Maharashtra, India",Our company is hiring an experienced Human Resources Business Partner to support key initiatives. Responsibilities include: partner with department leaders on talent acquisition and workforce planning; manage the employee onboarding process end to end; support performance management cycles and compensation planning. Requirements: experience in talent acquisition and employee relations; working knowledge of HRIS systems and performance management processes. This is a great opportunity to make an impact in a fast-paced environment.,Executive (12+ years),PhD or equivalent research experience,"INR 800,000-1,600,000",Full-time,[],0
100848,Customer Support Specialist,Meridian Health Solutions,"Austin, TX, USA","Join us as a Customer Support Specialist and help drive our team's success. Responsibilities include: maintain accurate records in the CRM software; handle escalation management for high-priority customer concerns; respond to customer inquiries via email, live chat, and ticketing systems like Zendesk. Requirements: prior experience in customer service or technical support; strong communication and conflict resolution skills. We value continuous learning and provide support for career development.",Mid level (3-5 years),"Master's Degree in Data Science, Statistics, or related field","INR 1,600,000-2,800,000",Internship,[],0
100849,Business Analyst,Orbital Systems,"Manchester, United Kingdom",We are looking for a motivated Business Analyst to join our growing team. Responsibilities include: gather and document business requirements from stakeholders; build reports and dashboards in Power BI to support decision-making; create process maps to visualize current and future state workflows. Requirements: strong SQL and Excel skills for data analysis; excellent stakeholder management and problem-solving skills. This role offers competitive benefits and a flexible work culture.,Lead (8-12 years),"Master's Degree in Data Science, Statistics, or related field","INR 400,000-800,000",Contract,"['SQL', 'Power BI', 'Excel']",3
100850,Customer Support Specialist,Harbor & Co,"Dubai, UAE","We are seeking a talented Customer Support Specialist who is passionate about delivering results. Responsibilities include: respond to customer inquiries via email, live chat, and ticketing systems like Zendesk; maintain accurate records in the CRM software; handle escalation management for high-priority customer concerns. Requirements: experience using CRM software to track customer interactions; prior experience in customer service or technical support. This role offers competitive benefits and a flexible work culture.",Junior (1-3 years),Master's Degree in Business Administration (MBA),"GBP 28,000-45,000",Full-time,[],0
100851,Digital Marketing Specialist,Solstice Pharma,Singapore,Join us as a Digital Marketing Specialist and help drive our team's success. Responsibilities include: analyze campaign performance using Google Analytics; plan and execute SEO strategies to improve organic search rankings; create engaging content for email marketing and social media channels. Requirements: strong copywriting skills for content and email marketing; proven experience with SEO and Google Analytics. We value continuous learning and provide support for career development.,Senior (5-8 years),Master's Degree in Business Administration (MBA),"USD 45,000-75,000",Full-time,[],0
100852,Digital Marketing Specialist,Bramble Retailers,"Berlin, Germany",We are seeking a talented Digital Marketing Specialist who is passionate about delivering results. Responsibilities include: manage paid advertising campaigns across Google Ads and social media; run A/B tests to optimize conversion rates on landing pages; create engaging content for email marketing and social media channels. Requirements: proven experience with SEO and Google Analytics; hands-on experience running PPC advertising campaigns. This role offers competitive benefits and a flexible work culture.,Lead (8-12 years),Bachelor's Degree in Computer Science or related field,"USD 75,000-110,000",Full-time,[],0
100853,Data Scientist,Redwood Robotics,"Boston, MA, USA",Join us as a Data Scientist and help drive our team's success. Responsibilities include: build and deploy machine learning models to solve business problems; design and evaluate A/B tests to measure product impact; analyze large datasets using Python and SQL to extract actionable insights. Requirements: familiarity with deep learning frameworks such as TensorFlow or PyTorch; strong proficiency in Python and SQL. This is a great opportunity to make an impact in a fast-paced environment.,Executive (12+ years),PhD or equivalent research experience,"INR 1,600,000-2,800,000",Full-time,"['Python', 'SQL', 'TensorFlow', 'PyTorch', 'Machine Learning', 'Deep Learning']",6
100854,Supply Chain Coordinator,Willowbrook Hospitality,"Seattle, WA, USA",Our company is hiring an experienced Supply Chain Coordinator to support key initiatives. Responsibilities include: identify opportunities for process improvement and cost analysis; work with SAP to manage procurement and vendor management processes; communicate with logistics partners to ensure timely deliveries. Requirements: strong Excel skills for demand planning and cost analysis; experience in logistics coordination and inventory management. We value continuous learning and provide support for career development.,Junior (1-3 years),Master's Degree,"INR 400,000-800,000",Contract,"['Excel', 'SAP']",2
100855,Business Analyst,Nova Payments Inc,"Sydney, Australia",We are looking for a motivated Business Analyst to join our growing team. Responsibilities include: analyze data using SQL and Excel to identify process improvements; build reports and dashboards in Power BI to support decision-making; create process maps to visualize current and future state workflows. Requirements: familiarity with Agile delivery and documentation practices; excellent stakeholder management and problem-solving skills. We value continuous learning and provide support for career development.,Junior (1-3 years),PhD or equivalent research experience,"INR 1,600,000-2,800,000",Full-time,"['SQL', 'Power BI', 'Excel', 'Agile']",4
100856,Product Manager,Ironwood Manufacturing,"Manchester, United Kingdom",We are looking for a motivated Product Manager to join our growing team. Responsibilities include: analyze product data to inform strategic decisions; own the product roadmap and prioritize features based on user research; communicate product strategy to stakeholders across the organization. Requirements: strong data analysis and prioritization skills; experience owning product strategy and roadmap planning. We value continuous learning and provide support for career development.,Senior (5-8 years),Diploma or equivalent professional certification,"USD 45,000-75,000",Full-time,[],0
100857,Frontend Developer,Delta Freight Solutions,"Amsterdam, Netherlands","Our company is hiring an experienced Frontend Developer to support key initiatives. Responsibilities include: write unit tests with Jest to ensure code reliability; build responsive, accessible user interfaces using React and TypeScript; translate Figma designs into pixel-perfect HTML and CSS. Requirements: experience collaborating with designers using tools like Figma; strong command of JavaScript, HTML, and CSS. We offer a collaborative environment and opportunities for professional growth.",Mid level (3-5 years),High School Diploma,"INR 1,600,000-2,800,000",Contract,"['JavaScript', 'React', 'Figma']",3
100858,Data Scientist,Skyline Software Labs,"Sydney, Australia",Join us as a Data Scientist and help drive our team's success. Responsibilities include: design and evaluate A/B tests to measure product impact; build and deploy machine learning models to solve business problems; collaborate with engineering teams to productionize models using TensorFlow or PyTorch. Requirements: strong proficiency in Python and SQL; familiarity with deep learning frameworks such as TensorFlow or PyTorch. This role offers competitive benefits and a flexible work culture.,Lead (8-12 years),Bachelor's Degree,"INR 400,000-800,000",Full-time,"['Python', 'SQL', 'TensorFlow', 'PyTorch', 'Machine Learning', 'Deep Learning']",6
100859,Customer Support Specialist,Cobalt Retail Group,"Amsterdam, Netherlands",Our company is hiring an experienced Customer Support Specialist to support key initiatives. Responsibilities include: maintain accurate records in the CRM software; handle escalation management for high-priority customer concerns; build strong product knowledge to resolve issues efficiently. Requirements: prior experience in customer service or technical support; familiarity with ticketing systems such as Zendesk. This role offers competitive benefits and a flexible work culture.,Senior (5-8 years),Bachelor's Degree in Computer Science or related field,"USD 160,000-220,000",Part-time,[],0
100860,Backend Software Engineer,Fernwood Digital,"Mumbai, Maharashtra, India",Our company is hiring an experienced Backend Software Engineer to support key initiatives. Responsibilities include: design and build scalable REST APIs using Java and Spring Boot; set up CI/CD pipelines to automate testing and deployment; optimize PostgreSQL queries for performance at scale. Requirements: understanding of CI/CD pipelines and version control with Git; practical knowledge of Docker and Kubernetes for containerized deployments. We offer a collaborative environment and opportunities for professional growth.,Entry level (0-1 years),Bachelor's Degree,"USD 160,000-220,000",Full-time,"['SQL', 'Java', 'Kubernetes', 'Docker', 'Git', 'CI/CD', 'Spring Boot']",7
100861,Backend Software Engineer,Harbor & Co,"London, United Kingdom","We are seeking a talented Backend Software Engineer who is passionate about delivering results. Responsibilities include: optimize PostgreSQL queries for performance at scale; set up CI/CD pipelines to automate testing and deployment; write clean, testable code and participate in code reviews using Git. Requirements: solid experience with Java and Spring Boot; practical knowledge of Docker and Kubernetes for containerized deployments. This role offers competitive benefits and a flexible work culture.",Junior (1-3 years),Master's Degree,"GBP 45,000-75,000",Full-time,"['SQL', 'Java', 'Kubernetes', 'Docker', 'Git', 'CI/CD', 'Spring Boot']",7
100862,Supply Chain Coordinator,Nimbus Analytics,"Delhi, India",Our company is hiring an experienced Supply Chain Coordinator to support key initiatives. Responsibilities include: identify opportunities for process improvement and cost analysis; communicate with logistics partners to ensure timely deliveries; work with SAP to manage procurement and vendor management processes. Requirements: strong Excel skills for demand planning and cost analysis; experience with vendor management and procurement. We offer a collaborative environment and opportunities for professional growth.,Executive (12+ years),Master's Degree,"USD 110,000-160,000",Full-time,"['Excel', 'SAP']",2
100863,Business Analyst,Redwood Robotics,"Boston, MA, USA",Join us as a Business Analyst and help drive our team's success. Responsibilities include: build reports and dashboards in Power BI to support decision-making; work closely with Agile teams to translate requirements into user stories; gather and document business requirements from stakeholders. Requirements: experience in requirements gathering and process mapping; strong SQL and Excel skills for data analysis. This is a great opportunity to make an impact in a fast-paced environment.,Senior (5-8 years),PhD or equivalent research experience,"USD 75,000-110,000",Full-time,"['SQL', 'Power BI', 'Excel', 'Agile']",4
100864,Backend Software Engineer,Pinecrest Energy,"London, United Kingdom","Join us as a Backend Software Engineer and help drive our team's success. Responsibilities include: design and build scalable REST APIs using Java and Spring Boot; write clean, testable code and participate in code reviews using Git; optimize PostgreSQL queries for performance at scale. Requirements: understanding of CI/CD pipelines and version control with Git; experience working with AWS cloud services. This is a great opportunity to make an impact in a fast-paced environment.",Mid level (3-5 years),High School Diploma,"EUR 55,000-90,000",Full-time,"['SQL', 'Java', 'AWS', 'Git', 'CI/CD', 'Spring Boot']",6
100865,Digital Marketing Specialist,Nimbus Analytics,"Delhi, India",Join us as a Digital Marketing Specialist and help drive our team's success. Responsibilities include: run A/B tests to optimize conversion rates on landing pages; plan and execute SEO strategies to improve organic search rankings; create engaging content for email marketing and social media channels. Requirements: hands-on experience running PPC advertising campaigns; familiarity with marketing automation tools such as HubSpot. We value continuous learning and provide support for career development.,Lead (8-12 years),Master's Degree,"INR 800,000-1,600,000",Full-time,[],0
100866,Product Manager,Quartz Data Systems,"Chennai, Tamil Nadu, India",We are looking for a motivated Product Manager to join our growing team. Responsibilities include: analyze product data to inform strategic decisions; communicate product strategy to stakeholders across the organization; work with engineering and design teams in an Agile environment using Jira. Requirements: familiarity with Agile methodologies and tools like Jira; strong data analysis and prioritization skills. We value continuous learning and provide support for career development.,Executive (12+ years),Master's Degree in Business Administration (MBA),"INR 1,600,000-2,800,000",Full-time,"['Jira', 'Agile']",2
100867,Frontend Developer,Quartz Data Systems,"Seattle, WA, USA","Join us as a Frontend Developer and help drive our team's success. Responsibilities include: build responsive, accessible user interfaces using React and TypeScript; optimize bundle size and performance using Webpack; write unit tests with Jest to ensure code reliability. Requirements: hands-on experience with React and modern frontend tooling; strong command of JavaScript, HTML, and CSS. We offer a collaborative environment and opportunities for professional growth.",Lead (8-12 years),"Master's Degree in Data Science, Statistics, or related field","EUR 35,000-55,000",Full-time,"['JavaScript', 'React']",2
100868,Supply Chain Coordinator,Orbital Systems,"Vancouver, Canada",Our company is hiring an experienced Supply Chain Coordinator to support key initiatives. Responsibilities include: coordinate inventory management and shipment tracking across warehouses; work with SAP to manage procurement and vendor management processes; support demand planning to optimize stock levels. Requirements: experience with vendor management and procurement; hands-on knowledge of SAP or similar ERP systems. We offer a collaborative environment and opportunities for professional growth.,Senior (5-8 years),"Master's Degree in Data Science, Statistics, or related field","USD 160,000-220,000",Internship,['SAP'],1
100869,Data Scientist,Delta Freight Solutions,"Austin, TX, USA",We are seeking a talented Data Scientist who is passionate about delivering results. Responsibilities include: create dashboards and visualizations to communicate findings to stakeholders; build and deploy machine learning models to solve business problems; collaborate with engineering teams to productionize models using TensorFlow or PyTorch. Requirements: familiarity with deep learning frameworks such as TensorFlow or PyTorch; strong proficiency in Python and SQL. This is a great opportunity to make an impact in a fast-paced environment.,Executive (12+ years),Bachelor's Degree,"GBP 28,000-45,000",Full-time,"['Python', 'SQL', 'TensorFlow', 'PyTorch', 'Machine Learning', 'Deep Learning']",6
100870,Financial Analyst,Cobalt Retail Group,"Sydney, Australia","Join us as a Financial Analyst and help drive our team's success. Responsibilities include: create dashboards in Power BI to track key financial metrics; use SQL to extract and analyze financial data from internal systems; build financial models to support budgeting and forecasting. Requirements: experience with forecasting, budgeting, and variance analysis; familiarity with SQL and Power BI for financial reporting. This role offers competitive benefits and a flexible work culture.",Junior (1-3 years),Master's Degree,"INR 400,000-800,000",Full-time,"['SQL', 'Power BI']",2
100871,Financial Analyst,Solstice Pharma,"Berlin, Germany","We are looking for a motivated Financial Analyst to join our growing team. Responsibilities include: build financial models to support budgeting and forecasting; prepare monthly financial reporting and variance analysis; ensure reporting complies with GAAP standards. Requirements: experience with forecasting, budgeting, and variance analysis; advanced Excel skills including financial modeling. We value continuous learning and provide support for career development.",Junior (1-3 years),Bachelor's Degree,"EUR 35,000-55,000",Contract,['Excel'],1
100872,Financial Analyst,Pinecrest Energy,"Amsterdam, Netherlands",Join us as a Financial Analyst and help drive our team's success. Responsibilities include: prepare monthly financial reporting and variance analysis; ensure reporting complies with GAAP standards; use SQL to extract and analyze financial data from internal systems. Requirements: understanding of GAAP and risk analysis principles; familiarity with SQL and Power BI for financial reporting. We value continuous learning and provide support for career development.,Mid level (3-5 years),Bachelor's Degree in Computer Science or related field,"EUR 55,000-90,000",Contract,"['SQL', 'Power BI']",2
100873,Human Resources Business Partner,Delta Freight Solutions,"Amsterdam, Netherlands",Join us as a Human Resources Business Partner and help drive our team's success. Responsibilities include: partner with department leaders on talent acquisition and workforce planning; ensure labor law compliance across all HR processes; support performance management cycles and compensation planning. Requirements: strong stakeholder management and communication skills; experience in talent acquisition and employee relations. We offer a collaborative environment and opportunities for professional growth.,Entry level (0-1 years),Diploma or equivalent professional certification,"INR 1,600,000-2,800,000",Contract,[],0
100874,Product Manager,Northgate Logistics,"Bengaluru, Karnataka, India",We are seeking a talented Product Manager who is passionate about delivering results. Responsibilities include: run A/B tests to validate product hypotheses; analyze product data to inform strategic decisions; communicate product strategy to stakeholders across the organization. Requirements: strong data analysis and prioritization skills; experience owning product strategy and roadmap planning. This role offers competitive benefits and a flexible work culture.,Mid level (3-5 years),High School Diploma,"USD 160,000-220,000",Full-time,[],0
100875,Digital Marketing Specialist,Fernwood Digital,"Amsterdam, Netherlands",We are looking for a motivated Digital Marketing Specialist to join our growing team. Responsibilities include: run A/B tests to optimize conversion rates on landing pages; plan and execute SEO strategies to improve organic search rankings; analyze campaign performance using Google Analytics. Requirements: familiarity with marketing automation tools such as HubSpot; hands-on experience running PPC advertising campaigns. We offer a collaborative environment and opportunities for professional growth.,Lead (8-12 years),Master's Degree in Business Administration (MBA),"INR 1,600,000-2,800,000",Full-time,[],0
100876,Data Scientist,Prism Media Group,"Manchester, United Kingdom",Our company is hiring an experienced Data Scientist to support key initiatives. Responsibilities include: create dashboards and visualizations to communicate findings to stakeholders; design and evaluate A/B tests to measure product impact; collaborate with engineering teams to productionize models using TensorFlow or PyTorch. Requirements: strong proficiency in Python and SQL; experience with data visualization tools like Tableau or Power BI. This is a great opportunity to make an impact in a fast-paced environment.,Mid level (3-5 years),High School Diploma,"USD 110,000-160,000",Full-time,"['Python', 'SQL', 'Power BI', 'Tableau', 'TensorFlow', 'PyTorch']",6
100877,Backend Software Engineer,Bramble Retailers,Singapore,"We are looking for a motivated Backend Software Engineer to join our growing team. Responsibilities include: set up CI/CD pipelines to automate testing and deployment; design and build scalable REST APIs using Java and Spring Boot; write clean, testable code and participate in code reviews using Git. Requirements: understanding of CI/CD pipelines and version control with Git; solid experience with Java and Spring Boot. We value continuous learning and provide support for career development.",Executive (12+ years),High School Diploma,"INR 800,000-1,600,000",Internship,"['Java', 'Git', 'CI/CD', 'Spring Boot']",4
100878,UX/UI Designer,BluePeak Technologies,"Hyderabad, Telangana, India",We are seeking a talented UX/UI Designer who is passionate about delivering results. Responsibilities include: collaborate with product and engineering teams on interaction design; ensure designs meet accessibility standards; create wireframes and interactive prototypes using Figma. Requirements: proficiency in Figma or Adobe XD; strong portfolio demonstrating wireframing and prototyping skills. We offer a collaborative environment and opportunities for professional growth.,Lead (8-12 years),Master's Degree,"EUR 55,000-90,000",Full-time,['Figma'],1
100879,Data Scientist,Riverside EdTech,"New York, NY, USA","Join us as a Data Scientist and help drive our team's success. Responsibilities include: build and deploy machine learning models to solve business problems; collaborate with engineering teams to productionize models using TensorFlow or PyTorch; analyze large datasets using Python and SQL to extract actionable insights. Requirements: hands-on experience with pandas, scikit-learn, and statistical modeling techniques; experience with data visualization tools like Tableau or Power BI. This is a great opportunity to make an impact in a fast-paced environment.",Senior (5-8 years),High School Diploma,"GBP 45,000-75,000",Full-time,"['Python', 'SQL', 'Power BI', 'Tableau', 'TensorFlow', 'PyTorch', 'Pandas', 'Scikit-learn', 'Machine Learning']",9
100880,Customer Support Specialist,Cobalt Retail Group,"Hyderabad, Telangana, India","Our company is hiring an experienced Customer Support Specialist to support key initiatives. Responsibilities include: maintain accurate records in the CRM software; build strong product knowledge to resolve issues efficiently; respond to customer inquiries via email, live chat, and ticketing systems like Zendesk. Requirements: familiarity with ticketing systems such as Zendesk; prior experience in customer service or technical support. We offer a collaborative environment and opportunities for professional growth.",Lead (8-12 years),"Master's Degree in Data Science, Statistics, or related field","INR 800,000-1,600,000",Full-time,[],0
100881,Business Analyst,Nimbus Analytics,"San Francisco, CA, USA",Our company is hiring an experienced Business Analyst to support key initiatives. Responsibilities include: gather and document business requirements from stakeholders; work closely with Agile teams to translate requirements into user stories; build reports and dashboards in Power BI to support decision-making. Requirements: strong SQL and Excel skills for data analysis; excellent stakeholder management and problem-solving skills. This role offers competitive benefits and a flexible work culture.,Lead (8-12 years),High School Diploma,"USD 45,000-75,000",Full-time,"['SQL', 'Power BI', 'Excel', 'Agile']",4
100882,Digital Marketing Specialist,BluePeak Technologies,"Seattle, WA, USA",Our company is hiring an experienced Digital Marketing Specialist to support key initiatives. Responsibilities include: run A/B tests to optimize conversion rates on landing pages; create engaging content for email marketing and social media channels; manage paid advertising campaigns across Google Ads and social media. Requirements: proven experience with SEO and Google Analytics; strong copywriting skills for content and email marketing. We offer a collaborative environment and opportunities for professional growth.,Executive (12+ years),Master's Degree,"INR 400,000-800,000",Full-time,[],0
100883,Backend Software Engineer,Skyline Software Labs,"Amsterdam, Netherlands","Join us as a Backend Software Engineer and help drive our team's success. Responsibilities include: write clean, testable code and participate in code reviews using Git; optimize PostgreSQL queries for performance at scale; set up CI/CD pipelines to automate testing and deployment. Requirements: experience working with AWS cloud services; understanding of CI/CD pipelines and version control with Git. This role offers competitive benefits and a flexible work culture.",Executive (12+ years),"Master's Degree in Data Science, Statistics, or related field","USD 160,000-220,000",Full-time,"['SQL', 'AWS', 'Git', 'CI/CD']",4
100884,Customer Support Specialist,Willowbrook Hospitality,"Austin, TX, USA",We are seeking a talented Customer Support Specialist who is passionate about delivering results. Responsibilities include: build strong product knowledge to resolve issues efficiently; handle escalation management for high-priority customer concerns; troubleshoot product issues and escalate complex cases when needed. Requirements: prior experience in customer service or technical support; experience using CRM software to track customer interactions. This role offers competitive benefits and a flexible work culture.,Lead (8-12 years),Bachelor's Degree,"USD 45,000-75,000",Full-time,[],0
100885,Customer Support Specialist,Northgate Logistics,"Chicago, IL, USA","Our company is hiring an experienced Customer Support Specialist to support key initiatives. Responsibilities include: respond to customer inquiries via email, live chat, and ticketing systems like Zendesk; troubleshoot product issues and escalate complex cases when needed; maintain accurate records in the CRM software. Requirements: experience using CRM software to track customer interactions; strong communication and conflict resolution skills. This is a great opportunity to make an impact in a fast-paced environment.",Junior (1-3 years),Bachelor's Degree,"INR 800,000-1,600,000",Part-time,[],0
100886,Backend Software Engineer,Nimbus Analytics,"Vancouver, Canada","Join us as a Backend Software Engineer and help drive our team's success. Responsibilities include: write clean, testable code and participate in code reviews using Git; design and build scalable REST APIs using Java and Spring Boot; set up CI/CD pipelines to automate testing and deployment. Requirements: experience working with AWS cloud services; understanding of CI/CD pipelines and version control with Git. This is a great opportunity to make an impact in a fast-paced environment.",Mid level (3-5 years),Master's Degree in Business Administration (MBA),"EUR 35,000-55,000",Contract,"['Java', 'AWS', 'Git', 'CI/CD', 'Spring Boot']",5
100887,Product Manager,Nimbus Analytics,"London, United Kingdom",Join us as a Product Manager and help drive our team's success. Responsibilities include: work with engineering and design teams in an Agile environment using Jira; analyze product data to inform strategic decisions; run A/B tests to validate product hypotheses. Requirements: experience owning product strategy and roadmap planning; strong data analysis and prioritization skills. We value continuous learning and provide support for career development.,Entry level (0-1 years),Master's Degree,"USD 160,000-220,000",Full-time,"['Jira', 'Agile']",2
100888,Data Scientist,Zenith Marketing House,"Boston, MA, USA","Our company is hiring an experienced Data Scientist to support key initiatives. Responsibilities include: build and deploy machine learning models to solve business problems; design and evaluate A/B tests to measure product impact; collaborate with engineering teams to productionize models using TensorFlow or PyTorch. Requirements: experience with data visualization tools like Tableau or Power BI; hands-on experience with pandas, scikit-learn, and statistical modeling techniques. We offer a collaborative environment and opportunities for professional growth.",Lead (8-12 years),"Master's Degree in Data Science, Statistics, or related field","INR 400,000-800,000",Internship,"['Power BI', 'Tableau', 'TensorFlow', 'PyTorch', 'Pandas', 'Scikit-learn', 'Machine Learning']",7
100889,Backend Software Engineer,Zenith Marketing House,"London, United Kingdom","Join us as a Backend Software Engineer and help drive our team's success. Responsibilities include: set up CI/CD pipelines to automate testing and deployment; write clean, testable code and participate in code reviews using Git; design and build scalable REST APIs using Java and Spring Boot. Requirements: understanding of CI/CD pipelines and version control with Git; practical knowledge of Docker and Kubernetes for containerized deployments. This role offers competitive benefits and a flexible work culture.",Executive (12+ years),Master's Degree in Business Administration (MBA),"GBP 45,000-75,000",Internship,"['Java', 'Kubernetes', 'Docker', 'Git', 'CI/CD', 'Spring Boot']",6
100890,Frontend Developer,Nova Payments Inc,"Mumbai, Maharashtra, India","Our company is hiring an experienced Frontend Developer to support key initiatives. Responsibilities include: optimize bundle size and performance using Webpack; manage application state using Redux; translate Figma designs into pixel-perfect HTML and CSS. Requirements: experience collaborating with designers using tools like Figma; strong command of JavaScript, HTML, and CSS. We value continuous learning and provide support for career development.",Executive (12+ years),Master's Degree in Business Administration (MBA),"USD 75,000-110,000",Full-time,"['JavaScript', 'Figma']",2
100891,Human Resources Business Partner,Skyline Software Labs,Remote,We are seeking a talented Human Resources Business Partner who is passionate about delivering results. Responsibilities include: ensure labor law compliance across all HR processes; handle employee relations issues and conflict resolution; manage the employee onboarding process end to end. Requirements: working knowledge of HRIS systems and performance management processes; understanding of labor law compliance requirements. This is a great opportunity to make an impact in a fast-paced environment.,Executive (12+ years),High School Diploma,"USD 75,000-110,000",Full-time,[],0
100892,Data Scientist,Silverline Consulting,"Mumbai, Maharashtra, India","Our company is hiring an experienced Data Scientist to support key initiatives. Responsibilities include: collaborate with engineering teams to productionize models using TensorFlow or PyTorch; build and deploy machine learning models to solve business problems; design and evaluate A/B tests to measure product impact. Requirements: strong proficiency in Python and SQL; hands-on experience with pandas, scikit-learn, and statistical modeling techniques. We value continuous learning and provide support for career development.",Mid level (3-5 years),Diploma or equivalent professional certification,"EUR 55,000-90,000",Full-time,"['Python', 'SQL', 'TensorFlow', 'PyTorch', 'Pandas', 'Scikit-learn', 'Machine Learning']",7
100893,Backend Software Engineer,Silverline Consulting,"Delhi, India",Our company is hiring an experienced Backend Software Engineer to support key initiatives. Responsibilities include: develop and maintain microservices deployed on Kubernetes; optimize PostgreSQL queries for performance at scale; design and build scalable REST APIs using Java and Spring Boot. Requirements: solid experience with Java and Spring Boot; understanding of CI/CD pipelines and version control with Git. We offer a collaborative environment and opportunities for professional growth.,Mid level (3-5 years),Master's Degree in Business Administration (MBA),"GBP 28,000-45,000",Full-time,"['SQL', 'Java', 'Kubernetes', 'Git', 'CI/CD', 'Spring Boot']",6
100894,Supply Chain Coordinator,BluePeak Technologies,"Delhi, India",Our company is hiring an experienced Supply Chain Coordinator to support key initiatives. Responsibilities include: coordinate inventory management and shipment tracking across warehouses; support demand planning to optimize stock levels; work with SAP to manage procurement and vendor management processes. Requirements: experience in logistics coordination and inventory management; strong Excel skills for demand planning and cost analysis. We value continuous learning and provide support for career development.,Senior (5-8 years),"Master's Degree in Data Science, Statistics, or related field","USD 45,000-75,000",Full-time,"['Excel', 'SAP']",2
100895,Customer Support Specialist,Quartz Data Systems,"Bengaluru, Karnataka, India","Join us as a Customer Support Specialist and help drive our team's success. Responsibilities include: respond to customer inquiries via email, live chat, and ticketing systems like Zendesk; handle escalation management for high-priority customer concerns; build strong product knowledge to resolve issues efficiently. Requirements: familiarity with ticketing systems such as Zendesk; experience using CRM software to track customer interactions. We value continuous learning and provide support for career development.",Mid level (3-5 years),Bachelor's Degree,"USD 75,000-110,000",Full-time,[],0
100896,Supply Chain Coordinator,Lumen Insurance,"Pune, Maharashtra, India",We are seeking a talented Supply Chain Coordinator who is passionate about delivering results. Responsibilities include: communicate with logistics partners to ensure timely deliveries; support demand planning to optimize stock levels; work with SAP to manage procurement and vendor management processes. Requirements: experience with vendor management and procurement; strong Excel skills for demand planning and cost analysis. We value continuous learning and provide support for career development.,Mid level (3-5 years),Bachelor's Degree in Computer Science or related field,"USD 45,000-75,000",Full-time,"['Excel', 'SAP']",2
100897,Product Manager,Harbor & Co,"Dubai, UAE",Our company is hiring an experienced Product Manager to support key initiatives. Responsibilities include: communicate product strategy to stakeholders across the organization; own the product roadmap and prioritize features based on user research; analyze product data to inform strategic decisions. Requirements: familiarity with Agile methodologies and tools like Jira; excellent stakeholder management and cross-functional leadership abilities. We value continuous learning and provide support for career development.,Mid level (3-5 years),High School Diploma,"INR 400,000-800,000",Full-time,"['Jira', 'Agile']",2
100898,DevOps Engineer,Cascade Cloud Inc,Singapore,We are looking for a motivated DevOps Engineer to join our growing team. Responsibilities include: manage cloud infrastructure on AWS using Terraform; build and maintain CI/CD pipelines with Jenkins; containerize applications using Docker and orchestrate them with Kubernetes. Requirements: familiarity with monitoring and logging tools; experience building CI/CD pipelines and automation scripts in Python. We offer a collaborative environment and opportunities for professional growth.,Executive (12+ years),Bachelor's Degree in Computer Science or related field,"INR 1,600,000-2,800,000",Full-time,"['Python', 'AWS', 'Kubernetes', 'Docker', 'CI/CD']",5
100899,Customer Support Specialist,Bramble Retailers,"Bengaluru, Karnataka, India","We are seeking a talented Customer Support Specialist who is passionate about delivering results. Responsibilities include: troubleshoot product issues and escalate complex cases when needed; maintain accurate records in the CRM software; respond to customer inquiries via email, live chat, and ticketing systems like Zendesk. Requirements: strong communication and conflict resolution skills; prior experience in customer service or technical support. We value continuous learning and provide support for career development.",Executive (12+ years),Diploma or equivalent professional certification,"INR 800,000-1,600,000",Full-time,[],0
100900,DevOps Engineer,Silverline Consulting,"Seattle, WA, USA","Join us as a DevOps Engineer and help drive our team's success. Responsibilities include: containerize applications using Docker and orchestrate them with Kubernetes; manage cloud infrastructure on AWS using Terraform; build and maintain CI/CD pipelines with Jenkins. Requirements: strong experience with AWS and infrastructure-as-code tools like Terraform; hands-on knowledge of Docker, Kubernetes, and Linux administration. This is a great opportunity to make an impact in a fast-paced environment.",Entry level (0-1 years),Master's Degree,"GBP 28,000-45,000",Part-time,"['AWS', 'Kubernetes', 'Docker', 'CI/CD']",4
100901,Business Analyst,Northgate Logistics,"Toronto, Canada",Our company is hiring an experienced Business Analyst to support key initiatives. Responsibilities include: build reports and dashboards in Power BI to support decision-making; analyze data using SQL and Excel to identify process improvements; create process maps to visualize current and future state workflows. Requirements: familiarity with Agile delivery and documentation practices; strong SQL and Excel skills for data analysis. We value continuous learning and provide support for career development.,Junior (1-3 years),Bachelor's Degree in Computer Science or related field,"GBP 45,000-75,000",Contract,"['SQL', 'Power BI', 'Excel', 'Agile']",4
100902,Human Resources Business Partner,Orbital Systems,"Pune, Maharashtra, India",Join us as a Human Resources Business Partner and help drive our team's success. Responsibilities include: manage the employee onboarding process end to end; ensure labor law compliance across all HR processes; support performance management cycles and compensation planning. Requirements: experience in talent acquisition and employee relations; understanding of labor law compliance requirements. We offer a collaborative environment and opportunities for professional growth.,Lead (8-12 years),Bachelor's Degree in Computer Science or related field,"EUR 35,000-55,000",Full-time,[],0
100903,Financial Analyst,Skyline Software Labs,"Amsterdam, Netherlands","We are looking for a motivated Financial Analyst to join our growing team. Responsibilities include: create dashboards in Power BI to track key financial metrics; build financial models to support budgeting and forecasting; use SQL to extract and analyze financial data from internal systems. Requirements: experience with forecasting, budgeting, and variance analysis; advanced Excel skills including financial modeling. This role offers competitive benefits and a flexible work culture.",Senior (5-8 years),Bachelor's Degree,"USD 110,000-160,000",Part-time,"['SQL', 'Power BI', 'Excel']",3
100904,Customer Support Specialist,Granite Construction Group,"Berlin, Germany",Join us as a Customer Support Specialist and help drive our team's success. Responsibilities include: handle escalation management for high-priority customer concerns; troubleshoot product issues and escalate complex cases when needed; maintain accurate records in the CRM software. Requirements: strong communication and conflict resolution skills; prior experience in customer service or technical support. We value continuous learning and provide support for career development.,Senior (5-8 years),"Master's Degree in Data Science, Statistics, or related field","USD 110,000-160,000",Internship,[],0
100905,Human Resources Business Partner,Pinecrest Energy,"Dubai, UAE",We are seeking a talented Human Resources Business Partner who is passionate about delivering results. Responsibilities include: support performance management cycles and compensation planning; ensure labor law compliance across all HR processes; handle employee relations issues and conflict resolution. Requirements: understanding of labor law compliance requirements; strong stakeholder management and communication skills. This is a great opportunity to make an impact in a fast-paced environment.,Executive (12+ years),High School Diploma,"USD 75,000-110,000",Full-time,[],0
100906,Digital Marketing Specialist,Riverside EdTech,"Vancouver, Canada",We are looking for a motivated Digital Marketing Specialist to join our growing team. Responsibilities include: manage paid advertising campaigns across Google Ads and social media; plan and execute SEO strategies to improve organic search rankings; analyze campaign performance using Google Analytics. Requirements: strong copywriting skills for content and email marketing; familiarity with marketing automation tools such as HubSpot. This is a great opportunity to make an impact in a fast-paced environment.,Executive (12+ years),Bachelor's Degree in Computer Science or related field,"EUR 35,000-55,000",Part-time,[],0
100907,Financial Analyst,Prism Media Group,"Toronto, Canada",Our company is hiring an experienced Financial Analyst to support key initiatives. Responsibilities include: use SQL to extract and analyze financial data from internal systems; create dashboards in Power BI to track key financial metrics; prepare monthly financial reporting and variance analysis. Requirements: advanced Excel skills including financial modeling; familiarity with SQL and Power BI for financial reporting. This is a great opportunity to make an impact in a fast-paced environment.,Executive (12+ years),Master's Degree in Business Administration (MBA),"USD 75,000-110,000",Full-time,"['SQL', 'Power BI', 'Excel']",3
100908,Digital Marketing Specialist,Prism Media Group,"London, United Kingdom",Our company is hiring an experienced Digital Marketing Specialist to support key initiatives. Responsibilities include: create engaging content for email marketing and social media channels; analyze campaign performance using Google Analytics; run A/B tests to optimize conversion rates on landing pages. Requirements: strong copywriting skills for content and email marketing; proven experience with SEO and Google Analytics. We value continuous learning and provide support for career development.,Junior (1-3 years),Bachelor's Degree in Computer Science or related field,"USD 45,000-75,000",Full-time,[],0
100909,Digital Marketing Specialist,Meridian Health Solutions,"Hyderabad, Telangana, India",Our company is hiring an experienced Digital Marketing Specialist to support key initiatives. Responsibilities include: analyze campaign performance using Google Analytics; run A/B tests to optimize conversion rates on landing pages; create engaging content for email marketing and social media channels. Requirements: proven experience with SEO and Google Analytics; familiarity with marketing automation tools such as HubSpot. We value continuous learning and provide support for career development.,Senior (5-8 years),Diploma or equivalent professional certification,"USD 160,000-220,000",Full-time,[],0
100910,Frontend Developer,Orbital Systems,"New York, NY, USA","We are looking for a motivated Frontend Developer to join our growing team. Responsibilities include: optimize bundle size and performance using Webpack; translate Figma designs into pixel-perfect HTML and CSS; build responsive, accessible user interfaces using React and TypeScript. Requirements: experience collaborating with designers using tools like Figma; strong command of JavaScript, HTML, and CSS. We value continuous learning and provide support for career development.",Lead (8-12 years),Bachelor's Degree in Computer Science or related field,"USD 45,000-75,000",Full-time,"['JavaScript', 'React', 'Figma']",3
100911,DevOps Engineer,Harbor & Co,Singapore,"We are seeking a talented DevOps Engineer who is passionate about delivering results. Responsibilities include: manage cloud infrastructure on AWS using Terraform; set up monitoring and alerting to ensure system reliability; build and maintain CI/CD pipelines with Jenkins. Requirements: familiarity with monitoring and logging tools; hands-on knowledge of Docker, Kubernetes, and Linux administration. We value continuous learning and provide support for career development.",Senior (5-8 years),Bachelor's Degree in Computer Science or related field,"GBP 28,000-45,000",Full-time,"['AWS', 'Kubernetes', 'Docker', 'CI/CD']",4
100912,Backend Software Engineer,Granite Construction Group,"Chennai, Tamil Nadu, India",We are looking for a motivated Backend Software Engineer to join our growing team. Responsibilities include: develop and maintain microservices deployed on Kubernetes; design and build scalable REST APIs using Java and Spring Boot; optimize PostgreSQL queries for performance at scale. Requirements: practical knowledge of Docker and Kubernetes for containerized deployments; experience working with AWS cloud services. We value continuous learning and provide support for career development.,Executive (12+ years),Bachelor's Degree,"INR 800,000-1,600,000",Temporary,"['SQL', 'Java', 'AWS', 'Kubernetes', 'Docker', 'Spring Boot']",6
100913,Digital Marketing Specialist,Silverline Consulting,"Sydney, Australia",We are looking for a motivated Digital Marketing Specialist to join our growing team. Responsibilities include: create engaging content for email marketing and social media channels; plan and execute SEO strategies to improve organic search rankings; analyze campaign performance using Google Analytics. Requirements: strong copywriting skills for content and email marketing; proven experience with SEO and Google Analytics. We offer a collaborative environment and opportunities for professional growth.,Executive (12+ years),Bachelor's Degree,"INR 800,000-1,600,000",Part-time,[],0
100914,Supply Chain Coordinator,Crestview Realty,"Mumbai, Maharashtra, India",Our company is hiring an experienced Supply Chain Coordinator to support key initiatives. Responsibilities include: support demand planning to optimize stock levels; identify opportunities for process improvement and cost analysis; coordinate inventory management and shipment tracking across warehouses. Requirements: experience with vendor management and procurement; experience in logistics coordination and inventory management. This is a great opportunity to make an impact in a fast-paced environment.,Lead (8-12 years),PhD or equivalent research experience,"USD 160,000-220,000",Full-time,[],0
100915,Digital Marketing Specialist,Cobalt Retail Group,"New York, NY, USA",Join us as a Digital Marketing Specialist and help drive our team's success. Responsibilities include: plan and execute SEO strategies to improve organic search rankings; create engaging content for email marketing and social media channels; analyze campaign performance using Google Analytics. Requirements: hands-on experience running PPC advertising campaigns; strong copywriting skills for content and email marketing. This role offers competitive benefits and a flexible work culture.,Entry level (0-1 years),Master's Degree,"USD 45,000-75,000",Full-time,[],0
100916,Data Scientist,Lumen Insurance,"Austin, TX, USA","We are seeking a talented Data Scientist who is passionate about delivering results. Responsibilities include: collaborate with engineering teams to productionize models using TensorFlow or PyTorch; analyze large datasets using Python and SQL to extract actionable insights; create dashboards and visualizations to communicate findings to stakeholders. Requirements: hands-on experience with pandas, scikit-learn, and statistical modeling techniques; experience with data visualization tools like Tableau or Power BI. This is a great opportunity to make an impact in a fast-paced environment.",Executive (12+ years),Master's Degree,"EUR 55,000-90,000",Full-time,"['Python', 'SQL', 'Power BI', 'Tableau', 'TensorFlow', 'PyTorch', 'Pandas', 'Scikit-learn']",8
100917,Product Manager,Bramble Retailers,"Sydney, Australia",We are looking for a motivated Product Manager to join our growing team. Responsibilities include: work with engineering and design teams in an Agile environment using Jira; own the product roadmap and prioritize features based on user research; communicate product strategy to stakeholders across the organization. Requirements: excellent stakeholder management and cross-functional leadership abilities; familiarity with Agile methodologies and tools like Jira. We value continuous learning and provide support for career development.,Mid level (3-5 years),Diploma or equivalent professional certification,"INR 400,000-800,000",Full-time,"['Jira', 'Agile']",2
100918,DevOps Engineer,Amber Foods Co,"Manchester, United Kingdom","We are looking for a motivated DevOps Engineer to join our growing team. Responsibilities include: containerize applications using Docker and orchestrate them with Kubernetes; automate configuration management with Ansible; set up monitoring and alerting to ensure system reliability. Requirements: hands-on knowledge of Docker, Kubernetes, and Linux administration; familiarity with monitoring and logging tools. This is a great opportunity to make an impact in a fast-paced environment.",Senior (5-8 years),"Master's Degree in Data Science, Statistics, or related field","EUR 55,000-90,000",Full-time,"['Kubernetes', 'Docker']",2
100919,Business Analyst,Lumen Insurance,Remote,Our company is hiring an experienced Business Analyst to support key initiatives. Responsibilities include: build reports and dashboards in Power BI to support decision-making; gather and document business requirements from stakeholders; create process maps to visualize current and future state workflows. Requirements: familiarity with Agile delivery and documentation practices; strong SQL and Excel skills for data analysis. We value continuous learning and provide support for career development.,Mid level (3-5 years),Master's Degree in Business Administration (MBA),"GBP 45,000-75,000",Full-time,"['SQL', 'Power BI', 'Excel', 'Agile']",4
100920,Financial Analyst,Cascade Cloud Inc,"Toronto, Canada","Join us as a Financial Analyst and help drive our team's success. Responsibilities include: prepare monthly financial reporting and variance analysis; use SQL to extract and analyze financial data from internal systems; create dashboards in Power BI to track key financial metrics. Requirements: advanced Excel skills including financial modeling; experience with forecasting, budgeting, and variance analysis. This is a great opportunity to make an impact in a fast-paced environment.",Mid level (3-5 years),High School Diploma,"INR 400,000-800,000",Full-time,"['SQL', 'Power BI', 'Excel']",3
100921,Financial Analyst,Northgate Logistics,Singapore,We are looking for a motivated Financial Analyst to join our growing team. Responsibilities include: ensure reporting complies with GAAP standards; use SQL to extract and analyze financial data from internal systems; build financial models to support budgeting and forecasting. Requirements: advanced Excel skills including financial modeling; familiarity with SQL and Power BI for financial reporting. We offer a collaborative environment and opportunities for professional growth.,Lead (8-12 years),Master's Degree,"EUR 55,000-90,000",Contract,"['SQL', 'Power BI', 'Excel']",3
100922,Financial Analyst,Fernwood Digital,"Seattle, WA, USA","We are looking for a motivated Financial Analyst to join our growing team. Responsibilities include: ensure reporting complies with GAAP standards; prepare monthly financial reporting and variance analysis; create dashboards in Power BI to track key financial metrics. Requirements: experience with forecasting, budgeting, and variance analysis; advanced Excel skills including financial modeling. This is a great opportunity to make an impact in a fast-paced environment.",Lead (8-12 years),Bachelor's Degree,"EUR 55,000-90,000",Internship,"['Power BI', 'Excel']",2
100923,UX/UI Designer,Northgate Logistics,"Chicago, IL, USA",Our company is hiring an experienced UX/UI Designer to support key initiatives. Responsibilities include: ensure designs meet accessibility standards; create wireframes and interactive prototypes using Figma; conduct user research and usability testing to inform design decisions. Requirements: strong portfolio demonstrating wireframing and prototyping skills; understanding of accessibility and visual design principles. We offer a collaborative environment and opportunities for professional growth.,Mid level (3-5 years),"Master's Degree in Data Science, Statistics, or related field","INR 1,600,000-2,800,000",Contract,['Figma'],1
100924,Customer Support Specialist,Cascade Cloud Inc,"Vancouver, Canada","Our company is hiring an experienced Customer Support Specialist to support key initiatives. Responsibilities include: troubleshoot product issues and escalate complex cases when needed; respond to customer inquiries via email, live chat, and ticketing systems like Zendesk; handle escalation management for high-priority customer concerns. Requirements: prior experience in customer service or technical support; familiarity with ticketing systems such as Zendesk. This is a great opportunity to make an impact in a fast-paced environment.",Mid level (3-5 years),Master's Degree in Business Administration (MBA),"USD 45,000-75,000",Full-time,[],0
100925,Frontend Developer,Solstice Pharma,"Austin, TX, USA","Join us as a Frontend Developer and help drive our team's success. Responsibilities include: build responsive, accessible user interfaces using React and TypeScript; optimize bundle size and performance using Webpack; manage application state using Redux. Requirements: hands-on experience with React and modern frontend tooling; strong command of JavaScript, HTML, and CSS. This is a great opportunity to make an impact in a fast-paced environment.",Entry level (0-1 years),Bachelor's Degree,"GBP 45,000-75,000",Contract,"['JavaScript', 'React']",2
100926,DevOps Engineer,Solstice Pharma,"Dubai, UAE","We are looking for a motivated DevOps Engineer to join our growing team. Responsibilities include: containerize applications using Docker and orchestrate them with Kubernetes; set up monitoring and alerting to ensure system reliability; build and maintain CI/CD pipelines with Jenkins. Requirements: hands-on knowledge of Docker, Kubernetes, and Linux administration; strong experience with AWS and infrastructure-as-code tools like Terraform. We value continuous learning and provide support for career development.",Mid level (3-5 years),PhD or equivalent research experience,"GBP 45,000-75,000",Contract,"['AWS', 'Kubernetes', 'Docker', 'CI/CD']",4
100927,Supply Chain Coordinator,Pinecrest Energy,"Vancouver, Canada",Join us as a Supply Chain Coordinator and help drive our team's success. Responsibilities include: communicate with logistics partners to ensure timely deliveries; support demand planning to optimize stock levels; work with SAP to manage procurement and vendor management processes. Requirements: strong Excel skills for demand planning and cost analysis; experience with vendor management and procurement. This role offers competitive benefits and a flexible work culture.,Senior (5-8 years),Bachelor's Degree,"USD 160,000-220,000",Full-time,"['Excel', 'SAP']",2
100928,Financial Analyst,Nimbus Analytics,"Vancouver, Canada","Our company is hiring an experienced Financial Analyst to support key initiatives. Responsibilities include: ensure reporting complies with GAAP standards; build financial models to support budgeting and forecasting; prepare monthly financial reporting and variance analysis. Requirements: experience with forecasting, budgeting, and variance analysis; understanding of GAAP and risk analysis principles. We value continuous learning and provide support for career development.",Mid level (3-5 years),Bachelor's Degree,"GBP 28,000-45,000",Part-time,[],0
100929,Product Manager,Pinecrest Energy,"Hyderabad, Telangana, India",We are looking for a motivated Product Manager to join our growing team. Responsibilities include: own the product roadmap and prioritize features based on user research; work with engineering and design teams in an Agile environment using Jira; communicate product strategy to stakeholders across the organization. Requirements: excellent stakeholder management and cross-functional leadership abilities; strong data analysis and prioritization skills. This role offers competitive benefits and a flexible work culture.,Mid level (3-5 years),Bachelor's Degree in Computer Science or related field,"EUR 55,000-90,000",Full-time,"['Jira', 'Agile']",2
100930,Backend Software Engineer,Cobalt Retail Group,"London, United Kingdom","Join us as a Backend Software Engineer and help drive our team's success. Responsibilities include: write clean, testable code and participate in code reviews using Git; set up CI/CD pipelines to automate testing and deployment; develop and maintain microservices deployed on Kubernetes. Requirements: experience working with AWS cloud services; solid experience with Java and Spring Boot. We offer a collaborative environment and opportunities for professional growth.",Senior (5-8 years),Master's Degree,"USD 45,000-75,000",Full-time,"['Java', 'AWS', 'Kubernetes', 'Git', 'CI/CD', 'Spring Boot']",6
100931,Human Resources Business Partner,Quartz Data Systems,Singapore,Join us as a Human Resources Business Partner and help drive our team's success. Responsibilities include: ensure labor law compliance across all HR processes; support performance management cycles and compensation planning; manage the employee onboarding process end to end. Requirements: working knowledge of HRIS systems and performance management processes; understanding of labor law compliance requirements. This is a great opportunity to make an impact in a fast-paced environment.,Entry level (0-1 years),Master's Degree in Business Administration (MBA),"USD 160,000-220,000",Full-time,[],0
100932,UX/UI Designer,Redwood Robotics,"Berlin, Germany",Join us as a UX/UI Designer and help drive our team's success. Responsibilities include: conduct user research and usability testing to inform design decisions; collaborate with product and engineering teams on interaction design; ensure designs meet accessibility standards. Requirements: strong portfolio demonstrating wireframing and prototyping skills; understanding of accessibility and visual design principles. We offer a collaborative environment and opportunities for professional growth.,Executive (12+ years),Bachelor's Degree,"USD 75,000-110,000",Full-time,[],0
100933,Frontend Developer,Vertex Financial Services,"Toronto, Canada","Join us as a Frontend Developer and help drive our team's success. Responsibilities include: translate Figma designs into pixel-perfect HTML and CSS; write unit tests with Jest to ensure code reliability; build responsive, accessible user interfaces using React and TypeScript. Requirements: experience collaborating with designers using tools like Figma; hands-on experience with React and modern frontend tooling. We offer a collaborative environment and opportunities for professional growth.",Entry level (0-1 years),High School Diploma,"INR 1,600,000-2,800,000",Contract,"['React', 'Figma']",2
100934,Digital Marketing Specialist,Orbital Systems,"Manchester, United Kingdom",We are seeking a talented Digital Marketing Specialist who is passionate about delivering results. Responsibilities include: run A/B tests to optimize conversion rates on landing pages; analyze campaign performance using Google Analytics; create engaging content for email marketing and social media channels. Requirements: hands-on experience running PPC advertising campaigns; proven experience with SEO and Google Analytics. We value continuous learning and provide support for career development.,Executive (12+ years),Master's Degree in Business Administration (MBA),"GBP 45,000-75,000",Temporary,[],0
100935,Customer Support Specialist,Amber Foods Co,"New York, NY, USA","We are seeking a talented Customer Support Specialist who is passionate about delivering results. Responsibilities include: build strong product knowledge to resolve issues efficiently; handle escalation management for high-priority customer concerns; respond to customer inquiries via email, live chat, and ticketing systems like Zendesk. Requirements: strong communication and conflict resolution skills; experience using CRM software to track customer interactions. This role offers competitive benefits and a flexible work culture.",Executive (12+ years),"Master's Degree in Data Science, Statistics, or related field","GBP 45,000-75,000",Contract,[],0
100936,Frontend Developer,Anchor Bank Corp,"Vancouver, Canada","Join us as a Frontend Developer and help drive our team's success. Responsibilities include: build responsive, accessible user interfaces using React and TypeScript; optimize bundle size and performance using Webpack; translate Figma designs into pixel-perfect HTML and CSS. Requirements: hands-on experience with React and modern frontend tooling; strong command of JavaScript, HTML, and CSS. We offer a collaborative environment and opportunities for professional growth.",Senior (5-8 years),Bachelor's Degree in Computer Science or related field,"USD 110,000-160,000",Full-time,"['JavaScript', 'React', 'Figma']",3
100937,Customer Support Specialist,Silverline Consulting,"Seattle, WA, USA","Our company is hiring an experienced Customer Support Specialist to support key initiatives. Responsibilities include: respond to customer inquiries via email, live chat, and ticketing systems like Zendesk; maintain accurate records in the CRM software; build strong product knowledge to resolve issues efficiently. Requirements: familiarity with ticketing systems such as Zendesk; experience using CRM software to track customer interactions. We offer a collaborative environment and opportunities for professional growth.",Lead (8-12 years),Diploma or equivalent professional certification,"EUR 35,000-55,000",Full-time,[],0
100938,DevOps Engineer,Skyline Software Labs,"Chicago, IL, USA","Join us as a DevOps Engineer and help drive our team's success. Responsibilities include: containerize applications using Docker and orchestrate them with Kubernetes; build and maintain CI/CD pipelines with Jenkins; manage cloud infrastructure on AWS using Terraform. Requirements: hands-on knowledge of Docker, Kubernetes, and Linux administration; strong experience with AWS and infrastructure-as-code tools like Terraform. This role offers competitive benefits and a flexible work culture.",Senior (5-8 years),Master's Degree in Business Administration (MBA),"INR 800,000-1,600,000",Contract,"['AWS', 'Kubernetes', 'Docker', 'CI/CD']",4
100939,Digital Marketing Specialist,Meridian Health Solutions,"Austin, TX, USA",We are seeking a talented Digital Marketing Specialist who is passionate about delivering results. Responsibilities include: run A/B tests to optimize conversion rates on landing pages; create engaging content for email marketing and social media channels; plan and execute SEO strategies to improve organic search rankings. Requirements: hands-on experience running PPC advertising campaigns; proven experience with SEO and Google Analytics. This role offers competitive benefits and a flexible work culture.,Junior (1-3 years),PhD or equivalent research experience,"INR 800,000-1,600,000",Full-time,[],0
100940,DevOps Engineer,Fernwood Digital,"Dubai, UAE","We are seeking a talented DevOps Engineer who is passionate about delivering results. Responsibilities include: manage cloud infrastructure on AWS using Terraform; set up monitoring and alerting to ensure system reliability; automate configuration management with Ansible. Requirements: familiarity with monitoring and logging tools; hands-on knowledge of Docker, Kubernetes, and Linux administration. This is a great opportunity to make an impact in a fast-paced environment.",Junior (1-3 years),Diploma or equivalent professional certification,"USD 45,000-75,000",Full-time,"['AWS', 'Kubernetes', 'Docker']",3
100941,Human Resources Business Partner,Harbor & Co,"Berlin, Germany",Join us as a Human Resources Business Partner and help drive our team's success. Responsibilities include: support performance management cycles and compensation planning; handle employee relations issues and conflict resolution; manage the employee onboarding process end to end. Requirements: strong stakeholder management and communication skills; understanding of labor law compliance requirements. We offer a collaborative environment and opportunities for professional growth.,Junior (1-3 years),PhD or equivalent research experience,"INR 1,600,000-2,800,000",Part-time,[],0
100942,Business Analyst,Solstice Pharma,"New York, NY, USA",Join us as a Business Analyst and help drive our team's success. Responsibilities include: work closely with Agile teams to translate requirements into user stories; build reports and dashboards in Power BI to support decision-making; analyze data using SQL and Excel to identify process improvements. Requirements: familiarity with Agile delivery and documentation practices; excellent stakeholder management and problem-solving skills. We offer a collaborative environment and opportunities for professional growth.,Executive (12+ years),Master's Degree in Business Administration (MBA),"USD 110,000-160,000",Internship,"['SQL', 'Power BI', 'Excel', 'Agile']",4
100943,Customer Support Specialist,Willowbrook Hospitality,"Manchester, United Kingdom","Join us as a Customer Support Specialist and help drive our team's success. Responsibilities include: maintain accurate records in the CRM software; build strong product knowledge to resolve issues efficiently; respond to customer inquiries via email, live chat, and ticketing systems like Zendesk. Requirements: familiarity with ticketing systems such as Zendesk; experience using CRM software to track customer interactions. We value continuous learning and provide support for career development.",Junior (1-3 years),High School Diploma,"INR 800,000-1,600,000",Full-time,[],0
100944,Frontend Developer,Nova Payments Inc,"Mumbai, Maharashtra, India","We are seeking a talented Frontend Developer who is passionate about delivering results. Responsibilities include: manage application state using Redux; build responsive, accessible user interfaces using React and TypeScript; translate Figma designs into pixel-perfect HTML and CSS. Requirements: familiarity with responsive design principles across devices; experience collaborating with designers using tools like Figma. We offer a collaborative environment and opportunities for professional growth.",Mid level (3-5 years),Master's Degree,"USD 45,000-75,000",Full-time,"['React', 'Figma']",2
100945,Business Analyst,Skyline Software Labs,"Bengaluru, Karnataka, India",We are looking for a motivated Business Analyst to join our growing team. Responsibilities include: create process maps to visualize current and future state workflows; work closely with Agile teams to translate requirements into user stories; build reports and dashboards in Power BI to support decision-making. Requirements: experience in requirements gathering and process mapping; familiarity with Agile delivery and documentation practices. We offer a collaborative environment and opportunities for professional growth.,Executive (12+ years),Diploma or equivalent professional certification,"INR 1,600,000-2,800,000",Full-time,"['Power BI', 'Agile']",2
100946,UX/UI Designer,Nova Payments Inc,"Vancouver, Canada",Our company is hiring an experienced UX/UI Designer to support key initiatives. Responsibilities include: collaborate with product and engineering teams on interaction design; conduct user research and usability testing to inform design decisions; ensure designs meet accessibility standards. Requirements: experience conducting user research and usability testing; strong portfolio demonstrating wireframing and prototyping skills. This role offers competitive benefits and a flexible work culture.,Executive (12+ years),Diploma or equivalent professional certification,"GBP 28,000-45,000",Temporary,[],0
100947,UX/UI Designer,Falconview Aerospace,"Delhi, India",We are looking for a motivated UX/UI Designer to join our growing team. Responsibilities include: conduct user research and usability testing to inform design decisions; collaborate with product and engineering teams on interaction design; build and maintain a consistent design system across products. Requirements: strong portfolio demonstrating wireframing and prototyping skills; proficiency in Figma or Adobe XD. We offer a collaborative environment and opportunities for professional growth.,Junior (1-3 years),Bachelor's Degree,"INR 1,600,000-2,800,000",Contract,['Figma'],1
100948,Customer Support Specialist,Skyline Software Labs,"New York, NY, USA",We are seeking a talented Customer Support Specialist who is passionate about delivering results. Responsibilities include: troubleshoot product issues and escalate complex cases when needed; maintain accurate records in the CRM software; build strong product knowledge to resolve issues efficiently. Requirements: prior experience in customer service or technical support; strong communication and conflict resolution skills. This is a great opportunity to make an impact in a fast-paced environment.,Executive (12+ years),High School Diploma,"INR 800,000-1,600,000",Full-time,[],0
100949,Financial Analyst,Solstice Pharma,Remote,Our company is hiring an experienced Financial Analyst to support key initiatives. Responsibilities include: use SQL to extract and analyze financial data from internal systems; build financial models to support budgeting and forecasting; create dashboards in Power BI to track key financial metrics. Requirements: understanding of GAAP and risk analysis principles; advanced Excel skills including financial modeling. We value continuous learning and provide support for career development.,Entry level (0-1 years),Master's Degree,"GBP 45,000-75,000",Full-time,"['SQL', 'Power BI', 'Excel']",3
100950,Business Analyst,Vertex Financial Services,"Berlin, Germany",We are seeking a talented Business Analyst who is passionate about delivering results. Responsibilities include: work closely with Agile teams to translate requirements into user stories; create process maps to visualize current and future state workflows; gather and document business requirements from stakeholders. Requirements: familiarity with Agile delivery and documentation practices; strong SQL and Excel skills for data analysis. We offer a collaborative environment and opportunities for professional growth.,Executive (12+ years),High School Diploma,"INR 400,000-800,000",Full-time,"['SQL', 'Excel', 'Agile']",3
100951,Business Analyst,Nova Payments Inc,"Toronto, Canada",Our company is hiring an experienced Business Analyst to support key initiatives. Responsibilities include: create process maps to visualize current and future state workflows; gather and document business requirements from stakeholders; build reports and dashboards in Power BI to support decision-making. Requirements: experience in requirements gathering and process mapping; excellent stakeholder management and problem-solving skills. We value continuous learning and provide support for career development.,Entry level (0-1 years),Bachelor's Degree in Computer Science or related field,"USD 75,000-110,000",Full-time,['Power BI'],1
100952,Product Manager,Fernwood Digital,"San Francisco, CA, USA",We are seeking a talented Product Manager who is passionate about delivering results. Responsibilities include: own the product roadmap and prioritize features based on user research; analyze product data to inform strategic decisions; run A/B tests to validate product hypotheses. Requirements: strong data analysis and prioritization skills; experience owning product strategy and roadmap planning. We value continuous learning and provide support for career development.,Executive (12+ years),Master's Degree,"USD 110,000-160,000",Full-time,[],0
100953,Frontend Developer,Pinecrest Energy,"Seattle, WA, USA",Our company is hiring an experienced Frontend Developer to support key initiatives. Responsibilities include: manage application state using Redux; optimize bundle size and performance using Webpack; write unit tests with Jest to ensure code reliability. Requirements: experience collaborating with designers using tools like Figma; hands-on experience with React and modern frontend tooling. We offer a collaborative environment and opportunities for professional growth.,Junior (1-3 years),Master's Degree in Business Administration (MBA),"USD 160,000-220,000",Full-time,"['React', 'Figma']",2
100954,Product Manager,Ironwood Manufacturing,Singapore,Our company is hiring an experienced Product Manager to support key initiatives. Responsibilities include: own the product roadmap and prioritize features based on user research; analyze product data to inform strategic decisions; communicate product strategy to stakeholders across the organization. Requirements: familiarity with Agile methodologies and tools like Jira; strong data analysis and prioritization skills. This is a great opportunity to make an impact in a fast-paced environment.,Executive (12+ years),Diploma or equivalent professional certification,"EUR 55,000-90,000",Full-time,"['Jira', 'Agile']",2
100955,Human Resources Business Partner,Crestview Realty,Remote,We are seeking a talented Human Resources Business Partner who is passionate about delivering results. Responsibilities include: partner with department leaders on talent acquisition and workforce planning; manage the employee onboarding process end to end; support performance management cycles and compensation planning. Requirements: working knowledge of HRIS systems and performance management processes; understanding of labor law compliance requirements. We value continuous learning and provide support for career development.,Junior (1-3 years),"Master's Degree in Data Science, Statistics, or related field","GBP 45,000-75,000",Contract,[],0
100956,Data Scientist,Nova Payments Inc,"Hyderabad, Telangana, India",Our company is hiring an experienced Data Scientist to support key initiatives. Responsibilities include: collaborate with engineering teams to productionize models using TensorFlow or PyTorch; design and evaluate A/B tests to measure product impact; analyze large datasets using Python and SQL to extract actionable insights. Requirements: experience with data visualization tools like Tableau or Power BI; familiarity with deep learning frameworks such as TensorFlow or PyTorch. We offer a collaborative environment and opportunities for professional growth.,Executive (12+ years),Bachelor's Degree in Computer Science or related field,"GBP 28,000-45,000",Full-time,"['Python', 'SQL', 'Power BI', 'Tableau', 'TensorFlow', 'PyTorch', 'Deep Learning']",7
100957,Human Resources Business Partner,Quartz Data Systems,"Hyderabad, Telangana, India",Join us as a Human Resources Business Partner and help drive our team's success. Responsibilities include: handle employee relations issues and conflict resolution; ensure labor law compliance across all HR processes; support performance management cycles and compensation planning. Requirements: experience in talent acquisition and employee relations; understanding of labor law compliance requirements. We value continuous learning and provide support for career development.,Entry level (0-1 years),Bachelor's Degree in Computer Science or related field,"INR 1,600,000-2,800,000",Full-time,[],0
100958,Digital Marketing Specialist,Meridian Health Solutions,"Toronto, Canada",Join us as a Digital Marketing Specialist and help drive our team's success. Responsibilities include: run A/B tests to optimize conversion rates on landing pages; create engaging content for email marketing and social media channels; analyze campaign performance using Google Analytics. Requirements: familiarity with marketing automation tools such as HubSpot; hands-on experience running PPC advertising campaigns. This role offers competitive benefits and a flexible work culture.,Entry level (0-1 years),Diploma or equivalent professional certification,"EUR 35,000-55,000",Full-time,[],0
100959,Digital Marketing Specialist,Falconview Aerospace,"Boston, MA, USA",We are looking for a motivated Digital Marketing Specialist to join our growing team. Responsibilities include: manage paid advertising campaigns across Google Ads and social media; plan and execute SEO strategies to improve organic search rankings; run A/B tests to optimize conversion rates on landing pages. Requirements: familiarity with marketing automation tools such as HubSpot; hands-on experience running PPC advertising campaigns. This is a great opportunity to make an impact in a fast-paced environment.,Senior (5-8 years),PhD or equivalent research experience,"INR 400,000-800,000",Full-time,[],0
100960,Business Analyst,Nimbus Analytics,"Delhi, India",Our company is hiring an experienced Business Analyst to support key initiatives. Responsibilities include: analyze data using SQL and Excel to identify process improvements; create process maps to visualize current and future state workflows; gather and document business requirements from stakeholders. Requirements: experience in requirements gathering and process mapping; strong SQL and Excel skills for data analysis. This role offers competitive benefits and a flexible work culture.,Mid level (3-5 years),Master's Degree,"EUR 35,000-55,000",Full-time,"['SQL', 'Excel']",2
100961,Human Resources Business Partner,Silverline Consulting,"London, United Kingdom",Our company is hiring an experienced Human Resources Business Partner to support key initiatives. Responsibilities include: handle employee relations issues and conflict resolution; ensure labor law compliance across all HR processes; partner with department leaders on talent acquisition and workforce planning. Requirements: working knowledge of HRIS systems and performance management processes; experience in talent acquisition and employee relations. This role offers competitive benefits and a flexible work culture.,Entry level (0-1 years),Bachelor's Degree in Computer Science or related field,"USD 160,000-220,000",Full-time,[],0
100962,Financial Analyst,Fernwood Digital,"San Francisco, CA, USA",Join us as a Financial Analyst and help drive our team's success. Responsibilities include: prepare monthly financial reporting and variance analysis; use SQL to extract and analyze financial data from internal systems; build financial models to support budgeting and forecasting. Requirements: understanding of GAAP and risk analysis principles; familiarity with SQL and Power BI for financial reporting. This is a great opportunity to make an impact in a fast-paced environment.,Lead (8-12 years),"Master's Degree in Data Science, Statistics, or related field","USD 45,000-75,000",Full-time,"['SQL', 'Power BI']",2
100963,UX/UI Designer,Vertex Financial Services,"Vancouver, Canada",Join us as a UX/UI Designer and help drive our team's success. Responsibilities include: create wireframes and interactive prototypes using Figma; build and maintain a consistent design system across products; conduct user research and usability testing to inform design decisions. Requirements: understanding of accessibility and visual design principles; proficiency in Figma or Adobe XD. We value continuous learning and provide support for career development.,Senior (5-8 years),Master's Degree,"USD 75,000-110,000",Full-time,['Figma'],1
100964,Supply Chain Coordinator,Falconview Aerospace,"Manchester, United Kingdom",Join us as a Supply Chain Coordinator and help drive our team's success. Responsibilities include: communicate with logistics partners to ensure timely deliveries; coordinate inventory management and shipment tracking across warehouses; identify opportunities for process improvement and cost analysis. Requirements: hands-on knowledge of SAP or similar ERP systems; experience in logistics coordination and inventory management. We value continuous learning and provide support for career development.,Lead (8-12 years),Bachelor's Degree,"INR 800,000-1,600,000",Full-time,['SAP'],1
100965,Human Resources Business Partner,Prism Media Group,"Berlin, Germany",Our company is hiring an experienced Human Resources Business Partner to support key initiatives. Responsibilities include: manage the employee onboarding process end to end; support performance management cycles and compensation planning; partner with department leaders on talent acquisition and workforce planning. Requirements: experience in talent acquisition and employee relations; understanding of labor law compliance requirements. We value continuous learning and provide support for career development.,Lead (8-12 years),PhD or equivalent research experience,"USD 75,000-110,000",Contract,[],0
100966,Financial Analyst,Fernwood Digital,"Seattle, WA, USA",We are seeking a talented Financial Analyst who is passionate about delivering results. Responsibilities include: use SQL to extract and analyze financial data from internal systems; create dashboards in Power BI to track key financial metrics; ensure reporting complies with GAAP standards. Requirements: understanding of GAAP and risk analysis principles; advanced Excel skills including financial modeling. We value continuous learning and provide support for career development.,Junior (1-3 years),PhD or equivalent research experience,"USD 110,000-160,000",Full-time,"['SQL', 'Power BI', 'Excel']",3
100967,Financial Analyst,Meridian Health Solutions,"Delhi, India",We are looking for a motivated Financial Analyst to join our growing team. Responsibilities include: use SQL to extract and analyze financial data from internal systems; build financial models to support budgeting and forecasting; ensure reporting complies with GAAP standards. Requirements: understanding of GAAP and risk analysis principles; advanced Excel skills including financial modeling. This role offers competitive benefits and a flexible work culture.,Lead (8-12 years),Bachelor's Degree,"GBP 28,000-45,000",Full-time,"['SQL', 'Excel']",2
100968,Human Resources Business Partner,Cobalt Retail Group,Singapore,Join us as a Human Resources Business Partner and help drive our team's success. Responsibilities include: support performance management cycles and compensation planning; ensure labor law compliance across all HR processes; partner with department leaders on talent acquisition and workforce planning. Requirements: strong stakeholder management and communication skills; working knowledge of HRIS systems and performance management processes. We value continuous learning and provide support for career development.,Executive (12+ years),Diploma or equivalent professional certification,"USD 45,000-75,000",Full-time,[],0
100969,UX/UI Designer,Crestview Realty,"Hyderabad, Telangana, India",We are seeking a talented UX/UI Designer who is passionate about delivering results. Responsibilities include: ensure designs meet accessibility standards; build and maintain a consistent design system across products; conduct user research and usability testing to inform design decisions. Requirements: proficiency in Figma or Adobe XD; understanding of accessibility and visual design principles. This is a great opportunity to make an impact in a fast-paced environment.,Senior (5-8 years),"Master's Degree in Data Science, Statistics, or related field","GBP 28,000-45,000",Full-time,['Figma'],1
100970,Supply Chain Coordinator,Fernwood Digital,"Chennai, Tamil Nadu, India",Join us as a Supply Chain Coordinator and help drive our team's success. Responsibilities include: identify opportunities for process improvement and cost analysis; coordinate inventory management and shipment tracking across warehouses; work with SAP to manage procurement and vendor management processes. Requirements: strong Excel skills for demand planning and cost analysis; experience in logistics coordination and inventory management. We offer a collaborative environment and opportunities for professional growth.,Executive (12+ years),Master's Degree in Business Administration (MBA),"USD 160,000-220,000",Full-time,"['Excel', 'SAP']",2
100971,Product Manager,Silverline Consulting,"Boston, MA, USA",Join us as a Product Manager and help drive our team's success. Responsibilities include: run A/B tests to validate product hypotheses; communicate product strategy to stakeholders across the organization; own the product roadmap and prioritize features based on user research. Requirements: strong data analysis and prioritization skills; experience owning product strategy and roadmap planning. We value continuous learning and provide support for career development.,Lead (8-12 years),"Master's Degree in Data Science, Statistics, or related field","INR 400,000-800,000",Full-time,[],0
100972,Human Resources Business Partner,Lumen Insurance,"Mumbai, Maharashtra, India",We are looking for a motivated Human Resources Business Partner to join our growing team. Responsibilities include: handle employee relations issues and conflict resolution; partner with department leaders on talent acquisition and workforce planning; ensure labor law compliance across all HR processes. Requirements: understanding of labor law compliance requirements; experience in talent acquisition and employee relations. This role offers competitive benefits and a flexible work culture.,Mid level (3-5 years),High School Diploma,"EUR 35,000-55,000",Full-time,[],0
100973,Backend Software Engineer,Zenith Marketing House,"Hyderabad, Telangana, India","We are seeking a talented Backend Software Engineer who is passionate about delivering results. Responsibilities include: write clean, testable code and participate in code reviews using Git; set up CI/CD pipelines to automate testing and deployment; optimize PostgreSQL queries for performance at scale. Requirements: practical knowledge of Docker and Kubernetes for containerized deployments; experience working with AWS cloud services. This is a great opportunity to make an impact in a fast-paced environment.",Junior (1-3 years),Diploma or equivalent professional certification,"INR 1,600,000-2,800,000",Full-time,"['SQL', 'AWS', 'Kubernetes', 'Docker', 'Git', 'CI/CD']",6
100974,Data Scientist,Fernwood Digital,"Seattle, WA, USA",We are looking for a motivated Data Scientist to join our growing team. Responsibilities include: design and evaluate A/B tests to measure product impact; create dashboards and visualizations to communicate findings to stakeholders; analyze large datasets using Python and SQL to extract actionable insights. Requirements: experience with data visualization tools like Tableau or Power BI; strong proficiency in Python and SQL. This role offers competitive benefits and a flexible work culture.,Junior (1-3 years),Bachelor's Degree,"INR 1,600,000-2,800,000",Full-time,"['Python', 'SQL', 'Power BI', 'Tableau']",4
100975,UX/UI Designer,Skyline Software Labs,"Sydney, Australia",Our company is hiring an experienced UX/UI Designer to support key initiatives. Responsibilities include: ensure designs meet accessibility standards; build and maintain a consistent design system across products; create wireframes and interactive prototypes using Figma. Requirements: proficiency in Figma or Adobe XD; experience conducting user research and usability testing. We offer a collaborative environment and opportunities for professional growth.,Entry level (0-1 years),PhD or equivalent research experience,"USD 75,000-110,000",Part-time,['Figma'],1
100976,Human Resources Business Partner,Pinecrest Energy,"Vancouver, Canada",We are seeking a talented Human Resources Business Partner who is passionate about delivering results. Responsibilities include: ensure labor law compliance across all HR processes; partner with department leaders on talent acquisition and workforce planning; handle employee relations issues and conflict resolution. Requirements: understanding of labor law compliance requirements; experience in talent acquisition and employee relations. We value continuous learning and provide support for career development.,Senior (5-8 years),Master's Degree in Business Administration (MBA),"USD 110,000-160,000",Full-time,[],0
100977,Digital Marketing Specialist,Nimbus Analytics,"Manchester, United Kingdom",We are seeking a talented Digital Marketing Specialist who is passionate about delivering results. Responsibilities include: create engaging content for email marketing and social media channels; analyze campaign performance using Google Analytics; plan and execute SEO strategies to improve organic search rankings. Requirements: hands-on experience running PPC advertising campaigns; proven experience with SEO and Google Analytics. We offer a collaborative environment and opportunities for professional growth.,Senior (5-8 years),Bachelor's Degree in Computer Science or related field,"INR 400,000-800,000",Full-time,[],0
100978,UX/UI Designer,Prism Media Group,"San Francisco, CA, USA",Join us as a UX/UI Designer and help drive our team's success. Responsibilities include: ensure designs meet accessibility standards; build and maintain a consistent design system across products; collaborate with product and engineering teams on interaction design. Requirements: understanding of accessibility and visual design principles; proficiency in Figma or Adobe XD. We offer a collaborative environment and opportunities for professional growth.,Mid level (3-5 years),Diploma or equivalent professional certification,"EUR 35,000-55,000",Full-time,['Figma'],1
100979,Human Resources Business Partner,Prism Media Group,"Seattle, WA, USA",Join us as a Human Resources Business Partner and help drive our team's success. Responsibilities include: manage the employee onboarding process end to end; ensure labor law compliance across all HR processes; handle employee relations issues and conflict resolution. Requirements: understanding of labor law compliance requirements; working knowledge of HRIS systems and performance management processes. This is a great opportunity to make an impact in a fast-paced environment.,Senior (5-8 years),Bachelor's Degree in Computer Science or related field,"GBP 28,000-45,000",Full-time,[],0
100980,Data Scientist,Amber Foods Co,Singapore,"We are seeking a talented Data Scientist who is passionate about delivering results. Responsibilities include: build and deploy machine learning models to solve business problems; analyze large datasets using Python and SQL to extract actionable insights; design and evaluate A/B tests to measure product impact. Requirements: familiarity with deep learning frameworks such as TensorFlow or PyTorch; hands-on experience with pandas, scikit-learn, and statistical modeling techniques. We value continuous learning and provide support for career development.",Executive (12+ years),Diploma or equivalent professional certification,"GBP 45,000-75,000",Internship,"['Python', 'SQL', 'TensorFlow', 'PyTorch', 'Pandas', 'Scikit-learn', 'Machine Learning', 'Deep Learning']",8
100981,Human Resources Business Partner,Silverline Consulting,Remote,We are seeking a talented Human Resources Business Partner who is passionate about delivering results. Responsibilities include: ensure labor law compliance across all HR processes; support performance management cycles and compensation planning; manage the employee onboarding process end to end. Requirements: experience in talent acquisition and employee relations; working knowledge of HRIS systems and performance management processes. This is a great opportunity to make an impact in a fast-paced environment.,Junior (1-3 years),Bachelor's Degree in Computer Science or related field,"EUR 35,000-55,000",Full-time,[],0
100982,DevOps Engineer,Cascade Cloud Inc,"Amsterdam, Netherlands",Join us as a DevOps Engineer and help drive our team's success. Responsibilities include: build and maintain CI/CD pipelines with Jenkins; set up monitoring and alerting to ensure system reliability; manage cloud infrastructure on AWS using Terraform. Requirements: experience building CI/CD pipelines and automation scripts in Python; strong experience with AWS and infrastructure-as-code tools like Terraform. This role offers competitive benefits and a flexible work culture.,Lead (8-12 years),Bachelor's Degree,"USD 75,000-110,000",Full-time,"['Python', 'AWS', 'CI/CD']",3
100983,UX/UI Designer,Cascade Cloud Inc,"Amsterdam, Netherlands",We are seeking a talented UX/UI Designer who is passionate about delivering results. Responsibilities include: build and maintain a consistent design system across products; ensure designs meet accessibility standards; collaborate with product and engineering teams on interaction design. Requirements: strong portfolio demonstrating wireframing and prototyping skills; experience conducting user research and usability testing. We value continuous learning and provide support for career development.,Junior (1-3 years),PhD or equivalent research experience,"EUR 35,000-55,000",Full-time,[],0
100984,Customer Support Specialist,Zenith Marketing House,"Amsterdam, Netherlands","We are seeking a talented Customer Support Specialist who is passionate about delivering results. Responsibilities include: build strong product knowledge to resolve issues efficiently; troubleshoot product issues and escalate complex cases when needed; respond to customer inquiries via email, live chat, and ticketing systems like Zendesk. Requirements: experience using CRM software to track customer interactions; familiarity with ticketing systems such as Zendesk. We offer a collaborative environment and opportunities for professional growth.",Senior (5-8 years),Diploma or equivalent professional certification,"GBP 28,000-45,000",Full-time,[],0
100985,Customer Support Specialist,Solstice Pharma,"Seattle, WA, USA",We are looking for a motivated Customer Support Specialist to join our growing team. Responsibilities include: build strong product knowledge to resolve issues efficiently; handle escalation management for high-priority customer concerns; troubleshoot product issues and escalate complex cases when needed. Requirements: experience using CRM software to track customer interactions; prior experience in customer service or technical support. We offer a collaborative environment and opportunities for professional growth.,Executive (12+ years),Bachelor's Degree in Computer Science or related field,"EUR 55,000-90,000",Part-time,[],0
100986,Business Analyst,Northgate Logistics,"Chennai, Tamil Nadu, India",Join us as a Business Analyst and help drive our team's success. Responsibilities include: gather and document business requirements from stakeholders; create process maps to visualize current and future state workflows; build reports and dashboards in Power BI to support decision-making. Requirements: strong SQL and Excel skills for data analysis; experience in requirements gathering and process mapping. This is a great opportunity to make an impact in a fast-paced environment.,Lead (8-12 years),Bachelor's Degree,"EUR 35,000-55,000",Full-time,"['SQL', 'Power BI', 'Excel']",3
100987,Supply Chain Coordinator,Fernwood Digital,"Boston, MA, USA",Our company is hiring an experienced Supply Chain Coordinator to support key initiatives. Responsibilities include: work with SAP to manage procurement and vendor management processes; identify opportunities for process improvement and cost analysis; communicate with logistics partners to ensure timely deliveries. Requirements: hands-on knowledge of SAP or similar ERP systems; experience in logistics coordination and inventory management. This is a great opportunity to make an impact in a fast-paced environment.,Lead (8-12 years),PhD or equivalent research experience,"GBP 45,000-75,000",Full-time,['SAP'],1
100988,UX/UI Designer,Nova Payments Inc,"New York, NY, USA",Our company is hiring an experienced UX/UI Designer to support key initiatives. Responsibilities include: ensure designs meet accessibility standards; collaborate with product and engineering teams on interaction design; create wireframes and interactive prototypes using Figma. Requirements: proficiency in Figma or Adobe XD; experience conducting user research and usability testing. This is a great opportunity to make an impact in a fast-paced environment.,Mid level (3-5 years),Bachelor's Degree,"USD 45,000-75,000",Full-time,['Figma'],1
100989,DevOps Engineer,Bramble Retailers,"Delhi, India",We are seeking a talented DevOps Engineer who is passionate about delivering results. Responsibilities include: build and maintain CI/CD pipelines with Jenkins; set up monitoring and alerting to ensure system reliability; automate configuration management with Ansible. Requirements: strong experience with AWS and infrastructure-as-code tools like Terraform; familiarity with monitoring and logging tools. We offer a collaborative environment and opportunities for professional growth.,Lead (8-12 years),Bachelor's Degree,"EUR 35,000-55,000",Temporary,"['AWS', 'CI/CD']",2
100990,Supply Chain Coordinator,Amber Foods Co,"Manchester, United Kingdom",Join us as a Supply Chain Coordinator and help drive our team's success. Responsibilities include: support demand planning to optimize stock levels; coordinate inventory management and shipment tracking across warehouses; communicate with logistics partners to ensure timely deliveries. Requirements: experience in logistics coordination and inventory management; hands-on knowledge of SAP or similar ERP systems. This is a great opportunity to make an impact in a fast-paced environment.,Senior (5-8 years),PhD or equivalent research experience,"USD 75,000-110,000",Contract,['SAP'],1
100991,UX/UI Designer,BluePeak Technologies,"Chicago, IL, USA",Join us as a UX/UI Designer and help drive our team's success. Responsibilities include: ensure designs meet accessibility standards; collaborate with product and engineering teams on interaction design; create wireframes and interactive prototypes using Figma. Requirements: strong portfolio demonstrating wireframing and prototyping skills; understanding of accessibility and visual design principles. This role offers competitive benefits and a flexible work culture.,Executive (12+ years),High School Diploma,"INR 800,000-1,600,000",Contract,['Figma'],1
100992,Digital Marketing Specialist,Riverside EdTech,Singapore,Join us as a Digital Marketing Specialist and help drive our team's success. Responsibilities include: analyze campaign performance using Google Analytics; manage paid advertising campaigns across Google Ads and social media; plan and execute SEO strategies to improve organic search rankings. Requirements: familiarity with marketing automation tools such as HubSpot; proven experience with SEO and Google Analytics. We value continuous learning and provide support for career development.,Entry level (0-1 years),Bachelor's Degree in Computer Science or related field,"INR 800,000-1,600,000",Part-time,[],0
100993,Backend Software Engineer,Prism Media Group,"Sydney, Australia","We are seeking a talented Backend Software Engineer who is passionate about delivering results. Responsibilities include: write clean, testable code and participate in code reviews using Git; optimize PostgreSQL queries for performance at scale; set up CI/CD pipelines to automate testing and deployment. Requirements: understanding of CI/CD pipelines and version control with Git; practical knowledge of Docker and Kubernetes for containerized deployments. This is a great opportunity to make an impact in a fast-paced environment.",Senior (5-8 years),Diploma or equivalent professional certification,"USD 160,000-220,000",Full-time,"['SQL', 'Kubernetes', 'Docker', 'Git', 'CI/CD']",5
100994,UX/UI Designer,Skyline Software Labs,Singapore,We are seeking a talented UX/UI Designer who is passionate about delivering results. Responsibilities include: conduct user research and usability testing to inform design decisions; create wireframes and interactive prototypes using Figma; collaborate with product and engineering teams on interaction design. Requirements: experience conducting user research and usability testing; understanding of accessibility and visual design principles. We value continuous learning and provide support for career development.,Entry level (0-1 years),Bachelor's Degree in Computer Science or related field,"USD 110,000-160,000",Full-time,['Figma'],1
100995,Digital Marketing Specialist,Quartz Data Systems,"Delhi, India",We are seeking a talented Digital Marketing Specialist who is passionate about delivering results. Responsibilities include: manage paid advertising campaigns across Google Ads and social media; run A/B tests to optimize conversion rates on landing pages; plan and execute SEO strategies to improve organic search rankings. Requirements: strong copywriting skills for content and email marketing; hands-on experience running PPC advertising campaigns. We value continuous learning and provide support for career development.,Mid level (3-5 years),Diploma or equivalent professional certification,"GBP 28,000-45,000",Full-time,[],0
100996,Supply Chain Coordinator,Northgate Logistics,"Mumbai, Maharashtra, India",We are looking for a motivated Supply Chain Coordinator to join our growing team. Responsibilities include: support demand planning to optimize stock levels; communicate with logistics partners to ensure timely deliveries; identify opportunities for process improvement and cost analysis. Requirements: experience with vendor management and procurement; hands-on knowledge of SAP or similar ERP systems. This role offers competitive benefits and a flexible work culture.,Lead (8-12 years),Master's Degree in Business Administration (MBA),"USD 110,000-160,000",Contract,['SAP'],1
100997,Human Resources Business Partner,Crestview Realty,"Chennai, Tamil Nadu, India",We are seeking a talented Human Resources Business Partner who is passionate about delivering results. Responsibilities include: support performance management cycles and compensation planning; ensure labor law compliance across all HR processes; handle employee relations issues and conflict resolution. Requirements: working knowledge of HRIS systems and performance management processes; strong stakeholder management and communication skills. This is a great opportunity to make an impact in a fast-paced environment.,Lead (8-12 years),"Master's Degree in Data Science, Statistics, or related field","GBP 45,000-75,000",Full-time,[],0
100998,Frontend Developer,Redwood Robotics,"London, United Kingdom","We are seeking a talented Frontend Developer who is passionate about delivering results. Responsibilities include: translate Figma designs into pixel-perfect HTML and CSS; optimize bundle size and performance using Webpack; build responsive, accessible user interfaces using React and TypeScript. Requirements: familiarity with responsive design principles across devices; experience collaborating with designers using tools like Figma. We offer a collaborative environment and opportunities for professional growth.",Entry level (0-1 years),"Master's Degree in Data Science, Statistics, or related field","USD 160,000-220,000",Full-time,"['React', 'Figma']",2
100999,Supply Chain Coordinator,Vertex Financial Services,"Boston, MA, USA",Our company is hiring an experienced Supply Chain Coordinator to support key initiatives. Responsibilities include: work with SAP to manage procurement and vendor management processes; support demand planning to optimize stock levels; identify opportunities for process improvement and cost analysis. Requirements: experience in logistics coordination and inventory management; hands-on knowledge of SAP or similar ERP systems. We offer a collaborative environment and opportunities for professional growth.,Lead (8-12 years),High School Diploma,"GBP 45,000-75,000",Full-time,['SAP'],1
101000,Human Resources Business Partner,Anchor Bank Corp,"Pune, Maharashtra, India",Join us as a Human Resources Business Partner and help drive our team's success. Responsibilities include: ensure labor law compliance across all HR processes; manage the employee onboarding process end to end; partner with department leaders on talent acquisition and workforce planning. Requirements: strong stakeholder management and communication skills; understanding of labor law compliance requirements. This role offers competitive benefits and a flexible work culture.,Lead (8-12 years),Bachelor's Degree,"USD 45,000-75,000",Full-time,[],0
